sigla;codcls_mat;codmat;consumo_medio;desvio_padrao
EAC;4;9525;-25.4;56.796126628494655
EAC;4;22508;-2.0714285714285716;19.98254733016283
EAC;4;90462;1510.4583333333333;781.1652377206685
EAC;4;90463;3.75;14.018315087582273
EAC;4;90581;0.0;
EAC;4;90638;14.363636363636363;63.34076055788995
EAC;4;90837;10.765217391304347;16.369861683639908
EAC;4;522508;36.875;55.56141333852039
EAC;4;590462;125.66666666666667;458.24786027790174
EAC;4;590638;-4.333333333333333;12.624616920166423
EAC;10;9548;1.275;1.2770174956556102
EAC;10;22537;-42.489999999999995;121.52821935665806
EAC;10;90008;953.4095;4700.216510517556
EAC;10;90255;1522.8575;2675.4100678721643
EAC;10;90256;3409.650416666667;3971.9306562354914
EAC;10;500091;2970.5725;2677.094617199205
EAC;10;509548;0.24571428571428572;1.1188278304930184
EAC;10;522537;-691.5395000000001;1864.2021287501468
EAC;10;590010;0.0;
EAC;10;590255;4621.312916666667;7153.735470133602
EAC;10;590256;424.25;812.2067075566416
EAC;10;691063;-336.70000000000005;2616.5622085062937
EAC;11;10;0.0;0.0
EAC;11;13;-49.83;70.47026181305132
EAC;11;3028;-5.0;
EAC;11;5561;87.5;476.31397208144125
EAC;11;9523;35.857142857142854;33.41870021125184
EAC;11;9564;-162.445;397.9073612664133
EAC;11;22509;-0.5740000000000002;7.257922567787562
EAC;11;90004;0.0;0.0
EAC;11;90258;187.78208333333336;474.3300248815867
EAC;11;90259;0.0;252.93209563042805
EAC;11;90260;-24.635;82.2141483565937
EAC;11;90262;6159.251666666667;7343.952025529263
EAC;11;90263;44.011052631578934;464.18925275862233
EAC;11;90264;696.3408695652174;2094.030480558557
EAC;11;90266;6448.668333333334;6839.381076318343
EAC;11;90267;857.11875;1578.3544788366098
EAC;11;90268;2695.5721739130436;4940.171391018328
EAC;11;90269;7.25;6.242996075603444
EAC;11;90271;0.0;
EAC;11;90272;737.721052631579;1684.13710598466
EAC;11;90274;894.8476470588236;1022.7256469572461
EAC;11;90282;10439.1875;4610.93015178278
EAC;11;90283;1985.9208333333333;1296.3398920167729
EAC;11;90284;257.0758333333333;342.93887011252895
EAC;11;90286;1304.2083333333333;888.9771836054142
EAC;11;90287;826.3191666666667;575.9320436129118
EAC;11;90288;3787.1395833333336;2922.1302267776578
EAC;11;90289;2403.429166666667;2879.63370749599
EAC;11;90290;1617.127083333333;1963.2908328564265
EAC;11;90291;0.7218749999999989;52.77858015252652
EAC;11;90292;89.0875;216.62311515625476
EAC;11;90293;0.5;0.7071067811865476
EAC;11;90296;16678.4775;9709.22926940505
EAC;11;90297;56683.338749999995;32492.105343960404
EAC;11;90391;177.54999999999998;171.98125552563545
EAC;11;90392;115.89;87.73632483556725
EAC;11;90560;727.5024999999999;922.9378319788533
EAC;11;90624;1.3333333333333333;1312.731408171527
EAC;11;91172;143.2076923076923;409.63685027419604
EAC;11;91204;-19.168888888888883;490.35334504690877
EAC;11;91207;134.13333333333333;433.91817310684394
EAC;11;522509;13.837083333333332;54.783587631076905
EAC;11;590262;219.3457142857143;2188.97324902926
EAC;11;590266;1255.54375;3081.3442430096648
EAC;11;590272;-567.661111111111;1813.1034454732383
EAC;11;590274;366.0686956521739;1338.78576067442
EAC;11;590287;183.33333333333334;300.3886371574886
EAC;11;590288;178.93375;486.2926783667961
EAC;11;590296;-1930.4504166666666;11218.32163164444
EAC;11;590297;446.43565217391296;1533.097142328757
EAC;11;590391;2.8991666666666664;11.828404985151362
EAC;11;590392;21.374583333333334;39.695611955410044
EAC;11;590560;2102.30875;3815.773547536722
EAC;11;591172;69.87142857142858;702.7930966243603
EAC;11;591204;0.0;
EAC;12;40;-11.25;31.81980515339464
EAC;12;48;23.977142857142855;60.8397259424075
EAC;12;422;0.0;0.0
EAC;12;9210;0.0;4.242640687119285
EAC;12;9507;-137.1;295.1648691833091
EAC;12;9508;0.0;0.0
EAC;12;22513;-30.0;114.89125293076057
EAC;12;22534;5.0;7.0710678118654755
EAC;12;22535;0.0;0.0
EAC;12;22536;0.0;0.0
EAC;12;91220;259.1818181818182;372.1101498701206
EAC;12;91462;169.875;330.15409912140524
EAC;12;92108;542.5;152.02795795510772
EAC;12;92113;1213.75;738.4936808576406
EAC;12;92115;-34.083333333333336;814.5924199291695
EAC;12;92117;161.66666666666666;422.9617792031175
EAC;12;92120;1736.8235294117646;1129.3629418445448
EAC;12;500040;-225.58333333333334;792.0246985974654
EAC;12;500048;20.8;34.20481989936252
EAC;12;522513;-241.25;860.2962623950596
EAC;12;522514;-13.071428571428571;122.94993620651788
EAC;12;522534;2479.4191666666666;1784.2705866493131
EAC;12;522535;2750.9583333333335;2257.7488972573246
EAC;12;522536;1361.0625;948.5728217157742
EAC;12;522539;-44.57142857142857;433.5431433466076
EAC;12;592117;85.0;248.91794402401538
EAC;12;592120;227.29166666666666;744.226267554996
EAC;15;185;11.9;20.343986280416573
EAC;15;3200;-5.25;10.781929326423912
EAC;15;3604;59.0;
EAC;15;3766;0.0;0.0
EAC;15;3792;-0.5;53.07292430343034
EAC;15;4829;-3.5;4.949747468305833
EAC;15;9511;14.333333333333334;32.61901286060018
EAC;15;9512;-7.5;23.717082451262844
EAC;15;9513;-366.0;520.430590953299
EAC;15;9515;-0.2222222222222222;0.6666666666666667
EAC;15;9519;-8.5;17.0
EAC;15;9524;2.0;1.6733200530681511
EAC;15;9535;0.0;0.0
EAC;15;9549;0.0;0.0
EAC;15;9552;13.363636363636363;49.35637697453033
EAC;15;9553;-1.0;9.981801622771494
EAC;15;9560;0.0;
EAC;15;9569;0.0;
EAC;15;22506;4.5;6.363961030678928
EAC;15;22507;1.5909090909090908;27.195341146721805
EAC;15;22528;1.7272727272727273;2.901410315377992
EAC;15;22546;0.0;
EAC;15;32901;0.6;23.613555429032704
EAC;15;32965;0.0;0.0
EAC;15;90113;0.0;
EAC;15;90114;0.0;
EAC;15;90333;0.0;
EAC;15;90334;0.0;
EAC;15;90335;0.0;
EAC;15;90336;0.0;
EAC;15;90337;-1.1;32.30221870604763
EAC;15;90338;0.0;
EAC;15;90339;0.0;
EAC;15;90340;566.0416666666666;330.8937146008048
EAC;15;90341;373.5416666666667;299.3314259081927
EAC;15;90342;209.54166666666666;188.94972397017625
EAC;15;90343;28.875;64.24160408685461
EAC;15;90344;35.08695652173913;88.13569756784564
EAC;15;90345;193.70833333333334;287.3205268422838
EAC;15;90346;122.375;238.46553164474045
EAC;15;90347;32.416666666666664;45.68694672933699
EAC;15;90348;17.916666666666668;58.36162874821888
EAC;15;90349;25.608695652173914;36.725937243359255
EAC;15;90352;37.625;119.40716332018744
EAC;15;90353;8916.75;3066.19451508671
EAC;15;90354;104.5;114.34235397718328
EAC;15;90355;214.58333333333334;318.40648298330404
EAC;15;90356;55.791666666666664;151.2955584757621
EAC;15;90357;216.20833333333334;132.93933862338562
EAC;15;90428;2.5;59.07980261411743
EAC;15;90429;-16.11764705882353;124.41406791081805
EAC;15;90431;9.5;21.230219551908128
EAC;15;90432;15.285714285714286;37.12645453546065
EAC;15;90433;4.7;8.781925883439364
EAC;15;90435;7.0;14.395215254459456
EAC;15;90436;16.25;28.790912918257153
EAC;15;90437;0.0;4.242640687119285
EAC;15;90438;15.0;24.470390270692455
EAC;15;90459;2.789473684210526;5.940248286696638
EAC;15;90460;395.75;269.40937816542
EAC;15;90461;325.5;468.2942218956685
EAC;15;90465;2.0;5.066228051190222
EAC;15;90466;8.05;28.69893634559339
EAC;15;90471;872.875;326.47275836817033
EAC;15;90472;360.7916666666667;347.05217990917464
EAC;15;90473;276.7083333333333;201.09623029927667
EAC;15;90474;59.416666666666664;45.4158722174898
EAC;15;90476;239.58333333333334;449.1249382353729
EAC;15;90477;125.95833333333333;282.7577668431849
EAC;15;90478;1.1428571428571428;4.525062483125562
EAC;15;90479;8.25;53.319586090568684
EAC;15;90480;-3.0;
EAC;15;90481;0.0;1.0
EAC;15;90482;0.0;
EAC;15;90483;13.333333333333334;23.115651263447745
EAC;15;90486;9.875;252.1482159883091
EAC;15;90487;75.75;246.76696452849743
EAC;15;90488;11.3;134.96475173365198
EAC;15;90490;1401.7083333333333;1166.0708263658128
EAC;15;90491;4.333333333333333;77.42579430130766
EAC;15;90492;522.75;468.70888805220073
EAC;15;90493;5410.541666666667;2068.1762808385524
EAC;15;90587;20.130434782608695;39.30568354440971
EAC;15;90588;20.304347826086957;43.87009209287296
EAC;15;90646;89.19047619047619;198.90817455489832
EAC;15;90787;20.045454545454547;29.233831139911906
EAC;15;90790;119.20833333333333;280.5334947322096
EAC;15;90791;1047.375;781.4846969210204
EAC;15;90792;19.08695652173913;33.40646785970734
EAC;15;90793;44.77777777777778;118.3181915194973
EAC;15;90794;49.82608695652174;209.80372909718025
EAC;15;90795;19.708333333333332;99.49370929061693
EAC;15;90796;23.157894736842106;56.14887270847696
EAC;15;90797;407.0;483.4603531247193
EAC;15;90798;90.70833333333333;210.34805094469473
EAC;15;90799;38.47826086956522;54.39156816775037
EAC;15;90820;10.666666666666666;46.376179230290205
EAC;15;90821;17.90909090909091;95.30248040089393
EAC;15;90823;188.875;228.97452155586902
EAC;15;90826;1.0;6.954396908692829
EAC;15;90828;0.0;20.0
EAC;15;90830;4.0;0.0
EAC;15;90887;3.6666666666666665;10.768118728560758
EAC;15;90888;8.263157894736842;30.448211232377215
EAC;15;90911;96.375;106.9891552813933
EAC;15;90924;1.0;
EAC;15;91213;1.875;7.120142454433659
EAC;15;91550;0.0;2.8284271247461903
EAC;15;91845;97.16666666666667;82.01996928991645
EAC;15;91847;685.25;341.0694497682509
EAC;15;91849;74.66666666666667;109.09781543795151
EAC;15;92012;33.0;24.814091368308905
EAC;15;92013;4.916666666666667;30.89412516477801
EAC;15;92172;148.76470588235293;135.10529662626328
EAC;15;92223;324.3333333333333;181.70397170489514
EAC;15;503792;-1.7916666666666667;31.04411890907165
EAC;15;509511;-3.0;3.4641016151377544
EAC;15;509512;-30.75;216.44610568607297
EAC;15;509513;0.0;0.0
EAC;15;509524;0.0;0.0
EAC;15;522506;-2.1666666666666665;6.2742861479746574
EAC;15;522507;83.5;307.3815077462335
EAC;15;522528;3.272727272727273;16.6223653642624
EAC;15;522545;0.2222222222222222;20.535200131589768
EAC;15;532862;0.0;0.0
EAC;15;590340;510.6666666666667;400.3103868214031
EAC;15;590342;-6.0;10.039920318408907
EAC;15;590346;0.0;0.0
EAC;15;590353;545.2916666666666;798.1711421126734
EAC;15;590355;-0.5;1.5811388300841898
EAC;15;590460;-1.9523809523809523;12.411592123801807
EAC;15;590461;70.33333333333333;115.81381860430191
EAC;15;590471;-1.8421052631578947;5.166808147468661
EAC;15;590472;-14.333333333333334;99.27453517057297
EAC;15;590473;0.0;
EAC;15;590474;31.304347826086957;281.83948281095434
EAC;15;590477;0.0;0.0
EAC;15;590487;0.0;
EAC;15;590490;123.08333333333333;395.46042693974107
EAC;15;590790;-1.3;9.189970378382922
EAC;15;590791;259.4166666666667;469.1879123564985
EAC;15;590797;483.5;441.6480006993568
EAC;15;592172;-1.0;6.1759903774906535
EAC;15;615892;208.33333333333334;317.562198632016
EAC;17;8642;3.3333333333333335;4.041451884327381
EAC;17;721102;3.0;1.4142135623730951
EAC;17;721103;2.0;
EAC;17;721104;4.0;2.8284271247461903
EAC;17;721106;1.0;
EAC;17;742910;2.5;1.0
EAC;17;753438;1.5714285714285714;0.7867957924694432
EAC;17;753440;1.0;
EAC;17;753442;3.0;
EAC;17;753444;1.0;
EAC;17;753450;3.5;3.271085446759225
EAC;17;753452;6.0;
EAC;17;753454;2.0;
EAC;17;763840;1.0;
EAC;17;763942;1.0;
EAC;17;764038;1.0;0.6324555320336759
EAC;17;764040;0.6666666666666666;0.5773502691896258
EAC;17;764042;1.3333333333333333;0.5773502691896258
EAC;17;764044;0.75;0.9574271077563381
EAC;17;764046;1.0;0.0
EAC;17;764048;1.0;0.0
EAC;17;764050;1.3333333333333333;1.1547005383792517
EAC;17;764134;1.0;0.0
EAC;17;764136;1.6;0.5477225575051662
EAC;17;764138;1.8333333333333333;1.1690451944500122
EAC;17;764140;1.25;0.9574271077563381
EAC;17;764142;2.0;1.0
EAC;17;764144;0.25;0.5
EAC;17;764146;1.0;0.0
EAC;17;764148;0.0;
EAC;17;764152;2.0;
EAC;17;765001;1.0;
EAC;17;765002;1.8;1.52127765851133
EAC;17;765003;1.625;0.7187952884282609
EAC;17;765004;1.8571428571428572;1.2149857925879117
EAC;17;765006;1.0;
EAC;17;765008;1.3333333333333333;0.5773502691896258
EAC;17;765102;2.5454545454545454;1.6949121725703877
EAC;17;765103;2.0;0.9258200997725514
EAC;17;765104;1.0;0.7071067811865476
EAC;17;765105;1.1428571428571428;2.1157009420498154
EAC;17;765108;1.0;0.0
EAC;17;778502;4.722222222222222;4.026464739775277
EAC;17;778503;4.421052631578948;2.8346230294870325
EAC;17;778504;2.8;5.181162460726786
EAC;17;778505;1.4285714285714286;2.0701966780270626
EAC;17;778506;1.0;
EAC;17;778510;2.1666666666666665;2.7141603981096374
EAC;17;778836;1.6666666666666667;0.816496580927726
EAC;17;778837;1.0;
EAC;17;778838;1.0;
EAC;17;778840;1.6666666666666667;0.5773502691896257
EAC;17;778842;2.5;2.1213203435596424
EAC;19;7277;200.34782608695653;190.68551184313262
EAC;19;9522;1.6;2.5099800796022267
EAC;19;9567;0.0;0.0
EAC;19;22510;990.0;1439.4950503562004
EAC;19;22511;0.0;10.73312629199899
EAC;19;22512;0.0;7.155417527999327
EAC;19;22533;0.0;40.82016308499654
EAC;19;22538;0.0;13.281566172707194
EAC;19;50596;17.555555555555557;39.595173667731
EAC;19;522510;4096.5;3631.679836492006
EAC;19;522511;271.2916666666667;234.9578091944366
EAC;19;522512;212.125;343.46385323387506
EAC;19;522529;0.75;1.5
EAC;19;522533;825.5833333333334;637.39244048577
EAC;19;522538;324.3333333333333;222.3592210554935
EAC;20;20178;0.0;16.97056274847714
EAC;25;359;135.0;63.63961030678928
EAC;25;360;72.14285714285714;91.18923286483
EAC;26;4265;-9.0;
EAC;26;9551;4.6;6.985699678629192
EAC;26;50794;0.0;0.0
EAC;26;50796;-15.0;
EAC;26;90414;39.958333333333336;53.71460749154754
EAC;26;90415;61.708333333333336;46.35353667541281
EAC;26;91235;231.0;159.0783236128614
EAC;26;91236;12.8;9.313584548542904
EAC;26;92007;9.0;7.646606321453597
EAC;26;92009;11.0;11.631852818876277
EAC;26;92010;12.647058823529411;10.313469205792178
EAC;26;522515;0.0;0.0
EAC;26;550796;0.5833333333333334;359.7669434831227
EAC;26;590414;-0.7777777777777778;6.664705593917467
EAC;26;591235;-7.1875;17.436432165631437
EAC;29;22505;0.0;4.0824829046386295
EAC;29;29660;1.0;
EAC;29;90130;0.0;
EAC;29;90168;3.0;
EAC;29;90238;0.0;0.0
EAC;29;90242;0.0;
EAC;29;90246;0.0;
EAC;29;91087;0.0;
EAC;29;91299;0.0;
EAC;29;522505;169.375;200.86720954293463
EAC;30;204;4.5;9.0
EAC;30;250;-107.33333333333333;83.38065323163002
EAC;30;1311;17.875;25.848114051125663
EAC;30;2954;66.0;93.33809511662427
EAC;30;2955;-8.5;33.582520963824535
EAC;30;2966;-73.83333333333333;122.00397775578998
EAC;30;3012;0.0;0.0
EAC;30;3013;0.0;
EAC;30;3014;0.0;
EAC;30;3015;0.0;
EAC;30;3016;0.0;
EAC;30;3017;0.0;
EAC;30;3643;0.0;
EAC;30;7227;1340.6666666666667;1409.0651532347986
EAC;30;7870;380.38461538461536;967.1623905754346
EAC;30;8094;2.6666666666666665;10.679792648478374
EAC;30;8442;57.333333333333336;78.66365752043795
EAC;30;9531;-4.5;14.35136016067949
EAC;30;9533;87.14285714285714;156.46770547669848
EAC;30;9557;-4.0;
EAC;30;9574;1.0;
EAC;30;10064;0.0;
EAC;30;10149;27.541666666666668;67.17205628032788
EAC;30;10250;23.375;420.95705159281306
EAC;30;22230;-4.75;12.68013068882629
EAC;30;22256;0.0;
EAC;30;22519;33.65217391304348;67.18333714928005
EAC;30;22547;-0.3333333333333333;0.5773502691896258
EAC;30;35813;36.0;
EAC;30;90180;0.0;
EAC;30;90213;1.5;4.810702354423639
EAC;30;90215;5.5;7.732665623642266
EAC;30;90216;5.142857142857143;9.177612512444151
EAC;30;90217;0.7777777777777778;2.289504327438469
EAC;30;90218;1.0;7.745966692414834
EAC;30;90219;2.210526315789474;12.295342150444258
EAC;30;90220;0.6;5.2345009313209605
EAC;30;90221;2.3684210526315788;11.20124262112512
EAC;30;90222;0.3333333333333333;4.850712500726659
EAC;30;90223;0.5294117647058824;2.400980191995124
EAC;30;90224;0.9090909090909091;3.505839284808859
EAC;30;90225;1.4375;2.707243370416976
EAC;30;90226;3.625;27.412588349150834
EAC;30;90227;1.8333333333333333;3.688639397672346
EAC;30;90228;-0.3333333333333333;3.5023801430836525
EAC;30;90230;1.0;2.8284271247461903
EAC;30;90231;2.9411764705882355;16.242192694627526
EAC;30;90235;1.2;2.280350850198276
EAC;30;90236;1.0;
EAC;30;90244;10.304347826086957;27.12166993820908
EAC;30;90245;0.0;
EAC;30;90247;4.5;12.068644245027835
EAC;30;90248;0.0;2.8284271247461903
EAC;30;90249;1.565217391304348;107.01691713630926
EAC;30;90250;0.7692307692307693;8.457283312366982
EAC;30;90251;512.0833333333334;470.9965306497045
EAC;30;90252;609.5;610.2296075355927
EAC;30;90280;218.25;242.2860777639955
EAC;30;90281;1.6;6.348228099241551
EAC;30;90360;86.73913043478261;86.12370457730309
EAC;30;90361;457.5833333333333;363.3170751581176
EAC;30;90362;238.83333333333334;217.824753387685
EAC;30;90363;2769.5;2589.7259045832566
EAC;30;90364;270.2916666666667;190.3958072169582
EAC;30;90365;371.7916666666667;496.25895932481154
EAC;30;90366;111.0;139.868882700285
EAC;30;90367;7.454545454545454;14.137849478573035
EAC;30;90368;19.45;49.045065205916806
EAC;30;90372;390.875;397.00512673285954
EAC;30;90373;86.70833333333333;296.2436540016206
EAC;30;90374;59.25;202.17711778666185
EAC;30;90375;81.625;159.37208650363382
EAC;30;90376;1296.625;1212.0242432824302
EAC;30;90377;126.16666666666667;157.65859280121072
EAC;30;90378;66.875;108.25545974784546
EAC;30;90379;66.375;66.2464519148335
EAC;30;90380;319.0416666666667;218.78865703979116
EAC;30;90382;38.541666666666664;45.03619719704378
EAC;30;90383;23.863636363636363;33.06313650685602
EAC;30;90384;13.842105263157896;41.0342176426438
EAC;30;90385;141.75;96.81382477036358
EAC;30;90387;195.95833333333334;697.4701788337038
EAC;30;90388;433.7826086956522;622.0029199377341
EAC;30;90389;5304.125;2788.1761112192885
EAC;30;90393;1417.7083333333333;808.4199016098258
EAC;30;90399;23.652173913043477;33.809101377711585
EAC;30;90409;299.625;408.3168859450048
EAC;30;90411;-0.21052631578947367;16.078207982540363
EAC;30;90416;10.458333333333334;17.949153223739426
EAC;30;90418;4.0;
EAC;30;90422;1.1;4.357624225296267
EAC;30;90423;0.4;1.51657508881031
EAC;30;90425;2.0;
EAC;30;90440;1700.3333333333333;1090.5467183608118
EAC;30;90442;24.125;76.525268158084
EAC;30;90443;24.210526315789473;41.22105576761094
EAC;30;90444;901.0833333333334;512.1245531811716
EAC;30;90446;1647.7916666666667;960.780886171183
EAC;30;90447;28.52173913043478;28.402736048130347
EAC;30;90448;1226.4166666666667;793.0800122289689
EAC;30;90514;41.69565217391305;74.6649697482687
EAC;30;90515;32.08695652173913;37.6972545943676
EAC;30;90517;259.5833333333333;337.0645553788675
EAC;30;90518;49.52173913043478;91.44191875681992
EAC;30;90521;6.0;7.810249675906654
EAC;30;90522;0.0;1.4142135623730951
EAC;30;90523;150.625;93.28861830013254
EAC;30;90524;136.29166666666666;131.80337106154911
EAC;30;90525;217.58333333333334;154.7533568271634
EAC;30;90528;6.857142857142857;21.66477872867935
EAC;30;90532;1.5;0.7071067811865476
EAC;30;90535;42.166666666666664;92.6755287181487
EAC;30;90536;1.5909090909090908;2.557139229483025
EAC;30;90542;64.20833333333333;87.54029093070164
EAC;30;90543;1.2857142857142858;11.116268644263172
EAC;30;90544;25.125;40.7605014476131
EAC;30;90620;10.571428571428571;14.01020036565196
EAC;30;90621;58.708333333333336;84.07836880820936
EAC;30;90622;39.458333333333336;92.06518445322203
EAC;30;90654;227.33333333333334;135.75799012970828
EAC;30;90656;11.666666666666666;15.705625319186328
EAC;30;90660;640.0833333333334;404.4782916372609
EAC;30;90801;9.421052631578947;7.683429424371531
EAC;30;90871;0.6666666666666666;1.1547005383792517
EAC;30;90879;-1.0;1.4142135623730951
EAC;30;90891;1.4545454545454546;2.0670576365276494
EAC;30;90893;0.0;
EAC;30;90901;1.0555555555555556;2.6892426710490165
EAC;30;90902;56.916666666666664;57.902404145226136
EAC;30;90903;5.375;9.859061159994988
EAC;30;90905;10.291666666666666;11.17636935163016
EAC;30;91119;-51.041666666666664;2300.9128713766336
EAC;30;92017;57.78947368421053;103.47333470103322
EAC;30;502955;-14.08695652173913;81.43369474803539
EAC;30;502966;-0.3333333333333333;0.5773502691896258
EAC;30;507870;-275.5263157894737;776.3160416294565
EAC;30;508094;-16.863636363636363;103.21004724741604
EAC;30;510149;55.333333333333336;180.48674928278436
EAC;30;522519;-200.0;173.20508075688772
EAC;30;590219;0.0;0.0
EAC;30;590247;-5.5625;98.46283139675941
EAC;30;590251;150.76923076923077;257.03474273793995
EAC;30;590252;96.08333333333333;196.28991793787569
EAC;30;590360;0.0;
EAC;30;590362;-0.25;0.621581560508061
EAC;30;590363;162.20833333333334;1101.7070540624736
EAC;30;590364;0.0;2.8284271247461903
EAC;30;590365;631.2083333333334;1052.1293927354996
EAC;30;590372;39.63636363636363;56.2623723767008
EAC;30;590375;0.2;13.170312936948113
EAC;30;590376;-0.2;0.6324555320336759
EAC;30;590377;-5.642857142857143;11.971807542062136
EAC;30;590378;32.23076923076923;50.3192372858099
EAC;30;590380;7.105263157894737;60.065607405423414
EAC;30;590387;-13.2;139.33935963272236
EAC;30;590388;-40.6;90.78435988649147
EAC;30;590389;1782.1666666666667;2162.513064382083
EAC;30;590393;712.5;908.5301076583754
EAC;30;590409;581.25;881.8417609210554
EAC;30;590440;62.541666666666664;447.92206029782596
EAC;30;590444;99.25;220.7408280266583
EAC;30;590446;197.75;358.8318305400116
EAC;30;590448;593.7916666666666;638.0966247648015
EAC;30;590514;212.33333333333334;444.8360388382166
EAC;30;590517;-57.666666666666664;326.15889254841085
EAC;30;590518;229.375;455.8615171585412
EAC;30;590523;-1.7777777777777777;2.9486343354923554
EAC;30;590524;0.0;0.0
EAC;30;590525;212.04166666666666;343.98059590959315
EAC;30;590528;-3.769230769230769;8.525978400882076
EAC;30;590535;0.0;0.0
EAC;30;590542;0.0;0.0
EAC;30;590622;-3.466666666666667;18.015337381031223
EAC;30;590654;111.25;113.42848733510658
EAC;31;7237;2.0;
EAC;31;9534;0.0;
EAC;31;35808;6.142857142857143;7.010196655077312
EAC;31;38031;6.375;4.65794252556089
EAC;33;38032;42.1;17.111984104714452
EAC;33;38568;5368.125;1998.5335248626677
EAC;33;38588;61.470588235294116;31.263232492535906
EAC;33;38645;32.13333333333333;21.771103609623292
EAC;33;38652;199.2;38.86386496477159
EAC;35;1631;0.6666666666666666;1.1547005383792517
EAC;35;3365;17.0;1.4142135623730951
EAC;35;3564;6.166666666666667;5.115336417740935
EAC;35;37788;0.0;
EAC;35;80002;3.0;2.412090756622109
EAC;35;80004;6.5;4.949747468305833
EAC;35;80010;2.0;
EAC;35;80120;4.25;2.050498830661811
EAC;35;80122;32.476190476190474;32.6475405622216
EAC;35;80130;2.0;
EAC;35;80195;3.0;1.4142135623730951
EAC;35;291473;2.0;2.8284271247461903
EAC;37;22516;1.0;13.291601358251256
EAC;37;37872;45.0;28.85827437668441
EAC;37;522516;67.45833333333333;138.29457506624627
EAC;37;537872;216.89473684210526;149.72452286962888
EAC;41;2943;0.0;0.0
EAC;41;3999;-4.875;15.615354165509208
EAC;41;7605;1.9230769230769231;1.4978617237881953
EAC;41;22532;30.083333333333332;94.30073588195792
EAC;41;30272;5.826086956521739;13.940301855063135
EAC;41;30273;51.92307692307692;187.30654977801387
EAC;41;90111;7.0;
EAC;41;90253;760.875;431.0380102779195
EAC;41;90254;-2.3333333333333335;29.804678166014643
EAC;41;90295;1309.5833333333333;983.9823662553355
EAC;41;90580;215.83333333333334;164.5506837914443
EAC;41;90894;17.263157894736842;98.67840138847403
EAC;41;522532;103.41666666666667;95.47360967789757
EAC;41;530272;-3.1;59.25172290040743
EAC;41;530273;-113.33333333333333;275.16661619220207
EAC;41;590253;281.9583333333333;258.8683531746635
EAC;41;590254;-11.266666666666667;37.93691505393558
EAC;41;590295;721.875;816.8896105775647
EAC;41;590580;-0.21739130434782608;15.018039218762368
EAC;41;590894;286.75;368.77886032971975
EAC;47;37682;-8.4;22.744230037528197
EAC;47;91050;1673.9583333333333;729.735239609227
EAC;47;91052;128.83333333333334;311.684855704223
EAC;47;91053;374.0416666666667;211.324905251866
EAC;47;591050;134.2173913043478;144.59408906620416
EAC;52;37750;1.0;
EAC;54;228;-4.0;
EAC;54;2990;0.0;1.4142135623730951
EAC;54;3661;-1.0;
EAC;54;4134;-1.0;
EAC;54;9532;2.75;4.0970372570571385
EAC;54;22523;-0.30434782608695654;23.636325630860295
EAC;54;22524;12.619047619047619;25.593898082308975
EAC;54;22525;-1.894736842105263;14.741832905948316
EAC;54;22526;0.0;0.0
EAC;54;22558;-5.0;18.788294228055936
EAC;54;22797;1.8888888888888888;3.5512126254437524
EAC;54;22798;1.6;3.1304951684997055
EAC;54;37674;-4.0;
EAC;54;90183;0.0;0.0
EAC;54;90186;1.5;1.0
EAC;54;90187;0.1111111111111111;1.7638342073763937
EAC;54;90189;-0.25;1.6931233465600393
EAC;54;90194;37.0;38.791527537539075
EAC;54;90195;21.791666666666668;18.58933580839029
EAC;54;90196;3.2916666666666665;6.082613616349233
EAC;54;90197;0.6666666666666666;1.505545305418162
EAC;54;90198;269.375;188.46607640772314
EAC;54;90199;122.75;77.4508259141412
EAC;54;90200;6.166666666666667;8.825194500463686
EAC;54;90201;0.6875;1.6620770138594663
EAC;54;90202;2.1052631578947367;2.2581884785549593
EAC;54;90203;43.75;31.645110893758307
EAC;54;90204;3.15;3.0826338704016356
EAC;54;90205;0.3333333333333333;1.2309149097933274
EAC;54;90206;6.125;10.410331406828508
EAC;54;90400;17.916666666666668;75.46155954985934
EAC;54;90401;0.0;
EAC;54;91640;-3.6;7.503332592921628
EAC;54;522087;0.0;1.0
EAC;54;522522;0.5;1.0
EAC;54;522523;-2.0;19.780373047410833
EAC;54;522524;-8.473684210526315;31.584750928700863
EAC;54;522526;46.0;99.83116181616448
EAC;54;590194;2.0;4.0
EAC;54;590198;179.66666666666666;221.63771195877032
EAC;54;590199;94.04166666666667;123.52731757957753
EAC;54;590200;1.7777777777777777;2.9059326290271157
EAC;54;590203;6.8125;10.199468940423646
EAC;54;590206;1.5;15.466091943344964
EAC;54;590571;114.0;209.62347196819346
EAC;54;590663;6.0;
EAC;56;5376;0.0;2.8284271247461903
EAC;56;90013;-2.0;4.795831523312719
EAC;56;90301;130.75;196.49211733276488
EAC;56;90302;284.5;273.893028944418
EAC;56;90303;-1.7083333333333333;42.68639857364879
EAC;56;90304;894.75;279.85108617760017
EAC;56;90305;165.20833333333334;86.65422499881312
EAC;56;90306;818.2916666666666;523.4608476839227
EAC;56;90307;-4.869565217391305;187.24080371830038
EAC;56;90308;49.166666666666664;82.79659028196053
EAC;56;90309;3.6666666666666665;6.145299494927236
EAC;56;90314;1.6;2.6076809620810595
EAC;56;90324;24.352941176470587;17.733940539508513
EAC;56;90557;95.16666666666667;115.22479604316256
EAC;56;90584;46.0;73.36087637029823
EAC;56;90683;850.1666666666666;706.5286028652108
EAC;56;90684;1.8235294117647058;13.314631491885379
EAC;56;90685;36.375;119.92635874460264
EAC;56;90686;2.176470588235294;7.994023502886758
EAC;56;90690;-4.3076923076923075;8.825952407385612
EAC;56;90691;0.0;22.627416997969522
EAC;56;90693;2.0;
EAC;56;90710;301.0;
EAC;56;90724;867.9583333333334;840.4578192952296
EAC;56;90725;1829.25;606.7862778248383
EAC;56;90726;90.0;103.18430113151904
EAC;56;90952;17.875;54.338719423367245
EAC;56;91248;427.7391304347826;514.3337453259583
EAC;56;590301;1003.2083333333334;1662.6890733718512
EAC;56;590302;0.0;0.0
EAC;56;590303;-37.041666666666664;323.7445959484067
EAC;56;590305;57.0;124.66755792907792
EAC;56;590306;78.30434782608695;172.28186069836747
EAC;56;590584;351.5416666666667;261.73567469070224
EAC;56;590683;51.25;503.63342863116486
EAC;56;590724;96.875;242.3666486777922
EAC;56;590725;46.06666666666667;80.040584943485
EAC;56;591248;101.08333333333333;355.2593561680361
EAC;58;9559;-17.0;33.33666650001666
EAC;58;90275;214.54166666666666;229.0513477968122
EAC;58;90276;7.0;9.386440388022221
EAC;58;90277;1000.0833333333334;675.8766234638741
EAC;58;90278;30.541666666666668;59.361808221804694
EAC;58;90279;216.7391304347826;251.84216149862678
EAC;58;509559;0.5;1.9148542155126762
EAC;58;590275;0.0;
EAC;58;590277;491.0833333333333;423.31804434333606
EAC;58;590278;-1.0666666666666667;11.925163470976983
EAC;58;590279;77.375;120.84046705578753
EAC;63;90298;51.791666666666664;74.95214656941
EAC;63;90299;16.541666666666668;63.49048485140641
EAC;63;90511;9.5;30.125823098984437
EAC;63;90512;1.6470588235294117;1.8688625039910052
EAC;63;90547;508.75;255.8806192433257
EAC;63;90548;84.0;42.12094387645507
EAC;63;90549;1.7727272727272727;4.597430112178285
EAC;63;90550;1.0;1.8257418583505538
EAC;63;90973;2.5714285714285716;1.222499691004253
EAC;63;90975;2.3333333333333335;7.825477316949762
EAC;63;590298;-14.285714285714286;140.84354710779178
EAC;63;590299;0.0;0.0
EAC;63;590547;4.625;90.73650935778159
EAC;63;590548;4.375;15.038537452014813
EAC;63;590549;-0.6666666666666666;1.1547005383792517
EAC;63;590550;0.0;
EAC;69;4266;6.75;1.5
EAC;69;4373;5.666666666666667;6.582805886043833
EAC;69;4374;2.625;4.937948291885339
EAC;69;6149;0.0;
EAC;69;9527;7.181818181818182;7.082629198513526
EAC;69;35832;5.125;4.155461122770509
EAC;69;35896;4.615384615384615;8.39184585911091
EAC;69;37601;23.333333333333332;17.030365038170302
EAC;69;37606;4.0;5.507570547286102
EAC;69;37747;35.375;22.43214405616462
EAC;69;37759;39.23529411764706;18.770087279248017
EAC;69;37760;47.05;32.68586528568097
EAC;69;37761;13.5;8.834905520465714
EAC;69;37768;4.714285714285714;5.851332774513448
EAC;69;37770;6.25;4.349329450233296
EAC;69;37798;4.5;0.7071067811865476
EAC;69;37843;2.0;
EAC;69;37849;6.5;2.6645825188948455
EAC;69;37852;5.5;8.504900548115382
EAC;69;37889;12.266666666666667;11.719743211878875
EAC;69;37905;38.875;22.89353905438787
EAC;69;37906;84.29166666666667;32.308942316689794
EAC;69;38042;1.5;0.5773502691896257
EAC;69;38043;2.75;1.707825127659933
EAC;69;38044;2.0;1.0
EAC;69;38045;14.38888888888889;51.430294218472945
EAC;69;38048;6.666666666666667;27.46079456416435
EAC;69;38050;5.818181818181818;14.393180203264196
EAC;69;38679;20.0;
EAC;69;38683;11.285714285714286;10.483547200483333
EAC;69;80016;11.333333333333334;11.74734012447073
EAC;69;80017;8.133333333333333;7.0898989179442236
EAC;69;80018;16.19047619047619;8.388200329147173
EAC;69;80025;4.666666666666667;4.725815626252609
EAC;69;80026;2.0;0.0
EAC;69;80027;3.2857142857142856;1.7043362064926932
EAC;69;80036;2.0;0.0
EAC;69;80046;3.3333333333333335;2.7838821814150108
EAC;69;80047;3.6875;2.4418230894149557
EAC;69;80048;5.777777777777778;5.24186266350107
EAC;69;80055;7.0;4.379705261980329
EAC;69;80059;21.041666666666668;12.698781751452165
EAC;69;421593;10.0;12.489995996796797
EAC;69;491478;2.6666666666666665;2.0816659994661326
EAC;69;491580;7.5;9.47804480540862
EAC;69;491603;3.789473684210526;3.2927352251825375
EAC;69;491604;16.0;20.825465180878915
EAC;69;491693;0.0;0.0
EAC;69;491694;2.4;1.3416407864998738
EAC;69;491695;3.5;2.1213203435596424
EAC;69;491704;70.625;69.14774554738365
EAC;69;491711;70.41666666666667;27.514291411629298
EAC;69;492010;0.0;0.0
EAC;69;492012;0.0;0.0
EAC;69;647393;9.545454545454545;8.790490729915327
EAC;70;371;508.0;531.5553697509895
EAC;70;9561;-56.7;264.45627657936615
EAC;70;22527;3.2666666666666666;21.425841095897884
EAC;70;22531;0.0;
EAC;70;22543;-6.666666666666667;16.32993161855452
EAC;70;37926;4854.125;2281.867033288464
EAC;70;37927;2957.25;3159.4533683782265
EAC;70;37928;2346.7083333333335;841.4400430300976
EAC;70;37929;4268.041666666667;1974.1115883874945
EAC;70;522527;-5.105263157894737;17.015988353578607
EAC;70;522531;-4.0;
EAC;70;537927;-0.5;1.9148542155126764
EAC;70;537928;265.2916666666667;258.0401854728069
EAC;71;90207;485.0833333333333;287.6323010020087
EAC;71;90210;470.5833333333333;324.3197451612363
EAC;71;90212;81.5;47.09841684775846
EAC;71;590207;161.83333333333334;143.2464178675476
EAC;71;590210;-9.583333333333334;171.64192167230684
EAC;71;590212;-2.0;23.00661530573515
EAC;75;8390;1.0;
EAC;75;90044;-2.0;
EAC;75;90045;1.0;
EAC;75;90046;1.0;
EAC;75;90048;8.652173913043478;8.082577759669666
EAC;75;90049;3.1052631578947367;2.078854835456431
EAC;75;90051;0.5;0.9258200997725514
EAC;75;90053;4.130434782608695;6.683115412781181
EAC;75;90054;18.041666666666668;25.357408945036106
EAC;75;90055;19.166666666666668;16.18014528517205
EAC;75;90063;-0.5;1.9148542155126762
EAC;75;90078;0.7333333333333333;1.162919151265879
EAC;75;90081;1.1111111111111112;1.1666666666666667
EAC;75;90082;1.6;1.8467610337532774
EAC;75;90083;0.6153846153846154;1.6602440351979153
EAC;75;90087;0.0;4.242640687119285
EAC;75;91007;8.173913043478262;4.238912531138183
EAC;75;91008;19.666666666666668;16.36716401735543
EAC;75;91014;7.833333333333333;7.516166151914711
EAC;75;91015;3.2916666666666665;3.2367343535363418
EAC;75;91026;4.904761904761905;10.30487633067356
EAC;75;91027;133.625;76.70089421847076
EAC;75;91028;33.125;15.051541882593897
EAC;75;91029;-0.375;6.571402691460426
EAC;75;91127;9.6;10.261578825892242
EAC;75;91129;4.5;1.7320508075688772
EAC;75;91130;4.0;2.0
EAC;75;91131;1.0;
EAC;75;91133;1.0;
EAC;75;91188;1.0;0.0
EAC;75;91616;83.14285714285714;62.71477383474214
EAC;75;91617;12.142857142857142;9.026416258748013
EAC;75;91618;5.166666666666667;3.8166302763912916
EAC;75;91631;7.0;4.242640687119285
EAC;75;91632;2.3333333333333335;1.8618986725025255
EAC;75;91633;1.0;0.0
EAC;75;591008;-0.5;5.816019855237922
EAC;75;591014;0.2222222222222222;1.9267636857314896
EAC;75;591026;0.3181818181818182;8.431157428515705
EAC;75;591027;5.916666666666667;49.33991828359552
EAC;75;591028;14.458333333333334;15.430007936729531
EAC;75;591029;0.9230769230769231;4.443375939934606
EAC;77;90497;284.125;120.07291715779459
EAC;77;90498;321.9583333333333;110.4707237104087
EAC;77;90499;179.58333333333334;78.18868853288662
EAC;77;90500;251.20833333333334;115.29356826839027
EAC;77;90501;151.66666666666666;74.52146855344652
EAC;77;90509;13.291666666666666;6.701584281649972
EAC;77;90510;18.083333333333332;30.206415481349058
EAC;77;90639;616.4166666666666;215.349042591156
EAC;77;90640;379.875;127.73556669933399
EAC;77;90641;407.75;127.11865391795588
EAC;77;90642;192.125;110.36434226451159
EAC;77;90643;178.04166666666666;61.39995692298918
EAC;77;90644;43.583333333333336;33.50005407739524
EAC;77;90645;48.083333333333336;59.93396124189463
EAC;77;91259;6.333333333333333;8.687155268939692
EAC;77;91261;2.6875;3.6280159867343476
EAC;77;91262;2.2222222222222223;3.1352935045186956
EAC;77;590497;14.041666666666666;151.3838998867698
EAC;77;590498;81.875;215.1578414539671
EAC;77;590499;34.541666666666664;30.521523648027497
EAC;77;590500;-0.3333333333333333;1.0
EAC;83;9510;-3.0;5.196152422706632
EAC;83;9516;0.0;105.5
EAC;83;9517;-12.0;
EAC;83;9518;-18.11764705882353;187.77875357483245
EAC;83;32668;119.6;289.144946350442
EAC;83;90394;210.95;226.14049545406615
EAC;83;90395;114.33333333333333;783.4234052439703
EAC;83;90396;0.0;
EAC;83;90397;17.428571428571427;18.49195449249162
EAC;83;90406;0.0;
EAC;83;90449;182.0;150.87397562780376
EAC;83;90450;30.416666666666668;39.53525302668567
EAC;83;90451;42.5;66.09216226636468
EAC;83;90458;24.583333333333332;76.31394918741731
EAC;83;90537;109.16666666666667;177.33330609131315
EAC;83;90538;127.08333333333333;224.91252728013225
EAC;83;90539;3.111111111111111;10.89087283513636
EAC;83;90540;4.3478260869565215;13.394736739929451
EAC;83;90567;262.75;463.9820320733945
EAC;83;90568;7.4;16.00937225502612
EAC;83;90586;288.3333333333333;178.42491214895503
EAC;83;90783;-1.0;5.0990195135927845
EAC;83;90802;69.875;61.071100758264436
EAC;83;90968;1.7222222222222223;7.706418681131261
EAC;83;90971;0.5;0.7071067811865476
EAC;83;91070;-0.6666666666666666;4.618802153517007
EAC;83;590458;-8.625;40.17874465111037
EAC;83;590567;0.0;16.822603841260722
EAC;83;590586;7.625;61.69547407824281
EAC;87;22552;0.0;
EAC;87;22553;1.0;
EAC;87;22554;4.0;9.899494936611665
EAC;87;80078;1.2;1.1352924243950933
EAC;87;80079;1.6;1.2421180068162376
EAC;87;80080;2.3333333333333335;3.0846639225613406
EAC;87;80081;2.7857142857142856;3.1176562061555506
EAC;87;80082;4.2272727272727275;5.789414134203565
EAC;87;80083;6.944444444444445;6.159375658029962
EAC;87;80084;6.545454545454546;8.016217328624533
EAC;87;80085;5.5;8.221632325471512
EAC;87;80086;3.235294117647059;2.90537028114976
EAC;87;80087;3.909090909090909;4.8673307973579405
EAC;87;80091;1.25;0.5
EAC;87;80092;2.2;1.3165611772087666
EAC;87;80093;3.6666666666666665;2.520504151250418
EAC;87;80094;10.590909090909092;6.9874655866541
EAC;87;80095;14.916666666666666;7.994110150695278
EAC;87;80096;17.782608695652176;6.901623799309383
EAC;87;80097;12.0;7.457817885886436
EAC;87;80098;6.421052631578948;4.220529054167976
EAC;87;80099;3.95;2.605156829302827
EAC;87;441563;0.5;2.1213203435596424
EAC;87;441604;0.0;0.0
EAC;87;441605;0.0;0.0
EAC;87;441609;3.5;9.192388155425117
EAC;88;4229;3.75;2.217355782608345
EAC;88;6914;0.0;2.8284271247461903
EAC;88;6915;1.0;
EAC;88;6917;0.5;1.7320508075688772
EAC;88;6918;1.5;0.7071067811865476
EAC;88;6919;0.0;2.8284271247461903
EAC;88;6920;1787.5;2526.4925291795344
EAC;88;6921;1.0;1.4142135623730951
EAC;88;6922;0.0;2.8284271247461903
EAC;88;37602;7.5;9.033271832508971
EAC;88;37729;102.5;202.33388248140747
EAC;88;37850;3.6;3.7815340802378077
EAC;88;80013;36.375;20.674863965695156
EAC;88;491607;25.863636363636363;15.971091308228052
EAC;89;80042;7.666666666666667;5.41602560309064
EAC;89;80053;4.0625;2.9769951293208394
EAC;95;8111;3.0;
EAC;95;22520;3.625;12.659694196261501
EAC;95;22521;-2.75;3.304037933599835
EAC;95;22542;-0.3333333333333333;0.5773502691896258
EAC;95;90404;540.625;309.8493059396847
EAC;95;90577;-0.6153846153846154;8.568726680381218
EAC;95;91020;1.5;2.1213203435596424
EAC;95;91021;11.391304347826088;11.150781181092945
EAC;95;91022;25.956521739130434;14.852236626391464
EAC;95;91024;1.3333333333333333;0.5773502691896257
EAC;95;92027;1.0;
EAC;95;92028;2.9166666666666665;4.231018216873469
EAC;95;522520;-0.5555555555555556;5.126185499743233
EAC;95;522521;-0.9;3.178049716414141
EAC;95;590404;-0.9333333333333333;21.68431515657167
EAC;95;590577;0.0;
EAC;95;591021;8.26086956521739;12.563357221062832
EAC;95;591022;4.6521739130434785;6.554725537920741
EAC;97;8619;0.6;105.37694244947515
EAC;97;8649;36.142857142857146;124.8622977787667
EAC;97;35804;0.0;256.67927458211346
EAC;97;91056;198.66666666666666;133.87394027239944
EAC;97;91057;210.29166666666666;104.37244312584606
EAC;97;91113;9.0;15.588457268119896
EAC;97;91117;64.23529411764706;66.54277704206963
EAC;97;508619;-1.1304347826086956;14.0625367808039
EAC;97;508649;5.190476190476191;16.53668360832681
EAC;97;591057;68.1875;54.644571246068594
EAC;97;591117;17.0;32.225060829338176
EAC;101;117979;0.0;0.0
EAC;102;90623;321.0833333333333;263.40560831681927
EAC;102;90633;1.0;0.0
EAC;102;91002;619.8260869565217;2850.7916707815793
EAC;102;91003;326.875;274.2295630687355
EAC;102;590623;19.043478260869566;39.04482070282069
EAC;102;591003;79.625;75.72422075330753
EAC;108;7875;16.0;
EAC;108;507875;63.041666666666664;65.67077251196945
EAC;108;538622;195.125;208.9612638328183
EAC;110;9509;-33.88666666666666;58.693428365817354
EAC;110;90257;-7.37;403.4954451622306
EAC;110;90835;1124.9158333333332;1392.8153083371844
EAC;110;590835;763.17;1215.0009217495162
EAC;116;3503;70.68181818181819;148.29070110641476
EAC;116;3703;117.68181818181819;294.527286530166
EAC;116;4469;10.588235294117647;25.61996004956246
EAC;116;4519;0.0;
EAC;116;10253;48.0;
EAC;116;38013;0.0;
EAC;116;92004;199.75;123.44850478370861
EAC;116;92326;101.33333333333333;262.68612449080746
EAC;116;92329;167.5625;98.56907476485715
EAC;116;500846;-4.055555555555555;32.399114407327325
EAC;117;37944;2.272727272727273;1.7939291563999449
EAC;117;37945;3.230769230769231;2.4884347876341253
EAC;117;37946;4.090909090909091;4.300105706945946
EAC;117;38540;2.0;1.4142135623730951
EAC;117;38563;8.333333333333334;9.886859966642595
EAC;117;38564;21.285714285714285;20.10567321026817
EAC;117;38565;12.875;13.81962889722958
EAC;117;38566;5.666666666666667;4.457203906785808
EAC;117;320527;84.33333333333333;33.82649677483571
EAC;117;710301;3.9473684210526314;2.0942695414584778
EAC;117;710302;44.5;19.971719135252012
EAC;117;710303;65.625;25.68676278959059
EAC;117;710304;39.541666666666664;23.065085918023307
EAC;117;710305;10.157894736842104;8.782957979928685
EAC;117;710306;2.3333333333333335;0.5773502691896257
EAC;117;710401;3.5294117647058822;2.6248249241335966
EAC;117;710402;50.958333333333336;21.878079493384256
EAC;117;710403;62.958333333333336;27.941677094272272
EAC;117;710404;41.625;22.996809797655963
EAC;117;710405;7.954545454545454;6.513555628564704
EAC;117;710406;2.5;1.2909944487358056
EAC;117;710408;1.0;
EAC;117;720903;1.125;0.8345229603962802
EAC;117;720904;1.4;1.140175425099138
EAC;117;720905;1.0;0.0
EAC;117;720906;2.0;
EAC;117;721036;2.5;0.7071067811865476
EAC;117;721038;1.3333333333333333;0.5773502691896257
EAC;117;721040;2.142857142857143;0.8644378215075665
EAC;117;721042;2.5;2.258317958127243
EAC;117;721044;2.2222222222222223;0.6666666666666666
EAC;117;721046;1.0833333333333333;0.90033663737852
EAC;117;721048;2.0;
EAC;117;721050;1.5;0.8366600265340756
EAC;117;721052;1.5;0.7071067811865476
EAC;117;729002;1.0;0.0
EAC;117;729003;1.5;0.7071067811865476
EAC;117;729004;1.0;
EAC;117;729601;7.333333333333333;4.618802153517007
EAC;117;739912;1.0;2.7080128015453204
EAC;117;778969;1.0;
EAC;122;3456;0.0;
EAC;122;3715;0.0;
EAC;122;3996;0.0;
EAC;122;37678;0.0;
EAC;122;50604;-4.666666666666667;3.5118845842842465
EAC;122;50960;0.0;
EAC;122;52818;0.0;
EAC;122;90839;7.5;11.210114480533493
EAC;122;90840;0.0;
EAC;122;90842;19.0;70.50354601011215
EAC;122;90843;30.352941176470587;35.27382382247243
EAC;122;90844;441.5;209.34078727613328
EAC;122;90845;22.75;19.400246524655078
EAC;122;90850;11.375;9.694438759265172
EAC;122;90853;10.333333333333334;17.03917055884274
EAC;122;90854;21.291666666666668;50.11680197877464
EAC;122;90856;5.095238095238095;5.10788372914617
EAC;122;90858;799.5833333333334;226.62397829054163
EAC;122;90859;0.0;
EAC;122;90865;3.3333333333333335;2.994945236510506
EAC;122;90895;1.0;0.6324555320336759
EAC;122;92416;14.88888888888889;22.833333333333332
EAC;122;507042;39.833333333333336;47.52451693752318
EAC;122;508152;25.681818181818183;41.25574864836168
EAC;122;550604;5.2727272727272725;19.5890684242922
EAC;122;550945;0.0;0.0
EAC;122;590843;0.0;0.0
EAC;122;590858;134.70833333333334;116.30001651151952
EAC;122;592416;-3.75;9.452890714334048
EAC;131;442;0.0;
EAC;131;1657;0.0;
EAC;131;1684;4.0;0.0
EAC;131;2399;0.0;
EAC;131;3302;5.0;
EAC;131;3646;6.428571428571429;5.611996569359739
EAC;131;3856;6.285714285714286;6.4990841845674865
EAC;131;4190;5.923076923076923;4.645096670352844
EAC;131;6703;5.0;
EAC;131;37793;2.5;0.7071067811865476
EAC;131;37805;5.75;3.304037933599835
EAC;131;37829;0.0;0.0
EAC;131;80000;13.0;4.242640687119285
EAC;131;80001;4.0;
EAC;131;80121;11.25;11.567194992737004
EAC;131;80124;4.0;3.4641016151377544
EAC;131;80126;12.0;10.152175464730043
EAC;131;80131;5.8;4.024922359499621
EAC;131;80132;43.333333333333336;11.547005383792516
EAC;131;80135;6.285714285714286;2.3603873774083297
EAC;131;80138;13.0;7.211102550927978
EAC;131;80144;10.0;
EAC;131;80150;14.333333333333334;10.633281086601006
EAC;131;80151;15.666666666666666;15.526321736543613
EAC;131;291450;8.071428571428571;7.529064562534525
EAC;131;491602;8.777777777777779;11.222642844637829
EAC;131;491608;12.75;7.966211540989195
EAC;147;292;87.375;57.230892007726034
EAC;147;3631;322.7916666666667;110.78690048394974
EAC;147;37864;0.6666666666666666;0.6513389472789296
EAC;147;37865;68.5;63.06518366979001
EAC;147;37866;17.208333333333332;9.385368662313496
EAC;147;42761;1.0;
EAC;147;42773;26.208333333333332;7.401405076162853
EAC;147;42774;13.333333333333334;8.265521192260662
EAC;147;42775;1.0;0.7071067811865476
EAC;147;42780;143.66666666666666;50.39467420676313
EAC;147;42816;44.375;22.684628965542895
EAC;147;42829;947.6666666666666;286.3077800681222
EAC;147;42839;1097.2083333333333;279.36916190443856
EAC;147;42840;9.333333333333334;5.895220368095311
EAC;147;522530;0.0;0.0
EAC;147;542829;95.83333333333333;60.365313007494244
EAC;147;542839;50.625;30.83590862727358
EAC;149;37957;20.17391304347826;28.347923082353034
EAC;163;22560;-1.0;
EAC;163;90551;35.083333333333336;24.01071620659457
EAC;163;90553;7.380952380952381;10.924633588712211
EAC;163;90554;20.166666666666668;33.10939268633557
EAC;163;590554;0.4166666666666667;3.287948609787881
EAC;174;8739;8.88888888888889;7.406828681096324
EAC;174;91509;3.0;
EAC;188;22551;3.0;2.0
EAC;188;37996;0.0;
EAC;188;522551;3.0;
EMR;4;90462;947.0833333333334;281.2642138115237
EMR;4;90463;14.8;20.873428084528904
EMR;4;90837;180.00208333333333;57.21276172469448
EMR;10;90008;820.0;961.6652224137047
EMR;10;90009;10.0;
EMR;10;90255;67.94333333333333;178.49497278501656
EMR;10;90256;11969.90875;6265.970866799919
EMR;11;13;1.16;
EMR;11;90258;455.25624999999997;230.08795283944752
EMR;11;90259;32.391363636363636;33.29178538682515
EMR;11;90260;53.04857142857143;98.45503549481718
EMR;11;90261;10.0;
EMR;11;90262;798.1416666666665;1752.0654584745714
EMR;11;90263;1904.1104166666667;2249.641827995078
EMR;11;90264;2105.6595454545454;1991.4311172967741
EMR;11;90265;-5.759166666666762;3636.790313808089
EMR;11;90266;10221.377916666666;4175.3439545221945
EMR;11;90267;3308.932083333333;3253.7034741713333
EMR;11;90268;1069.497619047619;1059.6849862666961
EMR;11;90269;1393.2704166666665;1638.8892191902657
EMR;11;90270;442.3863636363636;915.8399107079001
EMR;11;90271;756.0;1084.6787542862633
EMR;11;90272;20.0;11.952286093343936
EMR;11;90273;2973.43125;979.3774444993215
EMR;11;90274;15.6;27.49181696432595
EMR;11;90282;8889.541666666666;2637.387211339327
EMR;11;90283;1203.9125000000001;339.2484898207392
EMR;11;90284;372.4266666666667;173.99882604967962
EMR;11;90285;50.0;43.58898943540674
EMR;11;90286;4756.208333333333;1191.831399630387
EMR;11;90287;543.6875;295.82720472320966
EMR;11;90288;2011.3;584.4404614151304
EMR;11;90289;1697.1325;597.3601042139671
EMR;11;90290;2536.1545833333334;1436.878651004622
EMR;11;90296;512.5555555555555;1324.2850778137845
EMR;11;90297;127.5;155.31851823032295
EMR;11;90391;62.94583333333333;38.065885550629496
EMR;11;90392;24.040000000000003;22.3769638924381
EMR;11;90560;2375.6675;718.8465666985882
EMR;11;90624;6847.415;5925.447971341766
EMR;11;90625;747.4;1931.8223119117347
EMR;12;42;8.0;
EMR;12;2843;15.5;11.166915420114902
EMR;12;92110;1142.6041666666667;504.7813340440348
EMR;15;90114;5.0;
EMR;15;90115;5.0;
EMR;15;90333;250.04166666666666;83.80436803323127
EMR;15;90334;172.25;64.96704850387115
EMR;15;90335;124.20833333333333;67.15716748737647
EMR;15;90336;178.625;73.52066405765295
EMR;15;90337;306.2916666666667;147.81612525045423
EMR;15;90338;43.69565217391305;44.82839479880084
EMR;15;90339;19.157894736842106;38.563458751481214
EMR;15;90340;5.0;
EMR;15;90341;6.25;6.017830648521584
EMR;15;90342;23.875;21.767849818351046
EMR;15;90345;14.5;11.902380714238083
EMR;15;90352;471.7083333333333;150.3767671598551
EMR;15;90353;48.78260869565217;22.21374783518926
EMR;15;90354;9.5;8.848728722251575
EMR;15;90355;6695.958333333333;1777.9443303058354
EMR;15;90356;941.4166666666666;414.9878905165334
EMR;15;90357;138.0;62.30151090358537
EMR;15;90428;47.5;26.05846269949303
EMR;15;90429;25.375;18.042974063149295
EMR;15;90430;24.333333333333332;14.339567232165589
EMR;15;90431;10.714285714285714;23.893812707776167
EMR;15;90432;7.0;5.749141812387947
EMR;15;90433;3.727272727272727;1.7372915179041823
EMR;15;90434;107.54166666666667;76.79219795439292
EMR;15;90435;4.2631578947368425;3.2462303824446024
EMR;15;90436;7.529411764705882;4.691983150263111
EMR;15;90437;3.625;5.737304826019502
EMR;15;90438;6.25;5.44601605846796
EMR;15;90439;-5.0;
EMR;15;90459;566.7083333333334;171.34696027972436
EMR;15;90460;440.2916666666667;166.0399321186654
EMR;15;90461;155.83333333333334;51.55804383467213
EMR;15;90464;14.0;26.960009370605903
EMR;15;90465;63.958333333333336;63.027584828195366
EMR;15;90466;3.7857142857142856;4.1171044983761895
EMR;15;90467;242.45833333333334;154.59905482771615
EMR;15;90468;5.6521739130434785;7.940739006438849
EMR;15;90469;30.5;53.70531509604257
EMR;15;90470;1.8666666666666667;1.6846647257229668
EMR;15;90471;1682.875;392.5207623974093
EMR;15;90472;197.625;97.80317968512956
EMR;15;90473;805.875;274.8658664971287
EMR;15;90474;539.9583333333334;364.1278417601812
EMR;15;90475;7.083333333333333;10.326121628122918
EMR;15;90476;17.333333333333332;26.576932353703526
EMR;15;90477;45.30434782608695;178.01517677449678
EMR;15;90479;2758.0833333333335;592.5394807368399
EMR;15;90480;1656.7083333333333;433.12720083302247
EMR;15;90481;783.2916666666666;296.8499077877963
EMR;15;90482;93.20833333333333;62.46876030859548
EMR;15;90483;100.29166666666667;75.69186916684654
EMR;15;90484;47.166666666666664;53.13041106287571
EMR;15;90485;44.56521739130435;44.66728117879057
EMR;15;90489;33.59090909090909;34.92939693958043
EMR;15;90490;948.0;302.10090453644654
EMR;15;90491;600.75;177.62081008123184
EMR;15;90493;200.0;
EMR;15;90587;19.41176470588235;25.374837003243517
EMR;15;90588;14.444444444444445;12.234099992005095
EMR;15;90659;82.625;62.79203202408953
EMR;15;90794;87.0;8.48528137423857
EMR;15;90805;4.153846153846154;2.8532482613725785
EMR;15;90824;13.75;8.91814629468105
EMR;15;90825;2.6;2.4083189157584592
EMR;15;90826;679.7083333333334;196.86487954203884
EMR;15;90827;4.375;5.327601086167519
EMR;15;90828;5.0;4.83045891539648
EMR;15;90889;504.8333333333333;193.33225886757901
EMR;15;91663;290.0;
EMR;17;38597;2.1818181818181817;2.6388702816994174
EMR;17;38598;5.230769230769231;3.4436861586059724
EMR;17;38599;2.5454545454545454;1.0357254813546264
EMR;17;38600;2.0;1.1547005383792515
EMR;17;721102;0.5454545454545454;1.1281521496355325
EMR;17;721103;2.1333333333333333;8.219025547617003
EMR;17;721104;2.3;8.304089037145623
EMR;17;721105;2.2;6.635402883666631
EMR;17;721106;1.3333333333333333;2.5
EMR;17;742908;2.8;1.4832396974191326
EMR;17;742909;5.777777777777778;4.080881616910961
EMR;17;742910;3.210526315789474;2.370629249995805
EMR;17;742911;3.0625;1.8062391868188443
EMR;17;742912;2.2857142857142856;0.48795003647426655
EMR;17;753403;2.0;
EMR;17;753404;1.0;
EMR;17;753416;2.3333333333333335;1.1547005383792515
EMR;17;753417;2.4285714285714284;1.1338934190276817
EMR;17;753418;2.8;2.097617696340303
EMR;17;753419;1.8181818181818181;0.6030226891555273
EMR;17;753420;1.0;2.390457218668787
EMR;17;753421;1.5;0.7071067811865476
EMR;17;753422;3.0;0.7071067811865476
EMR;17;753436;0.6;0.8944271909999159
EMR;17;753440;0.5;1.6431676725154984
EMR;17;753442;1.0;1.0954451150103321
EMR;17;753444;1.25;0.5
EMR;17;753446;1.75;0.9574271077563381
EMR;17;753452;1.0;
EMR;17;764036;2.0;3.0
EMR;17;764038;1.5;1.0488088481701514
EMR;17;764040;2.0;1.0
EMR;17;764042;1.8333333333333333;2.316606713852541
EMR;17;764044;1.3333333333333333;0.5773502691896257
EMR;17;764048;0.0;1.4142135623730951
EMR;17;764136;1.0;2.6457513110645907
EMR;17;764138;1.0;0.0
EMR;17;764140;3.0;2.6457513110645907
EMR;17;764142;1.25;0.5
EMR;17;764144;0.6;0.894427190999916
EMR;17;764146;1.0;
EMR;17;764148;2.0;0.0
EMR;17;764150;0.0;1.4142135623730951
EMR;17;765001;2.2;1.0954451150103324
EMR;17;765002;2.0;0.7071067811865476
EMR;17;765003;4.5;2.0670576365276494
EMR;17;765004;3.8461538461538463;2.609155477868712
EMR;17;765005;3.5;2.3804761428476167
EMR;17;765006;1.0;1.4142135623730951
EMR;17;765008;2.0;
EMR;17;765101;1.25;0.5
EMR;17;765102;2.6363636363636362;1.12006493318265
EMR;17;765103;4.153846153846154;3.8480764425479266
EMR;17;765104;2.1;0.5676462121975467
EMR;17;765105;1.6666666666666667;0.5773502691896257
EMR;17;765106;1.5;2.1213203435596424
EMR;17;778403;3.0;
EMR;17;778502;1.1428571428571428;1.9518001458970664
EMR;17;778503;1.8181818181818181;2.0404990476930793
EMR;17;778504;2.25;0.957427107756338
EMR;17;778834;0.0;
EMR;17;778838;0.6666666666666666;0.5773502691896258
EMR;17;778840;2.0;
EMR;17;778844;2.0;
EMR;17;778845;1.0;
EMR;20;20178;-0.5;0.7071067811865476
EMR;20;22228;1.0;
EMR;25;892789;10.0;
EMR;25;892793;15.0;
EMR;25;892802;99.0;118.79393923933998
EMR;26;50794;-0.8333333333333334;1.602081978759722
EMR;26;50796;-1.0;1.7320508075688772
EMR;26;91235;354.5833333333333;134.22399081440295
EMR;26;91236;226.45833333333334;72.82556835203624
EMR;29;90136;0.0;
EMR;29;90137;25.0;7.0710678118654755
EMR;29;692071;40.0;
EMR;30;10064;12.0;
EMR;30;10105;1.6;1.816590212458495
EMR;30;10110;-2.0;
EMR;30;10114;181.70833333333334;142.15285073122698
EMR;30;10149;841.0833333333334;296.2172993020447
EMR;30;10205;-7.0;
EMR;30;10241;17.666666666666668;72.80338819954284
EMR;30;90213;1.0;
EMR;30;90214;3.2857142857142856;3.9641248358604595
EMR;30;90215;4.153846153846154;4.200122098347338
EMR;30;90216;13.0;6.47402838102065
EMR;30;90217;18.083333333333332;11.579279344800675
EMR;30;90218;71.29166666666667;39.927629277358115
EMR;30;90219;116.16666666666667;61.74468233865528
EMR;30;90220;44.041666666666664;25.09716624687314
EMR;30;90221;37.041666666666664;22.660978079867423
EMR;30;90222;35.541666666666664;27.00077159391314
EMR;30;90223;49.25;37.43429025581388
EMR;30;90224;51.083333333333336;30.62098835008811
EMR;30;90225;40.416666666666664;25.476189508716917
EMR;30;90226;8.478260869565217;7.6149945694327394
EMR;30;90227;8.666666666666666;9.698348880840118
EMR;30;90228;4.6875;7.87162626145322
EMR;30;90229;161.20833333333334;64.89789918664994
EMR;30;90230;0.0;
EMR;30;90231;3.7142857142857144;4.088310863215481
EMR;30;90232;2.5833333333333335;1.8319554050414562
EMR;30;90233;3.6;2.6076809620810595
EMR;30;90234;3.0;2.96273147243853
EMR;30;90235;3.6923076923076925;5.864932727443333
EMR;30;90236;3.823529411764706;5.6594533097027915
EMR;30;90247;8.285714285714286;11.963038314503793
EMR;30;90248;6.0;
EMR;30;90249;182.125;120.83704891838573
EMR;30;90250;0.42857142857142855;1.1578684470436789
EMR;30;90251;395.5833333333333;194.53107869877795
EMR;30;90252;131.0;61.20315422391662
EMR;30;90280;356.2916666666667;207.16292247715413
EMR;30;90281;31.210526315789473;40.61551283734992
EMR;30;90360;10.583333333333334;14.074208089030563
EMR;30;90361;40.166666666666664;47.43192889592283
EMR;30;90362;8.75;12.091909928306848
EMR;30;90363;83.30434782608695;64.67431328138686
EMR;30;90364;3.75;4.193248541803041
EMR;30;90365;16.210526315789473;27.883844281766898
EMR;30;90366;4.166666666666667;6.911343333004567
EMR;30;90367;30.272727272727273;44.77296262051666
EMR;30;90368;5.571428571428571;8.753230696094306
EMR;30;90371;23.5;43.14896677017114
EMR;30;90372;1113.1666666666667;402.3094922273546
EMR;30;90373;1306.375;586.7233117622116
EMR;30;90374;257.2916666666667;116.43751045337456
EMR;30;90375;411.5416666666667;157.54833051884543
EMR;30;90376;1378.25;674.4145448171099
EMR;30;90377;1065.2916666666667;332.95834432849256
EMR;30;90378;731.5833333333334;250.75848707587087
EMR;30;90379;491.0833333333333;159.99807516958143
EMR;30;90380;257.9583333333333;126.94315029097515
EMR;30;90381;15.285714285714286;16.01784718903975
EMR;30;90382;160.29166666666666;81.81021471603688
EMR;30;90383;15.347826086956522;10.151617406520964
EMR;30;90384;11.692307692307692;13.375254610564836
EMR;30;90385;21.5;19.539337611232227
EMR;30;90386;13.8;27.046462081224433
EMR;30;90387;1643.0;616.7762613150243
EMR;30;90388;819.25;360.0501474734487
EMR;30;90389;4606.375;1707.4274779302648
EMR;30;90393;265.2916666666667;77.72218035310499
EMR;30;90399;4.826086956521739;14.484010537997483
EMR;30;90403;1.0;1.7320508075688772
EMR;30;90409;1203.5;496.6555100390752
EMR;30;90411;147.20833333333334;76.29347180840384
EMR;30;90416;26.458333333333332;18.91164620858905
EMR;30;90422;0.0;
EMR;30;90423;3.2;2.8834503141697647
EMR;30;90424;0.0;
EMR;30;90425;51.791666666666664;21.607122752073874
EMR;30;90426;1.7777777777777777;1.3944333775567928
EMR;30;90427;1.1666666666666667;1.80067327475704
EMR;30;90440;1188.7083333333333;461.84266840810494
EMR;30;90441;1.0;1.0
EMR;30;90442;96.125;42.198611660657235
EMR;30;90443;2.0;1.0
EMR;30;90444;744.25;339.33980020033016
EMR;30;90445;3.0;3.4253953543107007
EMR;30;90446;25.65;26.340433197892395
EMR;30;90448;886.1666666666666;390.11521895200525
EMR;30;90513;6.777777777777778;18.46317656550164
EMR;30;90514;98.65217391304348;142.21961528682328
EMR;30;90517;296.9166666666667;183.34806923650333
EMR;30;90518;288.125;180.10777268793453
EMR;30;90519;5.9411764705882355;4.643148019330394
EMR;30;90521;91.08333333333333;41.31524265162095
EMR;30;90522;131.33333333333334;49.88043675645285
EMR;30;90523;7.809523809523809;5.510163769063925
EMR;30;90524;113.0;52.822919926535846
EMR;30;90525;9.695652173913043;8.662535754136869
EMR;30;90530;1.8571428571428572;1.5735915849388862
EMR;30;90532;5.3125;3.9279977936178456
EMR;30;90533;5.052631578947368;4.870246220224809
EMR;30;90534;7.277777777777778;8.580453543172174
EMR;30;90535;820.9166666666666;331.6538159334043
EMR;30;90536;76.16666666666667;54.819598738016154
EMR;30;90542;73.45833333333333;62.20581488733269
EMR;30;90543;5.470588235294118;8.718641286482255
EMR;30;90544;84.58333333333333;65.96238497722818
EMR;30;90620;17.45;21.154755593259083
EMR;30;90654;0.6666666666666666;0.5773502691896258
EMR;30;90801;12.714285714285714;15.89249598305529
EMR;30;90833;6.111111111111111;7.096556285347924
EMR;30;91293;58.333333333333336;59.0705792534095
EMR;30;92017;3.857142857142857;1.8337495365063796
EMR;31;392141;16.869565217391305;8.874398047837524
EMR;33;38568;5985.625;2805.9855714479204
EMR;33;38588;195.45833333333334;97.60255661595662
EMR;33;38645;80.15789473684211;37.56219014720748
EMR;35;80005;5.368421052631579;3.1834734055708096
EMR;35;80010;10.0;0.0
EMR;35;80122;50.0;63.63961030678928
EMR;35;80195;5.375;3.810074364978545
EMR;37;30289;3.0;
EMR;37;30290;3.0;
EMR;37;32821;4.0;
EMR;37;32826;1.0;
EMR;37;32827;18.0;
EMR;37;32937;15.0;
EMR;39;474;1.6666666666666667;1.1547005383792517
EMR;39;475;1.4285714285714286;0.5345224838248488
EMR;39;476;1.8333333333333333;1.6020819787597222
EMR;39;477;1.25;0.5
EMR;39;2280;1.5;0.7071067811865476
EMR;39;3187;1.5;0.7071067811865476
EMR;39;4269;1.5;0.7071067811865476
EMR;39;4310;1.5;0.7071067811865476
EMR;39;30301;1.75;0.5
EMR;39;36589;4.0;
EMR;39;37746;1.7857142857142858;1.847183778644646
EMR;39;37891;2.0;
EMR;39;38642;2.6666666666666665;2.0816659994661326
EMR;39;38650;10.0;
EMR;39;892925;2.2;0.4472135954999579
EMR;39;892926;2.0;1.4142135623730951
EMR;39;892939;1.0;
EMR;39;892940;1.1666666666666667;0.408248290463863
EMR;39;892941;1.3333333333333333;0.5773502691896257
EMR;39;892943;0.3333333333333333;2.0816659994661326
EMR;39;892944;1.0;0.0
EMR;39;892945;1.0;
EMR;41;30272;-0.2857142857142857;5.6484300389366515
EMR;41;90253;476.5833333333333;197.93255695172857
EMR;41;90254;35.208333333333336;21.74552261094657
EMR;41;90295;269.2916666666667;81.86068715475872
EMR;45;301478;1.0;
EMR;45;301488;2.9375;1.388944443333378
EMR;45;301491;1.0;
EMR;45;991980;0.0;
EMR;47;90637;1.0;
EMR;47;91050;224.16666666666666;211.05772271783988
EMR;47;91051;16.5;10.606601717798213
EMR;47;91052;153.0;
EMR;52;37750;10.428571428571429;3.909694909544003
EMR;54;22782;1.0;
EMR;54;90183;1.2;0.4472135954999579
EMR;54;90184;1.1428571428571428;2.0701966780270626
EMR;54;90185;0.42857142857142855;0.9759000729485333
EMR;54;90186;17.291666666666668;14.745608533203798
EMR;54;90187;9.875;9.161889400735218
EMR;54;90188;0.7333333333333333;1.486446705914413
EMR;54;90189;42.333333333333336;24.59350686075788
EMR;54;90190;1.0;1.0
EMR;54;90191;1.5454545454545454;2.5441555126853532
EMR;54;90192;1.0;0.0
EMR;54;90193;16.291666666666668;11.998112774304444
EMR;54;90194;34.291666666666664;17.50646878371999
EMR;54;90195;2.3043478260869565;1.8934044040178395
EMR;54;90196;2.1666666666666665;3.970726214015097
EMR;54;90198;219.45833333333334;127.03473649109648
EMR;54;90199;62.625;58.89401866728581
EMR;54;90200;0.9230769230769231;0.9540735874430285
EMR;54;90201;1.0;0.0
EMR;54;90202;7.916666666666667;8.43861036708866
EMR;54;90203;15.125;8.06124653215456
EMR;54;90204;0.6666666666666666;1.5275252316519468
EMR;54;90206;1.0833333333333333;2.678477631835372
EMR;55;20179;1.25;2.8722813232690143
EMR;56;90012;25.2;24.0249869927124
EMR;56;90013;35.208333333333336;69.20541519818823
EMR;56;90301;4.357142857142857;4.162232072359232
EMR;56;90302;860.9166666666666;459.78557541784494
EMR;56;90303;352.25;164.52890587846628
EMR;56;90304;1554.9583333333333;436.7826520649916
EMR;56;90305;130.75;79.28279050062011
EMR;56;90306;479.5;181.49308287214362
EMR;56;90307;469.25;232.24935063324764
EMR;56;90308;163.54166666666666;111.53357036713466
EMR;56;90309;3.8181818181818183;23.907397105574592
EMR;56;90310;19.5;49.24530434467839
EMR;56;90313;6.25;4.5591352563522705
EMR;56;90314;16.666666666666668;32.567877834864625
EMR;56;90315;5.266666666666667;3.2834360631741224
EMR;56;90316;5.25;4.573474244670748
EMR;56;90557;20.65;21.208923146935856
EMR;56;90584;479.7916666666667;253.11811629573543
EMR;56;90683;801.7916666666666;206.49496870734944
EMR;56;90684;6.666666666666667;29.870833042730272
EMR;56;90685;13.791666666666666;13.689028188794968
EMR;56;90686;1.0;2.0
EMR;56;90725;233.66666666666666;337.7074670973879
EMR;58;90275;97.54166666666667;40.55268089209679
EMR;58;90276;13.352941176470589;31.228875212835053
EMR;58;90277;1089.0;437.4746700741904
EMR;58;90278;89.16666666666667;52.754284117535164
EMR;58;90279;4.0;5.0990195135927845
EMR;58;90649;428.9166666666667;285.9382597796194
EMR;58;90650;42.05882352941177;41.62401738815478
EMR;63;90298;85.70833333333333;46.22109359106103
EMR;63;90299;8.476190476190476;9.086358168259974
EMR;63;90511;5.444444444444445;6.482883446258909
EMR;63;90512;2.1666666666666665;0.983192080250175
EMR;63;90547;280.0416666666667;86.00984734656672
EMR;63;90549;3.5714285714285716;3.5996031527298755
EMR;63;90550;2.1666666666666665;1.3291601358251257
EMR;63;90561;24.291666666666668;18.56241917954396
EMR;69;35737;2.5555555555555554;1.6666666666666667
EMR;69;35832;1.4;0.5477225575051661
EMR;69;35839;3.0833333333333335;2.429303429280737
EMR;69;35840;1.0;
EMR;69;35841;1.7142857142857142;1.0690449676496976
EMR;69;35842;6.25;4.68901291374455
EMR;69;35843;4.238095238095238;3.300072149283435
EMR;69;35896;2.888888888888889;3.48010216963685
EMR;69;37601;10.235294117647058;9.410960443577917
EMR;69;37647;1.0;0.0
EMR;69;37747;54.291666666666664;37.632639818515855
EMR;69;37759;37.19047619047619;26.869348796759194
EMR;69;37760;8.88888888888889;6.551954256186729
EMR;69;37761;5.733333333333333;4.0964560757992245
EMR;69;37852;4.0;
EMR;69;37860;5.266666666666667;5.637459745395295
EMR;69;37889;10.333333333333334;7.388385161462391
EMR;69;37890;9.263157894736842;8.438286458906992
EMR;69;37903;5.111111111111111;4.594682917363407
EMR;69;37905;35.958333333333336;17.553592885458116
EMR;69;37906;47.916666666666664;20.50008837025845
EMR;69;37936;4.0;10.753434969179088
EMR;69;37950;2.5;2.1213203435596424
EMR;69;38042;1.6;1.429840705968481
EMR;69;38043;2.2;1.6193277068654823
EMR;69;38044;2.3333333333333335;3.3606722016672235
EMR;69;38045;4.6923076923076925;5.452592890613532
EMR;69;38047;4.0;3.3763886032268267
EMR;69;38048;3.8181818181818183;4.37762908017986
EMR;69;38049;4.333333333333333;4.163331998932265
EMR;69;38050;2.375;2.774243783705493
EMR;69;80016;6.571428571428571;4.995712447403559
EMR;69;80017;6.363636363636363;6.373647042579046
EMR;69;80018;1.8333333333333333;1.1690451944500122
EMR;69;80025;3.6666666666666665;4.047338925881101
EMR;69;80026;4.764705882352941;3.631965923654603
EMR;69;80036;2.5;0.7071067811865476
EMR;69;80037;2.3333333333333335;0.5773502691896258
EMR;69;80046;2.0;1.2792042981336627
EMR;69;80047;4.125;2.799872446074234
EMR;69;80048;2.2;1.3038404810405297
EMR;69;80055;1.0;0.0
EMR;69;80059;16.416666666666668;8.546123792928464
EMR;69;421593;3.3333333333333335;1.5275252316519468
EMR;69;491580;2.4444444444444446;1.0137937550497031
EMR;69;491603;2.3636363636363638;2.618118686107537
EMR;69;491604;3.8421052631578947;3.3543198995182455
EMR;69;491688;2.0;
EMR;69;491691;1.6666666666666667;1.5275252316519468
EMR;69;491693;0.0;
EMR;69;491704;82.25;50.400892849234324
EMR;69;491710;18.208333333333332;13.187540782270894
EMR;69;491711;10.047619047619047;8.046590523173094
EMR;69;491712;5.111111111111111;3.6209268304000717
EMR;69;491713;1.5;0.5773502691896257
EMR;69;491715;1.75;0.5
EMR;69;492019;6.25;7.4017372478165075
EMR;70;35738;0.1288888888888889;0.10890872835136362
EMR;70;37926;84.43478260869566;87.01819354540255
EMR;70;37927;100.0;
EMR;70;37928;12305.083333333334;9739.15514555936
EMR;70;37929;1272.0;1343.565676575852
EMR;70;37930;133.33333333333334;57.735026918962575
EMR;71;90207;10.142857142857142;10.340627226071511
EMR;71;90208;3.4615384615384617;3.7774635364528364
EMR;71;90209;314.4166666666667;85.93825724304057
EMR;71;90211;31.708333333333332;22.53399203650896
EMR;75;90028;6.958333333333333;4.408284361800262
EMR;75;90029;1.4545454545454546;1.2933395813657265
EMR;75;90030;0.0;1.4142135623730951
EMR;75;90031;0.6666666666666666;0.816496580927726
EMR;75;90032;0.5;0.5773502691896257
EMR;75;90033;9.541666666666666;4.510655661071195
EMR;75;90034;12.833333333333334;4.621938861622869
EMR;75;90035;19.958333333333332;8.20116198907292
EMR;75;90036;1.75;1.0552897060221726
EMR;75;90037;1.0;0.0
EMR;75;90038;1.0;
EMR;75;90039;2.0;
EMR;75;90041;2.8095238095238093;1.8060744065250363
EMR;75;90042;1.9523809523809523;1.6874889770363088
EMR;75;90043;2.8095238095238093;1.8335497707738293
EMR;75;90072;1.7777777777777777;1.114374293206496
EMR;75;90073;0.875;0.3535533905932738
EMR;75;90074;1.0;0.0
EMR;75;90075;1.9;0.7378647873726218
EMR;75;90076;1.4;1.0462967275611936
EMR;75;90077;2.7083333333333335;1.6805580508625224
EMR;75;90589;0.6666666666666666;2.516611478423583
EMR;75;90596;47.791666666666664;26.82792050906256
EMR;75;90597;24.166666666666668;8.995973334324868
EMR;75;90598;43.5;23.16669273275564
EMR;75;90599;2.5714285714285716;1.8322507626258087
EMR;75;90600;1.1666666666666667;1.1690451944500122
EMR;75;90601;1.1;0.9944289260117533
EMR;75;90608;4.304347826086956;3.267397944552093
EMR;75;90609;2.8333333333333335;1.5434872662825796
EMR;75;90610;2.869565217391304;3.108702562252194
EMR;75;91135;4.428571428571429;2.5071326821120348
EMR;75;91136;7.333333333333333;3.723797345005051
EMR;75;91137;29.666666666666668;9.912954487269005
EMR;75;91138;16.285714285714285;6.824326235712107
EMR;75;91143;1.8333333333333333;1.3291601358251257
EMR;75;91144;1.6;1.140175425099138
EMR;75;91145;4.428571428571429;2.370453040886408
EMR;75;91146;4.142857142857143;3.5790395093549625
EMR;75;91148;1.0;0.0
EMR;75;91160;1.0;0.0
EMR;75;91161;4.0;2.9154759474226504
EMR;75;91162;1.8;0.4472135954999579
EMR;75;91163;1.0;
EMR;75;91487;2.0;1.9148542155126762
EMR;75;91595;51.142857142857146;31.955325958951775
EMR;75;91596;17.666666666666668;8.164965809277259
EMR;75;91597;59.42857142857143;37.531574009346414
EMR;75;91625;4.166666666666667;1.7224014243685084
EMR;75;91626;1.8333333333333333;1.4719601443879746
EMR;75;91627;3.4;2.8809720581775866
EMR;77;90497;90.125;30.625809660991894
EMR;77;90498;354.5833333333333;108.62857205480825
EMR;77;90499;721.5833333333334;219.49644280898292
EMR;77;90500;882.0;248.52381567270717
EMR;77;90501;369.5416666666667;120.11768836424973
EMR;77;90502;1.6666666666666667;0.5773502691896258
EMR;77;90503;0.0;2.581988897471611
EMR;77;90504;2.111111111111111;2.4209731743889917
EMR;77;90505;1.0;2.70801280154532
EMR;77;90506;0.0;0.0
EMR;77;90508;1.0;
EMR;77;90509;16.565217391304348;20.11292232045793
EMR;77;90639;188.08333333333334;90.75764031398303
EMR;77;90640;243.95833333333334;83.30117132986507
EMR;77;90641;946.6666666666666;428.26024865694706
EMR;77;90642;101.20833333333333;66.51248929249347
EMR;77;90643;661.875;301.7834398458891
EMR;77;90644;80.20833333333333;78.35481127075326
EMR;77;90645;362.4583333333333;164.26250972589355
EMR;83;90394;106.58333333333333;140.63363339037966
EMR;83;90395;412.8333333333333;270.32905338022636
EMR;83;90396;46.53846153846154;67.54333841395881
EMR;83;90397;47.07692307692308;58.07532685868922
EMR;83;90398;37.15384615384615;41.257011836062794
EMR;83;90406;11.0;11.90838040245288
EMR;83;90407;7.833333333333333;13.075422236649443
EMR;83;90449;401.1666666666667;176.97768630331726
EMR;83;90450;83.04545454545455;77.819985970509
EMR;83;90451;41.18181818181818;44.79438353785881
EMR;83;90452;33.708333333333336;35.450491094490914
EMR;83;90453;21.6;16.622274212634082
EMR;83;90454;5.5;4.123105625617661
EMR;83;90458;191.45833333333334;87.84372446302713
EMR;83;90516;1.6470588235294117;1.6179144164088315
EMR;83;90537;22.166666666666668;15.775892617496732
EMR;83;90538;168.70833333333334;73.15230042842818
EMR;83;90539;20.46153846153846;27.18950589417231
EMR;83;90540;0.0;
EMR;83;90567;466.5416666666667;301.0165356091671
EMR;83;90568;33.166666666666664;29.412382346456017
EMR;83;90586;14.434782608695652;32.495910353817145
EMR;83;90803;220.83333333333334;209.79444736438458
EMR;83;90968;12.73913043478261;32.95343462759141
EMR;83;90969;27.52173913043478;42.241588259156714
EMR;83;91066;16.333333333333332;23.86070689089771
EMR;83;91070;0.0;28.284271247461902
EMR;83;91076;6.888888888888889;6.5659052011974035
EMR;83;91077;9.375;13.741880719693565
EMR;83;91717;4.9;24.296198533060572
EMR;84;30331;1.0;
EMR;84;30332;9.0;
EMR;84;32869;1.0;
EMR;85;30204;7.470588235294118;8.201506317887764
EMR;85;30222;6.714285714285714;5.743606096261389
EMR;85;30320;3.3333333333333335;5.024937810560446
EMR;86;30291;2.0;
EMR;86;30292;8.5;12.020815280171307
EMR;86;32936;15.0;
EMR;86;33038;1.0;
EMR;87;80068;1.5;0.7071067811865476
EMR;87;80071;0.0;
EMR;87;80078;1.1666666666666667;0.408248290463863
EMR;87;80079;1.3571428571428572;1.0818177620697813
EMR;87;80081;2.1176470588235294;1.3173056280328643
EMR;87;80082;3.6842105263157894;2.3345861298441783
EMR;87;80083;4.875;3.040487661114793
EMR;87;80084;7.208333333333333;3.1343700104357235
EMR;87;80085;7.0;3.4112114616897666
EMR;87;80086;2.3043478260869565;1.4281196349394558
EMR;87;80087;2.0;1.1766968108291043
EMR;87;80088;1.5;0.7071067811865476
EMR;87;80090;1.3333333333333333;0.5773502691896257
EMR;87;80091;1.0;0.0
EMR;87;80093;2.0555555555555554;1.3048426644944469
EMR;87;80094;6.166666666666667;4.103727538488018
EMR;87;80095;11.125;6.367802842698434
EMR;87;80096;14.333333333333334;7.625282128303968
EMR;87;80097;15.291666666666666;7.416076348433658
EMR;87;80098;6.086956521739131;2.778374990697405
EMR;87;80099;3.0416666666666665;1.756458063130524
EMR;87;80100;1.4444444444444444;0.726483157256779
EMR;87;441611;0.0;
EMR;88;37602;6.2;4.572227373818447
EMR;88;80013;27.55;26.42860292621574
EMR;88;80234;17.5;3.5355339059327378
EMR;88;491583;3.2222222222222223;2.682246156571847
EMR;88;491600;25.6;40.2525361519826
EMR;89;80042;3.5;2.595244519818327
EMR;89;291437;1.0;0.0
EMR;95;90404;546.2083333333334;183.47704018585625
EMR;95;90582;86.70833333333333;42.96963454293768
EMR;95;91022;9.75;6.298723128021922
EMR;102;38631;165.66666666666666;56.88878038184097
EMR;102;90623;24.0;60.53717865906868
EMR;102;91002;12.0;
EMR;102;91003;11.846153846153847;31.96051249548979
EMR;110;71;50.87565217391304;201.88841730984348
EMR;110;90836;1385.0886363636364;380.92483200876933
EMR;117;37944;6.954545454545454;5.736078573607356
EMR;117;37945;15.958333333333334;10.707490944140023
EMR;117;37946;8.0;6.48074069840786
EMR;117;37947;4.466666666666667;3.090692633113321
EMR;117;38538;0.8;1.0954451150103321
EMR;117;38539;2.1333333333333333;1.6846647257229665
EMR;117;38540;2.9523809523809526;2.246690688016276
EMR;117;38541;2.8;2.2424476423255526
EMR;117;38542;1.2857142857142858;0.48795003647426655
EMR;117;38563;3.823529411764706;3.413855850018551
EMR;117;38564;22.0;19.3602216365976
EMR;117;38565;24.333333333333332;22.293821851661576
EMR;117;38566;10.521739130434783;7.662598450901812
EMR;117;38567;5.230769230769231;3.677722260535864
EMR;117;320527;34.416666666666664;26.43435950271617
EMR;117;710301;1.0;
EMR;117;710302;7.608695652173913;5.844493371268242
EMR;117;710303;28.083333333333332;22.34690264826458
EMR;117;710304;27.541666666666668;19.023964673118428
EMR;117;710305;12.652173913043478;7.271417866314745
EMR;117;710306;2.8666666666666667;4.068461742769736
EMR;117;710307;2.4;0.8944271909999159
EMR;117;710401;1.0;0.0
EMR;117;710402;14.08695652173913;8.240217580303993
EMR;117;710403;37.5;17.783724850694735
EMR;117;710404;41.791666666666664;22.661937379604183
EMR;117;710405;19.333333333333332;10.97691913166843
EMR;117;710406;2.8666666666666667;2.416215064536938
EMR;117;720902;3.909090909090909;2.9817627489304193
EMR;117;720903;3.857142857142857;3.4161864220691576
EMR;117;720904;3.0;1.4142135623730951
EMR;117;720905;3.1666666666666665;1.6020819787597222
EMR;117;720908;1.0;
EMR;117;721036;2.6666666666666665;2.0816659994661326
EMR;117;721038;4.705882352941177;3.7041312389403966
EMR;117;721040;6.590909090909091;4.972870119904322
EMR;117;721042;11.238095238095237;8.520004471270905
EMR;117;721044;7.777777777777778;4.784233364802441
EMR;117;721046;3.5789473684210527;2.892822333402378
EMR;117;721048;4.142857142857143;3.460927907082431
EMR;117;721050;2.3846153846153846;0.869718492622904
EMR;117;721056;3.0;1.4142135623730951
EMR;117;721058;2.6666666666666665;2.0816659994661326
EMR;117;721060;2.0;1.4142135623730951
EMR;117;729002;5.0;
EMR;117;729003;2.6;1.6465452046971292
EMR;117;729005;3.3333333333333335;1.5275252316519468
EMR;117;729601;5.578947368421052;4.438665834005182
EMR;117;732800;7.842105263157895;6.00243615260353
EMR;117;739908;3.1538461538461537;2.444250186531439
EMR;117;739909;5.35;4.556949579892696
EMR;117;739910;3.4444444444444446;2.5256850491144496
EMR;117;739911;3.0;
EMR;117;739912;2.5;0.7071067811865476
EMR;122;50945;0.0;0.0
EMR;122;50946;0.0;0.0
EMR;122;50947;0.0;0.0
EMR;122;50948;0.0;0.0
EMR;122;50949;0.0;0.0
EMR;122;50950;0.0;0.0
EMR;122;50951;0.0;0.0
EMR;122;50952;0.0;0.0
EMR;122;50955;0.0;0.0
EMR;122;50956;0.0;0.0
EMR;122;50957;0.0;0.0
EMR;122;50958;0.0;0.0
EMR;122;50960;2.4375;1.8607794065928394
EMR;122;90839;22.5;26.09014473271302
EMR;122;90843;5.555555555555555;9.799376397392733
EMR;122;90844;10.384615384615385;21.85382674933028
EMR;122;90854;19.666666666666668;14.0118997046558
EMR;122;90856;2.8333333333333335;4.4907311951024935
EMR;122;90857;3.3333333333333335;3.2145502536643185
EMR;122;90862;12.75;23.831382305873397
EMR;122;90865;2.5;3.0
EMR;122;92143;21.333333333333332;32.09045187356008
EMR;122;92146;2.888888888888889;4.142873241219245
EMR;122;92150;1.3333333333333333;1.118033988749895
EMR;122;92151;13.958333333333334;17.12226916764467
EMR;122;92152;31.708333333333332;36.858695117937934
EMR;122;92154;9.041666666666666;9.294594813848702
EMR;122;92159;7.041666666666667;10.638237704116007
EMR;122;92160;6.0;9.118270512704541
EMR;122;92161;1.5555555555555556;1.0137937550497031
EMR;122;92419;3.0;3.4641016151377544
EMR;122;92424;9.61111111111111;12.39610417400606
EMR;122;92425;3.0;1.4142135623730951
EMR;131;37603;2.7142857142857144;1.2535663410560176
EMR;131;80000;8.25;6.18465843842649
EMR;131;80121;30.0;
EMR;131;80124;12.4;8.080841540334768
EMR;131;80126;12.5;10.606601717798213
EMR;131;80127;21.5;16.3316325645118
EMR;131;80129;120.0;113.13708498984761
EMR;131;80133;3.0;1.632993161855452
EMR;131;291425;56.57142857142857;32.13187113843735
EMR;131;491602;7.869565217391305;5.190063476806486
EMR;131;491608;2.6666666666666665;0.9759000729485332
EMR;147;292;33.8;24.2521838408963
EMR;147;451;30.375;16.19665155947767
EMR;147;3631;190.54166666666666;88.02765334611158
EMR;147;37864;10.318181818181818;10.647541024580738
EMR;147;37865;17.692307692307693;42.69345112813872
EMR;147;37866;42.35;64.19237124702427
EMR;147;37867;1.0;
EMR;147;42764;1.1818181818181819;0.6030226891555273
EMR;147;42766;1.0;0.0
EMR;147;42767;1.0;
EMR;147;42773;36.458333333333336;11.901695774923866
EMR;147;42774;18.833333333333332;7.648055545247327
EMR;147;42775;1.8235294117647058;0.9510056596602791
EMR;147;42780;213.54166666666666;75.0512747432028
EMR;147;42816;423.7916666666667;166.14032287213712
EMR;147;42821;3.263157894736842;1.8809603121561158
EMR;147;42822;2.0;1.6172150801252798
EMR;147;42825;134.375;92.60472919654383
EMR;147;42826;40.0;17.470471982872926
EMR;147;42829;811.7916666666666;268.89742333343827
EMR;147;42834;249.875;74.60056678884813
EMR;147;42838;2.0;2.0
EMR;147;42839;935.5;291.5599722034977
EMR;147;42840;1.0;0.0
EMR;149;37957;15.041666666666666;13.706485823258578
EMR;163;90545;1.25;1.3887301496588271
EMR;163;90551;77.41666666666667;45.18360289988496
EMR;163;90552;7.421052631578948;4.194120083504263
EMR;163;90554;21.0;16.64331697709324
EMR;163;91031;1.4285714285714286;1.9023794624226837
EMR;163;91034;0.8333333333333334;0.983192080250175
EMR;174;91306;3.8;2.3944379994757297
EMR;174;91309;0.0;4.242640687119285
EMR;174;91512;4.0;1.7320508075688772
EMR;174;91513;6.0;
EMR;174;91514;3.0;0.0
EMR;174;91515;3.75;1.5
EMR;174;91517;2.25;1.5
EMR;188;37991;-400.0;
EMR;188;37993;38.0;
EMR;188;37997;-53.4;418.21322312906364
EMS;2;2256;15.80952380952381;22.597829647156487
EMS;2;5281;34.8;33.641453125884034
EMS;4;5007;259.25;403.47557977932297
EMS;4;5315;-0.5;4.795831523312719
EMS;4;5318;0.75;23.329166294576407
EMS;4;5353;-1.0;
EMS;4;90462;1085.5833333333333;341.6367148412714
EMS;4;90463;2359.0;823.7071028614162
EMS;4;90581;40.18181818181818;165.44532584559724
EMS;4;90638;84.125;713.860375612462
EMS;4;90837;374.7295833333333;160.0190552641932
EMS;10;3054;5.0962499999999995;14.62154373079083
EMS;10;5219;-2.0;
EMS;10;90009;860.2;1261.5199958779885
EMS;10;90010;1292.5;
EMS;10;90255;107.18181818181819;348.9160952986285
EMS;10;90256;29002.9975;14136.317805067003
EMS;10;90300;342.1075;616.1229886062769
EMS;11;4;0.0;
EMS;11;5308;-13.225;13.379181589320027
EMS;11;90002;-1.5475;3.0949999999999998
EMS;11;90258;296.73083333333335;275.0981500248619
EMS;11;90259;63.43;65.68206657501891
EMS;11;90260;-33.72416666666667;1867.6012663817137
EMS;11;90261;72.27785714285713;528.3924704840954
EMS;11;90262;29070.16083333333;14669.780370905923
EMS;11;90263;8033.327499999999;8200.6136351507
EMS;11;90264;9658.695217391303;13308.783505672918
EMS;11;90265;11235.655499999999;19180.328827954923
EMS;11;90266;29809.67375;17038.329589755744
EMS;11;90267;-0.5;0.7071067811865476
EMS;11;90268;8854.45;15555.561202261817
EMS;11;90269;0.25;408.2534955963839
EMS;11;90272;6.375;7.824906815206598
EMS;11;90273;2124.3908333333334;1618.9096701065482
EMS;11;90282;72234.67666666667;20332.559000876805
EMS;11;90283;296.3645833333333;324.42825946416764
EMS;11;90284;877.4662500000001;1020.8900397620334
EMS;11;90286;20158.647500000003;6152.302602713068
EMS;11;90287;3685.9858333333336;1056.9058913060974
EMS;11;90288;4353.4325;1360.675904277148
EMS;11;90289;13070.415416666669;5107.313920760219
EMS;11;90290;8317.924166666666;4091.7482992799232
EMS;11;90291;9179.156666666668;13976.159529925817
EMS;11;90292;1981.8745454545453;2881.4835579672317
EMS;11;90293;4203.225;9588.648688443785
EMS;11;90297;29097.75;11637.35452628452
EMS;11;90391;72.65458333333332;645.5404078685726
EMS;11;90392;1.4985;22.420859712846827
EMS;11;90560;174.22541666666666;109.68131175202514
EMS;11;90626;78.1;188.8311709202459
EMS;11;90778;157.0;
EMS;11;90779;130.0;110.30865786510141
EMS;11;91093;0.0;1018.2337649086285
EMS;11;91172;3.0;
EMS;11;91342;-171.66666666666666;366.92415201691665
EMS;11;91344;0.0;279.51931060304224
EMS;12;29;-45.0;
EMS;12;358;-30.0;
EMS;12;983;69.85;135.08384433380627
EMS;12;3073;4770.0;
EMS;12;4625;2.6784615384615384;9.946800026603068
EMS;12;4857;0.625;0.8838834764831844
EMS;12;5035;123.0;
EMS;12;5276;0.0;0.0
EMS;12;5277;10.689473684210526;21.714673347681085
EMS;12;5309;140.90708333333333;201.64038673015983
EMS;12;5310;61.16210526315789;75.4817075396378
EMS;12;5311;-0.5;1.0
EMS;12;5312;48.048333333333325;120.32165079184777
EMS;12;5484;44.0;85.51218236797219
EMS;12;5593;80.25;148.52917782936345
EMS;12;6959;26.966666666666665;50.117837613556546
EMS;12;6960;45.63181818181818;55.86987761851842
EMS;12;6961;25.533333333333335;41.658527832563536
EMS;12;6962;44.07;79.07400996934189
EMS;12;90294;43.4;67.04658477830755
EMS;12;90945;670.266;880.5735626267364
EMS;12;91099;48.458333333333336;93.78476244394217
EMS;12;91100;145.0;514.7976948925342
EMS;12;91101;-30.0;
EMS;12;91102;28.333333333333332;50.083264004389065
EMS;12;91217;318.0178260869565;221.35072308148366
EMS;12;91218;-100.0;
EMS;12;91326;0.0;1.4142135623730951
EMS;12;91327;0.0;41.012193308819754
EMS;12;91462;17.91764705882353;16.979113466775793
EMS;12;91881;11.9375;11.905491830003736
EMS;12;91882;233.33333333333334;257.98901785411977
EMS;12;92072;-100.0;
EMS;12;92108;66.94285714285715;110.0266101679723
EMS;12;92110;66.185;99.34032293082201
EMS;12;92116;6.09;6.472068190823291
EMS;15;171;-41.0;36.76955262170047
EMS;15;2520;2.0;4.0
EMS;15;2908;2.0;6.582805886043833
EMS;15;2909;106.0;
EMS;15;2918;-6.0;
EMS;15;3267;-6.5;4.949747468305833
EMS;15;3614;-1.0;2.8284271247461903
EMS;15;4668;32.0;24.160179753352125
EMS;15;4829;0.5;3.5355339059327378
EMS;15;4931;1.2;13.809417076763234
EMS;15;5116;0.42857142857142855;9.235026490796564
EMS;15;5144;-9.0;8.48528137423857
EMS;15;5145;-3.0;
EMS;15;5150;8.176470588235293;18.327695211474513
EMS;15;5161;8.5;2.1213203435596424
EMS;15;5162;0.0;36.76955262170047
EMS;15;5283;-3.8333333333333335;6.462713568360172
EMS;15;5286;-3.0;
EMS;15;5290;-8.0;3.1622776601683795
EMS;15;5291;-5.0;3.559026084010437
EMS;15;5292;-9.0;
EMS;15;5297;9.818181818181818;86.50990484542008
EMS;15;5298;2.0;43.139309220245984
EMS;15;5300;-7.142857142857143;7.819389819088006
EMS;15;5301;0.3333333333333333;7.637626158259733
EMS;15;5302;0.0;
EMS;15;5322;3.8666666666666667;39.44592440773765
EMS;15;5365;-1.4285714285714286;17.183879488803285
EMS;15;6221;71.5;93.78546948069453
EMS;15;6364;3.3333333333333335;5.859465277082315
EMS;15;6398;67.4;70.56061224224179
EMS;15;32667;-11.0;7.0710678118654755
EMS;15;32913;-20.0;
EMS;15;90333;19.791666666666668;38.15298628310555
EMS;15;90334;1040.9166666666667;293.99569897277877
EMS;15;90335;161.08333333333334;96.32594876665945
EMS;15;90336;700.375;295.98601795707674
EMS;15;90337;995.2083333333334;346.5709011050316
EMS;15;90338;172.66666666666666;109.74740431382963
EMS;15;90339;0.0;56.29920070480575
EMS;15;90340;12.0;17.08800749063506
EMS;15;90341;18.11111111111111;18.508786113591913
EMS;15;90343;28.625;22.037147491570167
EMS;15;90344;0.0;16.97056274847714
EMS;15;90345;1086.9166666666667;342.0516000568471
EMS;15;90346;223.08333333333334;178.5823197506859
EMS;15;90347;87.95833333333333;77.74734955172968
EMS;15;90348;25.5;25.774664562964407
EMS;15;90349;3.125;6.978282637685907
EMS;15;90352;6997.291666666667;1695.3641260589231
EMS;15;90353;25228.875;6282.120884683977
EMS;15;90354;2.6666666666666665;3.8815804341359033
EMS;15;90355;1.0;6.324555320336759
EMS;15;90356;5364.583333333333;1298.0769695363138
EMS;15;90357;1339.4166666666667;461.14224125172785
EMS;15;90428;16.047619047619047;124.71666937120963
EMS;15;90429;441.625;188.72496954678462
EMS;15;90430;150.58333333333334;103.67797831943771
EMS;15;90431;25.0;56.366811079786544
EMS;15;90432;32.083333333333336;47.997207044347604
EMS;15;90433;10.75;43.782317256488675
EMS;15;90434;189.41666666666666;83.9652705984246
EMS;15;90435;178.625;101.27054273621208
EMS;15;90436;54.666666666666664;35.56826463682705
EMS;15;90438;36.56521739130435;37.18238352054336
EMS;15;90439;4.090909090909091;19.331086598815627
EMS;15;90460;1464.0;448.00203803884256
EMS;15;90461;7.076923076923077;5.438466978563268
EMS;15;90466;4.5;2.1213203435596424
EMS;15;90469;1.0;3.082207001484488
EMS;15;90470;26.333333333333332;44.7194961211923
EMS;15;90471;10683.833333333334;2492.8011076535654
EMS;15;90472;7031.166666666667;1788.5637586735845
EMS;15;90473;6551.75;1438.7324206609333
EMS;15;90474;149.66666666666666;244.8711580769998
EMS;15;90475;221.04166666666666;501.6058975423587
EMS;15;90476;266.6666666666667;188.2645379031432
EMS;15;90477;5904.458333333333;1442.0461905153074
EMS;15;90478;879.4583333333334;360.17652425330056
EMS;15;90480;44.0;
EMS;15;90486;28.666666666666668;54.13161630745909
EMS;15;90487;2591.25;967.3044685013135
EMS;15;90488;4098.208333333333;1480.9870674116567
EMS;15;90490;862.0416666666666;488.8953368179316
EMS;15;90493;136.05882352941177;528.9152189373353
EMS;15;90587;225.25;173.4817995716228
EMS;15;90588;160.70833333333334;160.94813616886617
EMS;15;90646;261.1904761904762;182.08201971848266
EMS;15;90787;78.5;202.4568660448335
EMS;15;90788;710.75;374.47229537043194
EMS;15;90789;140.41666666666666;140.3941398091588
EMS;15;90790;376.5416666666667;166.62662743695708
EMS;15;90791;1589.8333333333333;632.3778910599652
EMS;15;90792;18.454545454545453;21.185635908113987
EMS;15;90793;81.5;69.76482233033069
EMS;15;90794;109.5909090909091;232.34942058622238
EMS;15;90795;23.789473684210527;42.21845166297213
EMS;15;90796;162.0;164.63847085950633
EMS;15;90797;2056.2916666666665;736.046931346723
EMS;15;90798;193.08333333333334;148.12859180504256
EMS;15;90799;15.45;22.816141562268445
EMS;15;90805;3.0;
EMS;15;90818;13.333333333333334;10.408329997330664
EMS;15;90821;4.8;4.658325879540846
EMS;15;90822;11.55;38.77665466963881
EMS;15;90825;11.375;11.104803765338072
EMS;15;90826;2128.9166666666665;611.9005969761021
EMS;15;90830;12.285714285714286;10.858395917664907
EMS;15;90887;234.91666666666666;233.60072153452197
EMS;15;90888;50.833333333333336;96.97766065783742
EMS;15;90925;10.0;
EMS;15;90939;3.0;
EMS;15;91209;7.2727272727272725;332.2700982360859
EMS;15;92012;7.357142857142857;87.72124305729191
EMS;15;92013;5.866666666666666;60.78282965568796
EMS;15;92014;5.333333333333333;56.302753041036986
EMS;15;92015;2.857142857142857;45.43650724336313
EMS;15;92175;478.5833333333333;363.0590940840092
EMS;15;92178;-17.0;
EMS;15;92185;49.8;117.58061064648373
EMS;15;92189;62.5;131.75102782647784
EMS;15;92256;1064.55;914.6200519744165
EMS;16;5368;-1.1428571428571428;6.011892975000232
EMS;16;5369;1.2857142857142858;8.077010290825141
EMS;16;91555;-32.0;
EMS;16;91556;-1.0;
EMS;16;91576;-30.0;
EMS;16;91577;-30.0;
EMS;16;91929;0.0;
EMS;16;91937;-48.0;
EMS;16;693753;-8.0;
EMS;17;721103;1.4;0.5477225575051661
EMS;17;721104;2.0;1.7320508075688774
EMS;17;721105;1.5;0.7071067811865476
EMS;17;721106;2.5;0.7071067811865476
EMS;17;742907;1.5;0.7071067811865476
EMS;17;742908;1.6666666666666667;1.1547005383792517
EMS;17;742909;3.8;1.4757295747452437
EMS;17;742910;2.8666666666666667;3.1365738056189967
EMS;17;753420;1.0;
EMS;17;753438;1.0;
EMS;17;764038;2.0;0.0
EMS;17;764136;2.0;0.0
EMS;17;764142;1.5;0.7071067811865476
EMS;17;764144;2.0;
EMS;17;764803;5.0;
EMS;17;764805;2.0;
EMS;17;764903;2.5;0.7071067811865476
EMS;17;765002;2.8333333333333335;1.602081978759722
EMS;17;765003;4.125;1.807721533549109
EMS;17;765004;3.1818181818181817;1.3280197150781927
EMS;17;765005;3.5;2.1213203435596424
EMS;17;765101;2.0;
EMS;17;765102;3.4;1.9493588689617927
EMS;17;765103;5.571428571428571;3.101458950082625
EMS;17;765104;4.0;5.732115042211108
EMS;17;765105;2.2;0.44721359549995787
EMS;17;765106;2.5;0.7071067811865476
EMS;17;778402;2.0;
EMS;17;778501;1.5;0.5477225575051662
EMS;17;778502;5.0;
EMS;17;778503;2.9166666666666665;1.6764862244009227
EMS;17;778504;3.75;1.6583123951776997
EMS;17;778505;2.8333333333333335;2.136976056643281
EMS;17;778506;3.0;1.4142135623730951
EMS;17;778510;2.0;0.0
EMS;17;778511;2.0;0.816496580927726
EMS;17;778512;2.3333333333333335;0.5773502691896258
EMS;17;778513;2.0;0.0
EMS;19;2374;-6.0;
EMS;19;5513;9.875;12.111830108263103
EMS;19;6219;103.63157894736842;131.84511558235283
EMS;19;6388;2.0;
EMS;19;6391;24.25;44.09007578365789
EMS;19;6393;19.25;37.304729688644805
EMS;19;6964;-21.0;
EMS;20;5264;3.9166666666666665;14.228386053835118
EMS;25;38068;506.3157894736842;233.7893288676745
EMS;26;3770;4.0;3.8359204520278714
EMS;26;4005;2.5;1.8708286933869707
EMS;26;5314;6.5;10.107318869850802
EMS;26;6966;3.9285714285714284;39.184895609865336
EMS;26;6967;0.8;1.6431676725154984
EMS;26;50796;120.72727272727273;184.30207652453464
EMS;26;90414;10.222222222222221;38.24157816635704
EMS;26;90415;305.8333333333333;147.58245054932826
EMS;26;91235;259.6875;155.05384817325023
EMS;26;91236;10.5;9.053261205860487
EMS;26;91254;450.375;218.67860325541483
EMS;26;91255;66.5;94.22748103296713
EMS;26;91256;24.25;50.006303950428176
EMS;26;91257;14.066666666666666;17.33891851408545
EMS;27;5201;2.0;
EMS;27;37662;12.7;29.522694214522673
EMS;30;312;33.25;20.041804136441367
EMS;30;2955;-2.5;38.67203531997603
EMS;30;3037;1.0;0.0
EMS;30;3039;60.166666666666664;21.228911104120876
EMS;30;3095;-1.5;2.1213203435596424
EMS;30;3559;0.0;20.0
EMS;30;4882;6.5;6.363961030678928
EMS;30;4886;5.0;
EMS;30;4892;3.0;1.4142135623730951
EMS;30;4896;4.5;9.192388155425117
EMS;30;4977;58.0;147.183073560981
EMS;30;4997;125.5;177.48380207782344
EMS;30;5126;0.0;5.291502622129181
EMS;30;5207;11.333333333333334;34.53500639447844
EMS;30;5210;4.0;2.6457513110645907
EMS;30;5216;269.2083333333333;210.81910217193246
EMS;30;5275;12.692307692307692;281.5535427514586
EMS;30;5282;-2.0;
EMS;30;5348;-2.0;0.0
EMS;30;5351;-16.166666666666668;54.37384620858774
EMS;30;5355;76.375;96.91897669434124
EMS;30;5356;-3.6666666666666665;2.3094010767585034
EMS;30;5357;-13.5;2.1213203435596424
EMS;30;5360;4.833333333333333;119.6744320937839
EMS;30;5363;1.5;4.582575694955841
EMS;30;5568;254.14285714285714;406.40063507636916
EMS;30;5569;218.0;198.9840864658947
EMS;30;6907;-2.0;0.0
EMS;30;6908;-2.0;0.0
EMS;30;6911;0.0;
EMS;30;6912;6.071428571428571;10.291626811033442
EMS;30;6991;2.857142857142857;4.469678062010952
EMS;30;10054;-6.388888888888889;6.203783370216531
EMS;30;22256;-31.41176470588235;116.99308677413882
EMS;30;38508;2642.1666666666665;1417.1607458965777
EMS;30;90181;-0.9;4.121757985239901
EMS;30;90213;-6.052631578947368;27.735804545770247
EMS;30;90214;6.333333333333333;21.634647466841074
EMS;30;90215;6.521739130434782;18.756500849323466
EMS;30;90216;28.958333333333332;41.16824353020564
EMS;30;90217;13.375;114.42438646281353
EMS;30;90218;236.875;86.60319930830953
EMS;30;90219;165.66666666666666;83.76087426699303
EMS;30;90220;40.916666666666664;61.28970171433275
EMS;30;90221;118.29166666666667;71.39509127363739
EMS;30;90222;236.45833333333334;145.4516142964707
EMS;30;90223;127.41666666666667;65.01766761003715
EMS;30;90224;28.916666666666668;28.05261619461399
EMS;30;90225;79.66666666666667;65.6503694924313
EMS;30;90226;60.291666666666664;87.2161129741451
EMS;30;90227;42.916666666666664;57.146582435505024
EMS;30;90228;24.166666666666668;56.06724740776969
EMS;30;90230;19.625;20.727659529363592
EMS;30;90231;95.58333333333333;60.52733242936196
EMS;30;90232;35.708333333333336;36.856335856316804
EMS;30;90233;45.208333333333336;47.508332602467384
EMS;30;90234;8.772727272727273;29.118692765958237
EMS;30;90235;15.409090909090908;31.17792120335752
EMS;30;90236;10.217391304347826;48.59195268367642
EMS;30;90237;4.333333333333333;24.52580582804878
EMS;30;90249;7.0;6.164414002968976
EMS;30;90250;0.0;
EMS;30;90251;3411.9583333333335;1570.6672212558383
EMS;30;90252;943.0;361.1251740108239
EMS;30;90280;333.7916666666667;183.62697991750338
EMS;30;90281;87.08333333333333;73.94352525770077
EMS;30;90360;4272.333333333333;2069.097506826013
EMS;30;90361;48.0;71.21542223167931
EMS;30;90362;213.58333333333334;277.862793270452
EMS;30;90363;3064.7916666666665;1564.9417819194111
EMS;30;90364;4569.416666666667;2172.0977821825422
EMS;30;90365;378.4166666666667;143.04481409886802
EMS;30;90366;1020.875;454.1040210750415
EMS;30;90367;405.5833333333333;329.53945685333105
EMS;30;90368;580.9166666666666;194.10237475120692
EMS;30;90369;316.5;183.0896667945969
EMS;30;90370;61.5;94.82386417664756
EMS;30;90371;34.458333333333336;78.99641112743348
EMS;30;90372;2030.9583333333333;1327.776450512748
EMS;30;90373;2614.75;2504.0972208171847
EMS;30;90374;485.75;386.01771191623254
EMS;30;90375;0.3333333333333333;20.008331597945226
EMS;30;90377;3.0;
EMS;30;90379;4.0;
EMS;30;90380;0.0;62.864934582006846
EMS;30;90381;58.958333333333336;41.16929962829169
EMS;30;90382;4.0;17.435595774162696
EMS;30;90384;6.714285714285714;23.683428001553363
EMS;30;90386;3.6666666666666665;2.3094010767585034
EMS;30;90388;2832.0833333333335;1641.9242930348437
EMS;30;90389;16551.583333333332;8453.01329815827
EMS;30;90390;3.0;
EMS;30;90393;2424.9166666666665;877.7317068873394
EMS;30;90399;37.416666666666664;54.6665120181623
EMS;30;90409;382.5416666666667;288.81662290572314
EMS;30;90411;484.25;337.982408855331
EMS;30;90416;155.95833333333334;59.25074144952821
EMS;30;90423;643.125;259.4595239439427
EMS;30;90425;0.0;36.76955262170047
EMS;30;90427;1.4;1.3416407864998738
EMS;30;90440;3513.7916666666665;1428.6760967737766
EMS;30;90441;14.73913043478261;29.556136712894403
EMS;30;90442;5.2;6.603029607687671
EMS;30;90444;4111.208333333333;1675.1257702078651
EMS;30;90445;5.571428571428571;32.11630649463202
EMS;30;90446;3754.625;1575.5143483816712
EMS;30;90447;48.208333333333336;42.076513294407995
EMS;30;90448;-2.1538461538461537;17.3774094437105
EMS;30;90513;69.91666666666667;64.79728702497583
EMS;30;90514;15.652173913043478;41.368201111978586
EMS;30;90515;0.0;7.0710678118654755
EMS;30;90518;5.181818181818182;26.63981331915923
EMS;30;90521;3.0;
EMS;30;90522;513.9166666666666;216.9131095656721
EMS;30;90523;108.16666666666667;100.1080575598478
EMS;30;90525;850.5833333333334;356.26259448879
EMS;30;90530;0.6666666666666666;1.5275252316519465
EMS;30;90532;5.590909090909091;6.215641490160057
EMS;30;90536;4.909090909090909;9.60681576230694
EMS;30;90542;168.20833333333334;84.47432291462333
EMS;30;90543;49.791666666666664;42.33713465758509
EMS;30;90544;175.54166666666666;205.4208784881434
EMS;30;90620;15.0;
EMS;30;90648;-20.0;
EMS;30;90654;149.625;62.671547181212595
EMS;30;90656;16.166666666666668;8.254994096680619
EMS;30;90660;1073.25;388.96677515427075
EMS;30;90661;1.75;5.737304826019502
EMS;30;90801;0.5;2.345207879911715
EMS;30;90833;37.375;32.5520486231699
EMS;30;90890;71.04166666666667;54.15154192406365
EMS;30;90905;2.0;
EMS;30;91063;90.11111111111111;92.04407156960796
EMS;30;91119;1126.32;405.9169137408166
EMS;30;91168;6.478260869565218;22.544641704077208
EMS;30;91169;2.0;
EMS;30;92017;404.2916666666667;147.24498342873193
EMS;30;92131;5.714285714285714;5.822779568622008
EMS;30;92132;8.5;16.263455967290593
EMS;30;92354;-1.0;
EMS;31;6935;5.0;
EMS;33;38537;4380.0;
EMS;33;38568;11239.565217391304;3364.472778177707
EMS;33;38588;175.7826086956522;83.69639751220919
EMS;33;38645;226.66666666666666;142.12054742365723
EMS;33;80235;2580.0;
EMS;35;6102;6.5;6.436503043467892
EMS;35;6213;7.0;6.733003292241386
EMS;35;6293;7.25;5.737304826019502
EMS;35;6351;10.333333333333334;8.504900548115383
EMS;35;6412;8.5;6.369570517030843
EMS;35;22153;2.0;
EMS;35;80003;24.375;16.81565652443657
EMS;35;80004;3.3157894736842106;2.6885070532618274
EMS;35;80007;5.0;
EMS;35;80008;10.736842105263158;7.163503994113788
EMS;35;80010;10.45;6.762707337029733
EMS;35;80109;4.666666666666667;3.559026084010437
EMS;35;80111;4.5;4.32691832858239
EMS;35;80112;2.4444444444444446;3.4318767136623336
EMS;35;80122;14.545454545454545;11.102825193288746
EMS;35;80123;37.04545454545455;25.372420859266473
EMS;35;80130;3.8;1.9235384061671346
EMS;35;80216;9.4;3.7815340802378077
EMS;35;80217;5.333333333333333;5.773502691896257
EMS;39;470;3.0588235294117645;1.7489492643904123
EMS;39;471;1.5;0.5773502691896257
EMS;39;472;1.0;
EMS;39;473;1.0;
EMS;39;37746;1.9166666666666667;1.3113721705515065
EMS;41;3999;3.0;1.4142135623730951
EMS;41;4876;6.666666666666667;6.3508529610858835
EMS;41;5319;-3.0;
EMS;41;5320;55.0;73.53910524340094
EMS;41;90112;50.0;
EMS;41;90253;2129.0;733.7338695360518
EMS;41;90254;4.615384615384615;9.014233758695758
EMS;41;90295;3149.9583333333335;1268.6884524944464
EMS;41;90580;2197.3333333333335;1311.3733480481499
EMS;41;90894;8.681818181818182;44.750510892147645
EMS;47;38024;37.625;132.75211862716165
EMS;47;90637;7.4;5.176871642217914
EMS;47;91050;1830.0833333333333;1123.443035326308
EMS;47;91052;1139.3333333333333;907.9155614189386
EMS;47;91053;93.41666666666667;73.45564569219967
EMS;54;2989;2.0;
EMS;54;2991;1.0;
EMS;54;3549;1.0;
EMS;54;4793;2.0;
EMS;54;4970;0.0;19.61292091114087
EMS;54;20192;0.0;0.0
EMS;54;22797;1.0;
EMS;54;37661;4.105263157894737;19.558728477309636
EMS;54;37667;0.3333333333333333;69.50539547402059
EMS;54;90183;-1.0;0.0
EMS;54;90184;58.791666666666664;30.32430387984366
EMS;54;90185;22.708333333333332;41.78566341063243
EMS;54;90186;87.83333333333333;56.31407783422224
EMS;54;90187;19.208333333333332;17.18183865918153
EMS;54;90188;7.238095238095238;9.878789206703228
EMS;54;90189;38.416666666666664;24.070397960378934
EMS;54;90190;5.083333333333333;7.53494275484828
EMS;54;90191;7.363636363636363;9.230103206075498
EMS;54;90192;0.8888888888888888;1.9369135207665067
EMS;54;90193;0.3333333333333333;1.0327955589886446
EMS;54;90194;-1.75;6.448514040717701
EMS;54;90195;0.3333333333333333;1.1547005383792517
EMS;54;90196;35.291666666666664;26.54197523311636
EMS;54;90197;14.523809523809524;17.825877391082457
EMS;54;90198;1372.7083333333333;638.0166604862063
EMS;54;90199;458.4166666666667;230.5173607847973
EMS;54;90200;8.958333333333334;7.97539240777349
EMS;54;90201;1.9411764705882353;2.680265570687309
EMS;54;90202;16.708333333333332;15.735529354234354
EMS;54;90203;64.91666666666667;39.91939341992176
EMS;54;90204;2.761904761904762;5.575883444843176
EMS;54;90205;2.0;3.2719844670996188
EMS;54;90206;7.913043478260869;7.7160578929343595
EMS;54;90400;1.0;0.0
EMS;54;90571;-133.33333333333334;461.8802153517006
EMS;54;91407;0.0;1.1547005383792515
EMS;54;91640;2.0;
EMS;55;224;3.5;8.0
EMS;55;225;-1.0;
EMS;55;5058;-1.0;
EMS;56;193;2.3333333333333335;1.5275252316519468
EMS;56;196;0.0;
EMS;56;199;27.045454545454547;44.82397028028989
EMS;56;406;0.3333333333333333;22.72296928953902
EMS;56;2814;-28.5;36.062445840513924
EMS;56;3765;17.666666666666668;28.549372439103923
EMS;56;3977;3.0;
EMS;56;5127;4.333333333333333;5.8594652770823155
EMS;56;5134;42.583333333333336;27.492159620148254
EMS;56;5139;14.722222222222221;56.44029177766281
EMS;56;5274;-0.3333333333333333;14.294521094927712
EMS;56;5305;7.75;7.632168761236874
EMS;56;5325;-1.0;
EMS;56;5331;-239.0;
EMS;56;5334;-3.0;
EMS;56;5336;-186.0;
EMS;56;5338;10.0;
EMS;56;5340;0.5;4.949747468305833
EMS;56;5342;-47.714285714285715;75.93355491417982
EMS;56;5359;0.0;53.74011537017761
EMS;56;5589;19.833333333333332;16.557978942693058
EMS;56;30300;-2.6666666666666665;11.307814407155197
EMS;56;32335;24.041666666666668;58.87752886965537
EMS;56;32452;-6.0;
EMS;56;90012;90.0;
EMS;56;90013;241.5;173.34710090250815
EMS;56;90022;55.0;7.0710678118654755
EMS;56;90301;26.863636363636363;50.91102926118172
EMS;56;90302;70.125;109.08764426109302
EMS;56;90305;121.58333333333333;219.7945516329652
EMS;56;90306;3597.0833333333335;1242.4974469982226
EMS;56;90307;379.25;239.5619643904447
EMS;56;90308;75.5;109.04207404962305
EMS;56;90309;14.15;67.61833681542464
EMS;56;90310;98.05882352941177;175.81718864641596
EMS;56;90313;7.8;7.19027120489902
EMS;56;90315;825.5416666666666;337.4443566583678
EMS;56;90316;128.20833333333334;175.3701623440536
EMS;56;90321;18.956521739130434;283.01035610040674
EMS;56;90557;4.0;2.8284271247461903
EMS;56;90584;80.375;130.95695027789458
EMS;56;90683;166.70833333333334;105.52126477085356
EMS;56;90684;1.0;
EMS;56;90688;717.9583333333334;298.6784630256462
EMS;56;90689;351.0833333333333;169.13563290696783
EMS;56;90693;120.5;69.90552631012552
EMS;56;90694;1868.25;906.5200662063596
EMS;56;90695;300.7083333333333;425.83825048920886
EMS;56;90698;326.125;450.87917136846437
EMS;56;90701;226.1578947368421;680.7438140379076
EMS;56;90708;10.0;
EMS;56;90715;-100.0;
EMS;56;90718;98.70833333333333;70.0183076473368
EMS;56;90719;62.095238095238095;70.77280887594102
EMS;56;90720;40.2;78.44006912569904
EMS;56;90725;2019.2916666666667;1005.5398930173161
EMS;56;90748;-0.4;6.759120821949721
EMS;56;90749;-3.0;5.656854249492381
EMS;56;90752;3.75;6.075908711186061
EMS;56;90756;1.5714285714285714;2.439750182371333
EMS;56;90757;-8.347826086956522;73.06386290938295
EMS;56;90761;31.625;23.54424604312337
EMS;56;90767;4.5;2.1213203435596424
EMS;56;90952;2064.9166666666665;978.0501417157227
EMS;56;90953;8.23076923076923;6.418123377772329
EMS;56;90954;1331.7916666666667;778.5613253423525
EMS;56;91705;52.0;48.4959497572441
EMS;56;91706;-6.0;
EMS;56;91872;5.0;2.8284271247461903
EMS;56;91873;2.0;0.0
EMS;58;4855;0.0;5.291502622129181
EMS;58;5321;1.0;
EMS;58;32276;-16.666666666666668;30.631138840511085
EMS;58;90275;358.625;212.99087804512845
EMS;58;90276;109.66666666666667;145.40458298699937
EMS;58;90277;1985.7916666666667;850.2972870997976
EMS;58;90279;1442.4166666666667;799.8706915423303
EMS;58;90649;8.071428571428571;72.78785220468748
EMS;60;5045;16.526315789473685;21.148597066820695
EMS;60;5046;5.863636363636363;8.708482206312553
EMS;60;5205;2.111111111111111;4.625872113500061
EMS;60;5220;2.066666666666667;8.86781231409953
EMS;63;4549;13.25;8.73212459828649
EMS;63;90298;411.4583333333333;148.61504961145252
EMS;63;90299;355.5833333333333;113.76096857452688
EMS;63;90511;6.315789473684211;7.087176460018377
EMS;63;90512;0.75;16.479785597310826
EMS;63;90547;622.5416666666666;184.47669327673574
EMS;63;90548;239.95833333333334;91.39854397406837
EMS;63;90549;6.043478260869565;3.9826699686330245
EMS;63;90550;6.956521739130435;5.819077253229362
EMS;63;90973;10.0;
EMS;69;2633;15.2;13.521998537362903
EMS;69;4052;4.0;
EMS;69;4374;4.294117647058823;2.391775122224938
EMS;69;6098;2.6;1.2421180068162374
EMS;69;6099;5.529411764705882;3.743622027175412
EMS;69;6112;20.8125;15.441151727337786
EMS;69;6136;3.125;2.356601669474803
EMS;69;6138;5.384615384615385;4.482158362858634
EMS;69;6140;2.1;1.1972189997378648
EMS;69;6194;4.333333333333333;2.081665999466133
EMS;69;6198;3.0;1.8257418583505538
EMS;69;6201;2.5;1.0488088481701516
EMS;69;6202;1.0;0.0
EMS;69;6222;0.0;
EMS;69;6263;5.857142857142857;5.881615984863904
EMS;69;6264;6.928571428571429;10.276667266672113
EMS;69;6292;1.0;
EMS;69;6326;18.55;10.384578647408402
EMS;69;6327;11.1875;9.253602901933206
EMS;69;6332;3.75;3.519426606190792
EMS;69;6334;0.0;
EMS;69;6339;4.75;4.949747468305833
EMS;69;6340;8.8125;14.06754539119506
EMS;69;6341;10.294117647058824;17.43475231356311
EMS;69;6342;6.090909090909091;6.284179269475776
EMS;69;6443;6.785714285714286;5.36625598501444
EMS;69;6445;4.714285714285714;4.535573676110727
EMS;69;6955;17.5;9.192388155425117
EMS;69;6971;12.55;13.092685784537547
EMS;69;6972;8.533333333333333;6.379281941977333
EMS;69;6976;8.3;5.774464862170732
EMS;69;6978;16.375;11.746580049407692
EMS;69;6979;8.0;2.82842712474619
EMS;69;6980;6.0;
EMS;69;35832;2.4444444444444446;1.509230856356236
EMS;69;35896;4.05;3.3635038122078655
EMS;69;37607;1.0;
EMS;69;37747;114.73684210526316;114.98784578538104
EMS;69;37759;166.08333333333334;95.18993217985712
EMS;69;37760;149.625;77.12711839103254
EMS;69;37761;54.285714285714285;19.634517710254197
EMS;69;37768;1.0;
EMS;69;37801;14.157894736842104;17.260304998897638
EMS;69;37802;8.9375;12.782637964572624
EMS;69;37803;8.25;8.250252521387855
EMS;69;37804;3.8;4.147288270665545
EMS;69;37842;-3.0;7.0
EMS;69;37889;39.095238095238095;31.170346103155094
EMS;69;37890;20.105263157894736;15.434070309409293
EMS;69;37893;13.3;15.420404952169346
EMS;69;37905;97.8695652173913;64.50532349266439
EMS;69;37906;149.2608695652174;92.23597079393916
EMS;69;37936;9.6;7.530677998102901
EMS;69;38028;13.214285714285714;6.773007188363701
EMS;69;38029;15.0;13.706098746804024
EMS;69;38042;8.619047619047619;5.084055374169232
EMS;69;38044;15.636363636363637;13.272045288770913
EMS;69;38045;11.227272727272727;9.491509078578842
EMS;69;38048;5.533333333333333;5.3966479896144355
EMS;69;38050;4.3;2.9458068127047605
EMS;69;38528;12.0;
EMS;69;38679;71.5;97.81785794696862
EMS;69;38682;50.75;72.88975693927554
EMS;69;38683;10.0;
EMS;69;38684;20.0;
EMS;69;80016;5.315789473684211;4.422827546804411
EMS;69;80017;15.0;8.547445438808706
EMS;69;80018;4.823529411764706;3.57483031271498
EMS;69;80019;2.6;1.429840705968481
EMS;69;80020;2.0;1.4142135623730951
EMS;69;80023;2.0;
EMS;69;80024;1.5;0.7071067811865476
EMS;69;80025;5.0;4.857983120596448
EMS;69;80026;8.2;5.215361924162119
EMS;69;80027;6.857142857142857;5.545020536233635
EMS;69;80028;4.333333333333333;2.0
EMS;69;80029;2.0;
EMS;69;80032;1.6666666666666667;0.5773502691896257
EMS;69;80033;1.6666666666666667;0.5773502691896257
EMS;69;80034;5.285714285714286;2.811540841738193
EMS;69;80035;7.6;7.6681158050723255
EMS;69;80036;3.7777777777777777;2.773886162848873
EMS;69;80037;3.6666666666666665;2.516611478423583
EMS;69;80038;2.0;0.0
EMS;69;80048;2.0;
EMS;69;80055;36.476190476190474;27.106491930198285
EMS;69;80059;34.785714285714285;51.27779332139876
EMS;69;80186;10.0;
EMS;69;80197;6.666666666666667;5.612486080160912
EMS;69;80198;3.625;1.9955307206712847
EMS;69;80199;14.4;15.95270788577566
EMS;69;80200;3.5;1.6499158227686108
EMS;69;421593;83.33333333333333;73.22795458930513
EMS;69;491478;3.4615384615384617;2.4703368398993897
EMS;69;491580;6.428571428571429;6.32107933473738
EMS;69;491603;7.0;6.008327554319921
EMS;69;491604;14.125;14.67121553305626
EMS;69;491690;0.0;0.0
EMS;69;491691;6.0;3.7172815091383407
EMS;69;491692;4.0;
EMS;69;491693;0.0;0.0
EMS;69;491694;0.0;0.0
EMS;69;491695;2.0;
EMS;69;491696;0.0;0.0
EMS;69;491699;0.0;
EMS;69;491700;0.0;0.0
EMS;69;491711;54.40909090909091;44.04398136377199
EMS;69;491712;44.869565217391305;34.17508974228569
EMS;69;492010;0.0;0.0
EMS;69;680079;4.0;
EMS;70;6947;-686.5;839.3357492684319
EMS;70;37926;2359.3333333333335;3048.202516190508
EMS;70;37927;15823.666666666666;8573.940770342033
EMS;70;37928;31355.875;12094.827336016147
EMS;70;37929;7243.166666666667;3293.004161217702
EMS;70;37930;786.1904761904761;746.449035035053
EMS;70;37931;1418.5;1183.8660690995487
EMS;71;90207;1195.0;415.9789919444616
EMS;71;90208;1.0;3.4641016151377544
EMS;71;90210;1074.6666666666667;284.38364575167554
EMS;71;90212;577.1666666666666;123.757008292255
EMS;71;90618;7.647058823529412;10.781588336549653
EMS;71;90619;1.6666666666666667;1.5275252316519468
EMS;75;4633;-1.0;
EMS;75;4634;0.6666666666666666;0.5773502691896258
EMS;75;4799;0.0;1.4142135623730951
EMS;75;4817;2.0;
EMS;75;5104;0.0;1.0
EMS;75;6987;11.666666666666666;19.89639833403691
EMS;75;90045;-1.0;
EMS;75;90048;61.666666666666664;24.2391466822588
EMS;75;90049;3.1363636363636362;3.059652245186021
EMS;75;90050;11.166666666666666;7.038198056609232
EMS;75;90051;1.8461538461538463;1.5191090506255
EMS;75;90052;1.3;0.6749485577105528
EMS;75;90053;32.166666666666664;12.760900427091535
EMS;75;90054;32.166666666666664;14.8226227411864
EMS;75;90055;67.5;34.7537924111387
EMS;75;90056;1.0;0.0
EMS;75;90057;1.0;0.0
EMS;75;90061;0.0;
EMS;75;90063;1.0;
EMS;75;90064;16.347826086956523;12.553915345972108
EMS;75;90065;51.375;20.45315432247873
EMS;75;90066;33.208333333333336;12.458554479157884
EMS;75;90075;1.0;0.0
EMS;75;90076;1.0;0.0
EMS;75;90077;1.0;0.0
EMS;75;90078;8.416666666666666;3.2958032163009534
EMS;75;90079;1.0;
EMS;75;90080;15.333333333333334;10.273082881202605
EMS;75;90081;33.375;15.43517298955186
EMS;75;90082;29.75;13.41721801009564
EMS;75;90083;29.791666666666668;10.636194017993738
EMS;75;90084;0.0;1.4142135623730951
EMS;75;90089;0.9090909090909091;0.5393598899705937
EMS;75;90094;15.291666666666666;11.06297847569194
EMS;75;90095;50.666666666666664;24.235558975203762
EMS;75;90096;28.291666666666668;9.989033842241664
EMS;75;90591;1.0;0.9258200997725514
EMS;75;91089;-4.0;
EMS;75;91127;4.5;3.0
EMS;75;91129;52.5;40.09862840547043
EMS;75;91130;33.166666666666664;29.64737200270315
EMS;75;91133;1.5;0.7071067811865476
EMS;75;91188;4.75;6.238322424070968
EMS;75;91189;5.25;5.315072906367325
EMS;75;91195;1.0;
EMS;75;91620;34.666666666666664;30.63766744820282
EMS;75;91621;21.4;12.876334882255899
EMS;75;91635;19.25;12.632629707758133
EMS;75;91636;34.0;24.76893215300167
EMS;75;91649;1.0;0.0
EMS;77;90497;104.375;97.48525529535222
EMS;77;90498;2082.125;793.0711527100639
EMS;77;90499;2183.8333333333335;841.6325577821004
EMS;77;90500;1979.75;638.7227914735985
EMS;77;90501;1038.0;379.0736993847204
EMS;77;90502;0.5;2.5166114784235836
EMS;77;90504;22.5;46.36449791237544
EMS;77;90508;-2.0;
EMS;77;90510;130.29166666666666;92.46361407351668
EMS;77;90639;2728.0416666666665;1152.923183804378
EMS;77;90641;3907.25;1753.0059215158303
EMS;77;90642;3.0;0.0
EMS;77;90643;2717.5416666666665;1194.73093129307
EMS;77;90644;10.428571428571429;10.171388442938499
EMS;77;90645;459.2083333333333;215.55630338159037
EMS;83;2942;-4.0;
EMS;83;4900;-25.2;55.23766830705293
EMS;83;5273;-282.0;
EMS;83;5307;0.0;
EMS;83;6904;-36.0;
EMS;83;6945;-1.0;2.0
EMS;83;90394;14.666666666666666;6.506407098647712
EMS;83;90395;2760.125;1579.361134253754
EMS;83;90396;12.0;
EMS;83;90406;-44.666666666666664;43.55838993045236
EMS;83;90412;18.0;25.197402463529667
EMS;83;90413;1.1;11.798775831039045
EMS;83;90449;542.375;239.4941793792111
EMS;83;90451;149.45833333333334;348.93739056775195
EMS;83;90537;22.142857142857142;35.70754222049694
EMS;83;90538;188.54166666666666;250.55902353609682
EMS;83;90539;54.791666666666664;94.76193473838701
EMS;83;90540;29.875;52.529339627860644
EMS;83;90541;15.304347826086957;27.04446638510984
EMS;83;90567;1301.9166666666667;1034.1368556588068
EMS;83;90568;607.4166666666666;894.9994858714416
EMS;83;90586;1205.7916666666667;401.73936815743645
EMS;83;90802;1729.9583333333333;670.7534685558547
EMS;83;90803;29.0;
EMS;83;90968;891.7083333333334;273.8216619192716
EMS;83;90970;4.636363636363637;4.500505022166452
EMS;83;91166;5.086956521739131;4.111105176318284
EMS;83;91167;1.6666666666666667;1.1547005383792517
EMS;83;91717;347.0833333333333;117.86392916028825
EMS;87;6297;1.0;0.0
EMS;87;6298;1.5;0.7071067811865476
EMS;87;6300;3.1818181818181817;2.7136021011998728
EMS;87;6301;4.625;6.520480554887552
EMS;87;6302;5.375;8.309632964216892
EMS;87;6303;5.4;3.699420804087348
EMS;87;6304;4.875;4.38951673226759
EMS;87;6305;1.9;0.7378647873726218
EMS;87;6365;1.0;
EMS;87;6367;1.0;0.0
EMS;87;80077;1.0;
EMS;87;80078;1.6;0.5477225575051662
EMS;87;80079;1.5714285714285714;0.7867957924694431
EMS;87;80080;1.5;0.7071067811865476
EMS;87;80081;1.6666666666666667;1.1126972805283735
EMS;87;80082;5.888888888888889;3.1038664481746916
EMS;87;80083;9.05;6.5892655928131765
EMS;87;80084;8.272727272727273;5.961637823713005
EMS;87;80085;12.45;8.413491671432448
EMS;87;80086;3.8181818181818183;2.061815280543398
EMS;87;80087;3.3333333333333335;2.3484359721209165
EMS;87;80088;2.0;
EMS;87;80089;5.0;
EMS;87;80091;2.5;1.0
EMS;87;80092;1.5384615384615385;0.7762500258061847
EMS;87;80093;5.409090909090909;3.911632114714496
EMS;87;80094;17.681818181818183;12.907680857079832
EMS;87;80095;34.21739130434783;26.592816052698296
EMS;87;80096;38.78260869565217;23.550635045942897
EMS;87;80097;40.708333333333336;18.885188966987876
EMS;87;80098;14.73913043478261;6.870340677700633
EMS;87;80099;6.380952380952381;4.140968370758106
EMS;87;80100;3.1176470588235294;2.2605959651488052
EMS;88;5229;46.85;36.1652275564599
EMS;88;5231;10.625;5.878228596147944
EMS;88;5232;63.714285714285715;67.93799694259044
EMS;88;6405;3.0;2.449489742783178
EMS;88;6913;78.72727272727273;95.40344952787704
EMS;88;6914;362.625;193.19956172873145
EMS;88;6915;458.0833333333333;189.63143122949032
EMS;88;6916;349.0416666666667;112.55162261657176
EMS;88;6917;295.875;114.21768404159702
EMS;88;6918;327.2916666666667;115.4441250756952
EMS;88;6919;290.3333333333333;105.03898517120727
EMS;88;6920;576.0416666666666;185.73110042926757
EMS;88;6921;287.125;104.35737614812733
EMS;88;6922;304.5416666666667;108.34725941706327
EMS;88;6923;32.4;61.91364954515281
EMS;88;6924;49.666666666666664;95.6530187709724
EMS;88;6925;58.0;96.05322598550359
EMS;88;6926;10.0;
EMS;88;6927;152.5;208.59650045003153
EMS;88;6928;24.166666666666668;17.758566008173823
EMS;88;6929;0.0;18.384776310850235
EMS;88;6930;0.0;70.71067811865476
EMS;88;6931;0.0;56.568542494923804
EMS;88;6934;0.0;36.76955262170047
EMS;88;6936;0.0;14.142135623730951
EMS;88;6937;36.125;16.702758540347244
EMS;88;6938;0.0;14.142135623730951
EMS;88;6939;44.333333333333336;52.29722745997153
EMS;88;6940;78.8;136.20095447536335
EMS;88;6941;49.4;58.991901515754215
EMS;88;6943;1.3333333333333333;49.0034012424988
EMS;88;6948;11.25;13.24435893043755
EMS;88;37729;413.7916666666667;129.83433563639832
EMS;88;37732;52.5;3.5355339059327378
EMS;88;37733;52.5;53.033008588991066
EMS;88;37734;36.5;30.405591591021544
EMS;88;37735;33.0;25.45584412271571
EMS;88;37736;39.0;33.94112549695428
EMS;88;37737;28.5;19.091883092036785
EMS;88;37738;42.5;38.890872965260115
EMS;88;37739;27.0;16.97056274847714
EMS;88;37740;22.5;10.606601717798213
EMS;88;80013;124.0909090909091;100.98180368425133
EMS;88;80234;45.0;35.35533905932738
EMS;89;5198;4.333333333333333;4.163331998932265
EMS;89;5199;1.5;1.0
EMS;89;80041;1.5;6.363961030678928
EMS;89;80042;16.666666666666668;13.36435784488206
EMS;89;80043;3.625;2.326094212561969
EMS;89;80053;10.0;12.607433062326866
EMS;95;90404;2493.5833333333335;937.406826287826
EMS;95;91020;0.2857142857142857;1.7043362064926932
EMS;95;91022;4.571428571428571;3.3402309586528376
EMS;97;91056;11.2;22.30919093109385
EMS;97;91057;12.5;17.67766952966369
EMS;97;91116;37.857142857142854;102.25619087091292
EMS;97;91118;52.625;120.72167504672454
EMS;102;6899;1.0;
EMS;102;90623;218.91666666666666;144.15991020441479
EMS;102;90633;59.26086956521739;98.01401448554753
EMS;102;91002;7.7894736842105265;12.159033895139775
EMS;102;91003;17.73913043478261;38.75707254085064
EMS;108;6946;11.909090909090908;32.42119984106385
EMS;110;90257;1293.7166666666667;549.761541276458
EMS;110;90835;115.94875;126.71371115243109
EMS;110;91042;0.0;56.568542494923804
EMS;116;108;0.6666666666666666;0.5773502691896258
EMS;116;726;2.3333333333333335;4.932882862316248
EMS;116;3703;1.75;5.765338709458674
EMS;116;4470;6.923076923076923;21.124478449031347
EMS;116;4957;1.8571428571428572;138.04881814226513
EMS;116;5067;5.411764705882353;36.918929466347976
EMS;116;5170;354.8333333333333;189.8112716373285
EMS;116;5303;0.5714285714285714;1.9023794624226837
EMS;116;6389;6.384615384615385;7.932406754767238
EMS;116;31490;9.041666666666666;11.327070946713631
EMS;116;35794;12.869565217391305;20.08460366419577
EMS;116;40569;30.0;
EMS;116;90963;2.0;
EMS;116;92004;13.8;18.598002964988318
EMS;116;92005;42.1875;44.13648339714739
EMS;116;92332;10.125;14.913440725926202
EMS;117;38563;14.764705882352942;12.472617065820158
EMS;117;38564;43.608695652173914;33.60430049647972
EMS;117;38565;47.78260869565217;42.553662935745166
EMS;117;38566;31.727272727272727;27.927085023719858
EMS;117;38567;4.4375;3.4247870980057527
EMS;117;320527;178.45833333333334;109.84494176740253
EMS;117;710301;6.222222222222222;5.6740148435164
EMS;117;710302;48.43478260869565;27.179246907348126
EMS;117;710303;122.41666666666667;79.03654447354616
EMS;117;710304;100.3913043478261;50.58362934104524
EMS;117;710305;28.347826086956523;19.18476833241359
EMS;117;710306;4.615384615384615;2.8442474557857285
EMS;117;710307;3.1666666666666665;0.9831920802501751
EMS;117;710308;4.0;1.4142135623730951
EMS;117;710401;11.272727272727273;6.4045438415379605
EMS;117;710402;66.08333333333333;47.18872071076774
EMS;117;710403;161.04166666666666;105.89514057359503
EMS;117;710404;109.54166666666667;73.56746632479113
EMS;117;710405;34.75;29.56091720645617
EMS;117;710406;4.5;2.8123105996832765
EMS;117;710407;6.0;3.9157800414902435
EMS;117;710408;3.0;
EMS;117;720902;2.3333333333333335;0.5773502691896257
EMS;117;720903;3.75;3.593976442141304
EMS;117;720904;3.0;1.8257418583505538
EMS;117;720905;3.0;1.0
EMS;117;720906;1.0;
EMS;117;721036;2.0;
EMS;117;721040;4.0;2.958039891549808
EMS;117;721042;5.0;2.9760952365713798
EMS;117;721044;4.4;2.1908902300206643
EMS;117;721046;3.8333333333333335;0.983192080250175
EMS;117;721048;3.75;1.5
EMS;117;721050;3.25;0.9574271077563381
EMS;117;721058;3.5;0.7071067811865476
EMS;117;729002;1.5;0.7071067811865476
EMS;117;729003;2.75;1.707825127659933
EMS;117;729004;5.0;
EMS;117;729006;2.0;1.4142135623730951
EMS;122;4824;22.0;17.9249643744719
EMS;122;4833;27.416666666666668;25.683553639172125
EMS;122;4834;12.166666666666666;8.180925145231685
EMS;122;4835;14.125;10.452012496040718
EMS;122;4836;20.625;13.855818115585013
EMS;122;5392;94.625;93.22894330391833
EMS;122;5393;78.125;109.40086340172765
EMS;122;5454;9.923076923076923;13.43168851672255
EMS;122;50604;0.0;
EMS;122;90838;98.20833333333333;48.091379654793116
EMS;122;90839;19.4;29.496515801776393
EMS;122;90842;14.0;
EMS;122;90843;55.833333333333336;20.284212465913456
EMS;122;90844;330.0416666666667;174.42862727916184
EMS;122;90853;2.6666666666666665;2.1602468994692865
EMS;122;90854;5.125;4.155461122770509
EMS;122;90857;1.0;0.0
EMS;122;90862;14.291666666666666;12.561082640499157
EMS;122;92424;1.0;
EMS;122;92425;2.5714285714285716;3.0472470011002204
EMS;131;3856;19.91304347826087;15.002766543293578
EMS;131;5233;17.238095238095237;19.06280347143295
EMS;131;5237;8.666666666666666;5.686240703077327
EMS;131;5270;6.9375;5.836308764964375
EMS;131;6101;6.4;7.635443667528429
EMS;131;6208;8.777777777777779;9.510228411791404
EMS;131;6212;7.647058823529412;6.470521390029055
EMS;131;6233;0.0;
EMS;131;6329;17.125;12.597477071677034
EMS;131;6343;4.5;5.04975246918104
EMS;131;6344;7.090909090909091;5.539937643232918
EMS;131;6346;2.0;1.4142135623730951
EMS;131;6373;4.0;0.816496580927726
EMS;131;6397;3.5;2.1213203435596424
EMS;131;6400;5.0;2.756809750418044
EMS;131;6401;6.0;3.4641016151377544
EMS;131;6909;5.75;2.9640705601780617
EMS;131;6989;5.777777777777778;4.893306085301066
EMS;131;37603;14.666666666666666;11.587349423689037
EMS;131;38602;8.0;4.242640687119285
EMS;131;80000;6.545454545454546;6.05580112559249
EMS;131;80001;7.8;6.408327915038889
EMS;131;80121;23.391304347826086;13.750170678063938
EMS;131;80124;10.88888888888889;6.533973558066816
EMS;131;80125;2.8;3.492849839314596
EMS;131;80126;29.083333333333332;16.39171759752777
EMS;131;80127;32.30434782608695;19.760922831341784
EMS;131;80128;2.75;1.752549163769328
EMS;131;80129;17.666666666666668;19.012276735485067
EMS;131;80133;2.6666666666666665;2.6583202716502514
EMS;131;80135;3.4285714285714284;2.760262237369417
EMS;131;80137;8.818181818181818;5.439155778649439
EMS;131;80138;6.315789473684211;4.989462580489533
EMS;131;80140;3.6666666666666665;2.1213203435596424
EMS;131;80141;6.611111111111111;5.467969715576113
EMS;131;80143;7.636363636363637;4.61411348907277
EMS;131;80144;28.428571428571427;17.580021127892394
EMS;131;80145;4.75;3.1052950170405937
EMS;131;80146;5.9411764705882355;4.709970650589212
EMS;131;80148;16.352941176470587;11.477919979631482
EMS;131;80151;20.0;15.10542660911893
EMS;131;80184;12.916666666666666;13.918322347527987
EMS;131;90635;8.761904761904763;5.146889953212152
EMS;131;291450;21.666666666666668;20.944370763206678
EMS;131;491602;8.307692307692308;8.929208768461471
EMS;131;491608;81.88888888888889;140.11552773019523
EMS;147;292;788.4166666666666;477.99371622817716
EMS;147;3225;14.0;15.552965532081178
EMS;147;3631;2383.1666666666665;1002.3896954025792
EMS;147;37864;5.761904761904762;6.276183250230684
EMS;147;37865;86.41666666666667;223.17684870322336
EMS;147;37866;24.625;27.02464656085497
EMS;147;37867;3.75;4.165964853175639
EMS;147;42773;183.79166666666666;62.42559339041102
EMS;147;42774;117.45833333333333;31.73117951830957
EMS;147;42775;2.3529411764705883;3.1412811174461175
EMS;147;42780;976.375;295.94561963747446
EMS;147;42816;637.8333333333334;245.44735850503963
EMS;147;42829;2077.2083333333335;761.2262406753683
EMS;147;42834;2.75;2.362907813126304
EMS;147;42839;4157.333333333333;1189.1651315712747
EMS;149;37957;213.34782608695653;356.3488598009301
EMS;163;90545;21.833333333333332;19.802649507988363
EMS;163;90546;13.333333333333334;10.260378273672007
EMS;163;90551;65.08333333333333;46.48788216735407
EMS;163;90553;9.291666666666666;11.715761092264321
EMS;163;90554;89.79166666666667;44.74758110214175
EMS;163;90555;0.0;4.242640687119285
EMS;163;90556;51.958333333333336;34.157536779466106
EMS;163;91031;15.5;16.542486093506202
EMS;163;91032;1.0;3.4641016151377544
EMS;163;91034;0.0;5.196152422706632
EMS;163;91270;0.0;2.8284271247461903
EMS;174;91308;15.5;7.501514998500454
EMS;174;91310;6.0;3.4641016151377544
EMS;174;91311;3.0;
EMS;174;91313;16.714285714285715;20.07841769519842
EMS;174;91504;18.3;9.821178929006209
EMS;174;91505;25.5;21.605975604405874
EMS;174;91506;18.923076923076923;14.665501119188635
EMS;174;91512;5.888888888888889;3.018461712712472
EMS;174;91513;3.25;3.882193783343198
EMS;174;91514;3.111111111111111;1.6914819275153699
EMS;174;91517;3.75;3.304037933599835
EMS;174;91526;6.0;3.605551275463989
EMS;174;91528;4.5;2.1213203435596424
EMS;174;91533;3.0;
EMS;174;91545;5.2;2.440400695696417
EMS;174;91546;9.0;8.246211251235321
EMS;174;91547;8.25;7.516648189186454
EMT;2;37754;9.272727272727273;13.342345439171547
EMT;2;37782;44.25;46.44082255946809
EMT;2;37968;72.66666666666667;35.54013856578731
EMT;2;38022;4.0;
EMT;4;3034;0.0;
EMT;4;3080;-3.0;5.196152422706632
EMT;4;3097;-229.0;432.87503970545583
EMT;4;3887;-1.3333333333333333;2.3094010767585034
EMT;4;90462;3376.2083333333335;1059.4210059054064
EMT;4;90463;388.875;203.55819860028066
EMT;4;90581;2000.0833333333333;1129.4394884060916
EMT;4;90638;8534.25;5789.678554191896
EMT;4;90837;868.8;583.3878165032627
EMT;4;503080;21.0;354.0
EMT;4;503097;77.0;578.780614741026
EMT;4;590462;17.5;11.818065267490557
EMT;4;590581;72.0;
EMT;4;590638;469.0;996.883644163149
EMT;8;91320;2.0;
EMT;10;2987;170.0;
EMT;10;3054;-1.35;0.49497474683058335
EMT;10;90008;3.0;
EMT;10;90009;140.0;56.568542494923804
EMT;10;90011;10.634666666666666;12.22900642305981
EMT;10;90255;31775.525416666667;11737.916725721177
EMT;10;90256;21718.355;15291.041299420474
EMT;10;90300;1270.2608333333333;515.2062086355974
EMT;10;590255;210.8;1832.3600082953133
EMT;10;590300;12.375000000000004;100.30499638602258
EMT;11;3;3.0;
EMT;11;5;1.0775000000000001;2.1890987491050593
EMT;11;13;5.499375;7.1520118090413325
EMT;11;126;-8.0;8.48528137423857
EMT;11;127;0.0;
EMT;11;128;-10.0;
EMT;11;130;1.6685714285714286;2.8820156636830214
EMT;11;131;87.42;
EMT;11;133;3.0;
EMT;11;134;60.3;62.64966081312811
EMT;11;140;-5.0;
EMT;11;301;-2.0;
EMT;11;786;-600.0;
EMT;11;2886;-423.09799999999996;770.6593462873203
EMT;11;2887;-0.6538461538461539;142.84802306055093
EMT;11;2889;5.0;
EMT;11;2892;303.0;
EMT;11;2893;276.0;
EMT;11;2933;0.9199999999999999;4.07578213352971
EMT;11;2935;2.3200000000000003;5.962107155958408
EMT;11;2936;31.766666666666662;54.53680347557357
EMT;11;3028;8.02;2.8567113959936514
EMT;11;30260;2.4;
EMT;11;90000;570.0;
EMT;11;90258;137.15208333333334;292.5006587577742
EMT;11;90259;91.195;204.64533506830148
EMT;11;90260;58.062916666666666;454.1754684133815
EMT;11;90261;-5.627142857142857;18.82009716082404
EMT;11;90262;37426.58708333333;17694.461486059878
EMT;11;90263;14357.84875;19490.22148885353
EMT;11;90264;50611.64958333334;46682.623360862206
EMT;11;90266;37866.57916666667;22080.473299601734
EMT;11;90267;1715.6008333333332;2928.8511317133216
EMT;11;90268;21360.412500000002;25169.10331842219
EMT;11;90269;4.8;652.8257845704319
EMT;11;90270;3.0;
EMT;11;90272;15427.052083333334;6975.704284460072
EMT;11;90273;18.0;49.90991885387112
EMT;11;90274;150444.44625;30154.735073019456
EMT;11;90282;696.2291666666666;2131.418021448584
EMT;11;90283;2561.7508333333335;2390.4704928417545
EMT;11;90284;112.25545454545454;272.3066284230277
EMT;11;90285;18727.476666666666;2601.8521852772274
EMT;11;90286;159.85416666666666;262.59294334564197
EMT;11;90287;11403.345000000001;2863.236192559496
EMT;11;90288;17383.73;11284.62545351822
EMT;11;90289;16071.310416666667;10767.362849685065
EMT;11;90290;14551.934583333334;7882.27890527252
EMT;11;90291;301.53761904761905;1184.9969399787697
EMT;11;90292;2909.6854166666667;10629.530095243885
EMT;11;90293;2326.6336363636365;12543.964590896006
EMT;11;90296;8789.75;8639.171835309215
EMT;11;90297;12240.083333333334;9676.849239816902
EMT;11;90391;374.84291666666667;142.92891935075755
EMT;11;90392;29.152083333333334;11.896337390016365
EMT;11;90560;203.43291666666664;213.5264482850079
EMT;11;90624;-50.0;
EMT;11;91171;150.0;128.06248474865697
EMT;11;91172;500.0;
EMT;11;91173;28.333333333333332;10.408329997330664
EMT;11;91174;60.0;64.8074069840786
EMT;11;91176;158.33333333333334;140.91959882618647
EMT;11;91204;74.8;904.6365507146442
EMT;11;91206;57.345454545454544;483.0911002790584
EMT;11;91207;10.4;12.25969004502153
EMT;11;590262;973.9399999999999;1928.4377442894026
EMT;11;590274;39.375;498.83032829667786
EMT;11;590283;-25.0;
EMT;11;690851;3.5555555555555554;12.456438205914955
EMT;12;20;0.0;
EMT;12;353;82.96153846153847;178.95093153553546
EMT;12;355;231.65;282.57747423913395
EMT;12;357;131.5;150.76140089558734
EMT;12;422;331.0833333333333;293.8993715197604
EMT;12;447;33.177499999999995;51.43084133853415
EMT;12;450;5.857142857142857;10.807845474909595
EMT;12;623;-1.3333333333333333;4.163331998932265
EMT;12;733;0.0;
EMT;12;2873;18.0;
EMT;12;2888;46.9125;81.35527410684571
EMT;12;3073;-22.166666666666668;66.34279664490084
EMT;12;3075;-5.773333333333333;15.13663572847251
EMT;12;3098;-153.18263157894737;357.6296761835271
EMT;12;3114;10.875;9.936255163121903
EMT;12;3145;-17.875;60.614560956918595
EMT;12;3150;3.0;
EMT;12;3152;-2.4;5.366563145999495
EMT;12;3160;-4.5;3.0
EMT;12;3275;0.0;0.0
EMT;12;3398;7.5;4.708148963941845
EMT;12;3515;3.0;
EMT;12;3623;138.05882352941177;147.5607800993523
EMT;12;5309;1.0;
EMT;12;9058;0.0;
EMT;12;9060;2.0;
EMT;12;90294;6334.519166666666;2026.4586396468287
EMT;12;90945;145.2;103.09197619386079
EMT;12;91099;-50.0;70.71067811865476
EMT;12;91217;3993.6416666666664;1294.4739541493352
EMT;12;91221;3.0;32.526911934581186
EMT;12;91223;75.19047619047619;136.37067831745176
EMT;12;91227;185.81578947368422;293.2158481830936
EMT;12;91377;252.58333333333334;289.8003884599107
EMT;12;91378;-3.3333333333333335;20.207259421636902
EMT;12;91462;2053.1470833333333;647.2418620341117
EMT;12;92066;786.2345833333334;346.48509848099394
EMT;12;92083;56.75555555555556;83.01890012387408
EMT;12;92090;40.0;61.15145133191852
EMT;12;92097;53.520833333333336;52.339244392933196
EMT;12;92108;255.3846153846154;162.4287220401298
EMT;12;92109;291.29411764705884;267.9509667611507
EMT;12;92110;372.9318181818182;343.4991611362373
EMT;12;92113;225.7058823529412;231.47428709952925
EMT;12;92117;500.0;
EMT;12;503073;-15.0;0.0
EMT;12;503075;-0.39999999999999997;0.17320508075688773
EMT;12;503098;-3.6666666666666665;2.3094010767585034
EMT;12;503145;-15.0;0.0
EMT;12;503152;-12.0;0.0
EMT;12;503160;-6.0;0.0
EMT;12;590294;4.25;68.39499250676178
EMT;12;591217;9.0;8.48528137423857
EMT;15;95;-2.6666666666666665;3.055050463303893
EMT;15;96;3.9;7.355270219373317
EMT;15;159;0.8;33.31918998194032
EMT;15;161;5.681818181818182;85.18293276608898
EMT;15;162;2.1;6.86639413528328
EMT;15;167;-6.0;
EMT;15;174;0.42857142857142855;1.1578684470436789
EMT;15;177;-15.0;16.97056274847714
EMT;15;178;-13.8;47.26708979594341
EMT;15;180;1.0;1.4142135623730951
EMT;15;184;15.0;10.801234497346433
EMT;15;185;6.222222222222222;10.779352691346752
EMT;15;203;1.875;1.2464234547582247
EMT;15;361;7.714285714285714;13.145884744447052
EMT;15;420;18.0;
EMT;15;500;0.0;
EMT;15;1026;-6.0;
EMT;15;1993;-1.2857142857142858;13.589750501069497
EMT;15;1997;3.1666666666666665;2.9268868558020253
EMT;15;2430;393.73333333333335;1042.0325924890851
EMT;15;2448;0.0;
EMT;15;2449;2.0;0.0
EMT;15;2450;0.0;0.0
EMT;15;2452;3.8333333333333335;4.070217029430577
EMT;15;2785;-3.0;
EMT;15;2898;46.0;35.35533905932738
EMT;15;2899;9.0;10.816653826391969
EMT;15;2900;1651.5;1793.9299038702711
EMT;15;2902;-142.0909090909091;349.1221718955857
EMT;15;2903;0.75;0.5
EMT;15;2904;0.8333333333333334;2.0412414523193148
EMT;15;2905;1.375;5.0124844139408555
EMT;15;2909;-5.0;1.4142135623730951
EMT;15;2913;-4.5;6.363961030678928
EMT;15;2914;-3.176470588235294;20.976878027120858
EMT;15;2915;-1.875;4.54933276112317
EMT;15;2916;-0.75;2.7124053637210745
EMT;15;2917;-0.0625;15.442231056424458
EMT;15;2919;-13.11111111111111;22.379926521575335
EMT;15;2921;-21.0;35.53871128783372
EMT;15;2922;16.0;22.627416997969522
EMT;15;2923;-2.3333333333333335;6.470445631227162
EMT;15;2925;9.0;
EMT;15;2939;-7.0;16.950909513454825
EMT;15;2940;-2.1;6.256785789928614
EMT;15;3032;5.0;10.019980039900279
EMT;15;3053;3.0;
EMT;15;3057;8.761904761904763;15.417213632510776
EMT;15;3058;4.7272727272727275;8.212544517132764
EMT;15;3059;2.0476190476190474;10.22485300860697
EMT;15;3109;6.555555555555555;8.217528690414033
EMT;15;3128;4.375;12.316510405607126
EMT;15;3146;499.9583333333333;240.73519263085421
EMT;15;3165;1.6842105263157894;9.522211645404813
EMT;15;3173;18.2;40.65245653367361
EMT;15;3210;0.0;1.4142135623730951
EMT;15;3227;9.0;
EMT;15;3338;715.2083333333334;435.1857153952298
EMT;15;3352;14.80952380952381;22.515814548043885
EMT;15;3363;-3.0;
EMT;15;3375;1292.0434782608695;1247.9494992062657
EMT;15;3666;12.0;
EMT;15;3773;0.75;0.5
EMT;15;3800;724.2916666666666;597.1058080562378
EMT;15;3838;32.23809523809524;62.25986248130072
EMT;15;3874;0.5;0.7071067811865476
EMT;15;3913;2.2;1.3038404810405297
EMT;15;4008;2.727272727272727;3.37908002541843
EMT;15;4009;7.5;7.7781745930520225
EMT;15;4088;352.625;399.0318514583276
EMT;15;4102;-12.0;
EMT;15;4145;7.75;7.990050631310736
EMT;15;4158;0.0;8.48528137423857
EMT;15;4274;1.0;1.0
EMT;15;4475;-11.384615384615385;108.43318869357483
EMT;15;30270;6.0;
EMT;15;32672;-4.0;
EMT;15;32863;-30.0;
EMT;15;32865;21.5;4.949747468305833
EMT;15;32915;1.0;
EMT;15;32962;6.0;
EMT;15;37690;1243.4583333333333;1495.9577993108096
EMT;15;37691;9198.166666666666;7056.299853548487
EMT;15;37976;75.3529411764706;74.09785858618874
EMT;15;37990;4.2;1.9235384061671346
EMT;15;90113;56.166666666666664;71.93999109563873
EMT;15;90114;3.8181818181818183;2.442055765873573
EMT;15;90115;1.0;
EMT;15;90333;215.66666666666666;82.77978469181464
EMT;15;90340;723.2916666666666;454.4949876957717
EMT;15;90341;35.375;30.074996837615938
EMT;15;90342;1437.6666666666667;553.4028068836178
EMT;15;90343;4.166666666666667;2.2286019533929036
EMT;15;90345;843.5;324.49197752527084
EMT;15;90346;335.9583333333333;171.44842783122013
EMT;15;90347;106.625;76.35376047799109
EMT;15;90348;59.833333333333336;42.924267653894674
EMT;15;90349;16.6;22.514089156044395
EMT;15;90352;31.285714285714285;35.73393745047256
EMT;15;90353;29332.0;5391.072822167497
EMT;15;90354;17.63157894736842;19.428531500278396
EMT;15;90355;7240.666666666667;2931.246502423673
EMT;15;90356;5034.583333333333;2069.009948421386
EMT;15;90357;3280.2916666666665;914.2367916638906
EMT;15;90428;16.272727272727273;42.4950213534108
EMT;15;90429;35.041666666666664;23.20696890585027
EMT;15;90430;9.782608695652174;9.913060814075406
EMT;15;90431;4.842105263157895;4.38764879956271
EMT;15;90432;7.35;29.09743161029491
EMT;15;90434;5.238095238095238;8.842537881766535
EMT;15;90435;97.95833333333333;62.13413202354114
EMT;15;90436;21.952380952380953;35.1986877461024
EMT;15;90437;1.5333333333333334;6.978197338513586
EMT;15;90438;33.47826086956522;65.25326154524761
EMT;15;90439;14.3125;59.7837422158678
EMT;15;90459;0.0;1.4142135623730951
EMT;15;90460;2084.5;573.1909917675594
EMT;15;90461;56.083333333333336;32.68947000603348
EMT;15;90464;6.3;15.776564898608317
EMT;15;90465;67.75;54.14091918719872
EMT;15;90466;128.54166666666666;63.03551736343062
EMT;15;90471;9168.75;1543.7341021888687
EMT;15;90472;5145.625;1556.1606548475813
EMT;15;90473;9568.25;2347.931879057749
EMT;15;90474;15672.958333333334;2591.4599121825663
EMT;15;90475;245.20833333333334;106.95833368619547
EMT;15;90476;521.2083333333334;195.88083759324667
EMT;15;90477;6117.083333333333;925.8254562077664
EMT;15;90478;312.75;162.5552080130745
EMT;15;90486;44.75;41.868583220232864
EMT;15;90487;5076.625;2612.4083143886514
EMT;15;90488;3423.4583333333335;1234.5716729213052
EMT;15;90490;12142.458333333334;4415.105444397102
EMT;15;90492;2.0;2.0
EMT;15;90493;100.0;
EMT;15;90587;285.5416666666667;323.13114569604795
EMT;15;90588;101.72222222222223;173.9539511600211
EMT;15;90646;345.23809523809524;636.3194877388171
EMT;15;90787;150.54166666666666;127.0347364910965
EMT;15;90788;31.625;35.61852534603429
EMT;15;90789;19.5;26.688258802228685
EMT;15;90790;646.25;242.485723470386
EMT;15;90791;1971.8333333333333;757.1964690578154
EMT;15;90792;18.91304347826087;15.278960707986833
EMT;15;90793;402.0833333333333;299.18191596515277
EMT;15;90794;24.0;35.07135583350036
EMT;15;90795;122.375;109.07189990013966
EMT;15;90796;248.29166666666666;374.6699973097098
EMT;15;90797;2657.7083333333335;917.1110823225508
EMT;15;90798;610.25;356.1817135163992
EMT;15;90799;812.625;371.65280811882576
EMT;15;90800;126.91666666666667;105.41632439653435
EMT;15;90804;181.70833333333334;110.09619476371233
EMT;15;90805;47.76470588235294;37.251727160906086
EMT;15;90806;11.529411764705882;13.271763480500734
EMT;15;90819;4.75;7.5
EMT;15;90820;373.5416666666667;299.8506844598066
EMT;15;90822;21.31578947368421;25.309314560232007
EMT;15;90830;7.333333333333333;7.783844506034126
EMT;15;90887;253.66666666666666;169.30308984742146
EMT;15;90888;54.25;34.81160476173077
EMT;15;90911;260.53333333333336;491.81614838222197
EMT;15;91319;8.714285714285714;11.116268644263172
EMT;15;91393;22.045454545454547;21.750702829864455
EMT;15;91395;23.217391304347824;22.45997757980572
EMT;15;91642;3.5;4.08656334834051
EMT;15;91845;2000.0;0.0
EMT;15;91846;2267.3571428571427;2109.295894446692
EMT;15;92012;167.70833333333334;204.15200627636915
EMT;15;92013;50.541666666666664;67.61848163018018
EMT;15;92014;10.0;7.185844671043456
EMT;15;92015;4.444444444444445;3.713603327390072
EMT;15;92016;3.066666666666667;2.313521331732421
EMT;15;92172;276.4583333333333;255.04918181583633
EMT;15;92195;22.958333333333332;14.677635062042276
EMT;15;92196;469.3333333333333;451.6713567326952
EMT;15;92197;3.5;3.7815340802378077
EMT;15;200107;16.0;19.79898987322333
EMT;15;502902;65.0;776.3804909106531
EMT;15;502909;2.0;
EMT;15;502914;2.25;14.338177476002079
EMT;15;502919;5.0;57.723478758647246
EMT;15;502940;4.75;46.485660871570566
EMT;15;503059;7.0;40.049968789001575
EMT;15;503146;2.0;0.0
EMT;15;504088;5.0;14.142135623730951
EMT;15;590353;2.0;5.656854249492381
EMT;15;590355;4.0;
EMT;15;590460;8.5;6.363961030678928
EMT;15;590471;-3.0;
EMT;15;590472;9.5;0.7071067811865476
EMT;15;590474;2.125;59.23183868736234
EMT;15;590477;-1.0;
EMT;15;590487;2.0;
EMT;15;590488;20.8;54.14055781020362
EMT;15;590490;109.5;50.204581464244875
EMT;15;590793;2.0;
EMT;15;590797;20.0;18.520259177452136
EMT;15;590804;6.0;
EMT;16;3569;4.0625;4.312288642163617
EMT;16;4135;3.4375;3.7765725201563387
EMT;17;851;10.0;
EMT;17;719701;16.615384615384617;18.29634964293179
EMT;17;721102;4.75;5.011350752405619
EMT;17;721103;5.75;5.013315602805526
EMT;17;721104;10.625;10.626225419530053
EMT;17;721105;8.2;7.542261881273699
EMT;17;721106;5.090909090909091;4.323298404101791
EMT;17;721107;4.4;3.361547262794322
EMT;17;721108;1.5555555555555556;1.509230856356236
EMT;17;753402;2.0;0.0
EMT;17;753403;5.5;3.5355339059327378
EMT;17;753404;3.6666666666666665;3.7859388972001824
EMT;17;753405;2.8333333333333335;1.4719601443879746
EMT;17;753406;3.0;2.5071326821120348
EMT;17;753407;3.5;1.2909944487358056
EMT;17;753408;4.0;0.0
EMT;17;753409;2.0;0.0
EMT;17;753413;2.0;
EMT;17;753415;3.0;0.0
EMT;17;753416;6.0;4.33589667773576
EMT;17;753417;8.8;6.4944420682440285
EMT;17;753418;8.411764705882353;5.000735240059853
EMT;17;753419;6.947368421052632;4.624496179291394
EMT;17;753420;5.470588235294118;3.3933325628875433
EMT;17;753421;4.6;3.062315754094894
EMT;17;753422;5.5;3.696845502136472
EMT;17;753423;2.3333333333333335;0.5773502691896258
EMT;17;753425;2.3333333333333335;1.5275252316519468
EMT;17;753426;5.5;4.949747468305833
EMT;17;753438;1.2857142857142858;1.7994708216848745
EMT;17;753440;2.75;2.0615528128088303
EMT;17;753442;1.8888888888888888;1.536590742882148
EMT;17;753444;1.8;1.3038404810405297
EMT;17;753446;1.5;1.224744871391589
EMT;17;753448;1.6;0.894427190999916
EMT;17;753450;3.0;
EMT;17;753452;2.0;
EMT;17;753454;1.0;
EMT;17;753458;3.0;
EMT;17;763840;4.0;
EMT;17;764034;1.0;
EMT;17;764036;3.25;3.304037933599835
EMT;17;764038;3.8;3.492849839314596
EMT;17;764040;4.818181818181818;3.0925129528647677
EMT;17;764042;4.5;3.2058973436118907
EMT;17;764044;7.75;2.0615528128088303
EMT;17;764046;3.75;3.4034296427770228
EMT;17;764048;4.5;4.949747468305833
EMT;17;764050;4.5;2.1213203435596424
EMT;17;764052;6.0;
EMT;17;764136;4.0;2.0
EMT;17;764138;8.666666666666666;2.309401076758503
EMT;17;764140;2.888888888888889;2.848001248439177
EMT;17;764142;3.4285714285714284;3.2071349029490923
EMT;17;764144;5.571428571428571;2.819996622760558
EMT;17;764146;4.8;2.280350850198276
EMT;17;764148;5.5;4.123105625617661
EMT;17;764150;2.5;0.7071067811865476
EMT;17;764152;4.0;
EMT;17;764740;5.0;
EMT;17;764744;2.3333333333333335;2.3094010767585034
EMT;17;764746;5.0;
EMT;17;764748;5.0;
EMT;17;764802;2.0;1.0
EMT;17;764803;4.714285714285714;2.4976179127511156
EMT;17;764804;4.833333333333333;4.262237284181474
EMT;17;764805;6.25;2.9860788111948193
EMT;17;764901;2.6666666666666665;0.5773502691896257
EMT;17;764903;4.666666666666667;3.141125063837266
EMT;17;764904;6.0;3.605551275463989
EMT;17;764906;3.0;
EMT;17;765001;4.0;1.4142135623730951
EMT;17;765002;6.714285714285714;4.750939756661683
EMT;17;765003;6.555555555555555;4.503085362035432
EMT;17;765004;9.428571428571429;5.798193478924933
EMT;17;765005;3.142857142857143;2.544836041121407
EMT;17;765006;6.0;2.898275349237888
EMT;17;765007;1.5;0.7071067811865476
EMT;17;765008;2.5;2.1213203435596424
EMT;17;765101;3.0;2.8284271247461903
EMT;17;765102;6.125;4.642582409453969
EMT;17;765103;8.272727272727273;5.274294437949195
EMT;17;765104;7.857142857142857;2.853569193634026
EMT;17;765105;5.75;3.593976442141304
EMT;17;765106;2.6666666666666665;2.0816659994661326
EMT;17;765107;4.0;
EMT;17;765108;5.0;4.242640687119285
EMT;17;778501;10.0;12.027745701779143
EMT;17;778502;13.117647058823529;18.404762810686993
EMT;17;778503;16.11111111111111;25.90909195150679
EMT;17;778504;11.083333333333334;13.634570589186707
EMT;17;778505;11.2;11.409547658771482
EMT;17;778506;3.625;2.5035688811888406
EMT;17;778507;3.5;2.1213203435596424
EMT;17;778508;2.0;1.0
EMT;17;778509;2.0;0.0
EMT;17;778510;5.0;4.06201920231798
EMT;17;778511;7.25;5.4958662151243685
EMT;17;778512;2.8181818181818183;2.1362669223756576
EMT;17;778836;4.4;2.0736441353327724
EMT;17;778838;5.6;4.219004621945797
EMT;17;778840;4.777777777777778;3.032234233110042
EMT;17;778841;1.5;0.7071067811865476
EMT;17;778842;3.5;3.082207001484488
EMT;17;778844;2.2;1.3038404810405297
EMT;17;778846;5.0;0.0
EMT;17;778848;2.5;1.0488088481701516
EMT;17;778850;3.75;0.9574271077563381
EMT;17;778852;3.4;2.3021728866442674
EMT;17;778854;3.0;
EMT;17;778858;6.0;
EMT;19;112;791.0869565217391;559.4636971765889
EMT;19;215;15.0;14.142135623730951
EMT;19;3139;-86.66666666666667;115.47005383792515
EMT;19;3147;-9.0;13.416407864998739
EMT;19;3155;-8.666666666666666;11.547005383792515
EMT;19;3157;-45.833333333333336;86.03816982401861
EMT;19;3174;-10.5;15.0
EMT;19;3366;75.52380952380952;103.6106264085007
EMT;19;3420;1250.125;968.4248220019794
EMT;19;3540;156.4;137.2034984976695
EMT;19;3828;689.9166666666666;526.2780647616576
EMT;19;4320;24.77777777777778;27.174334296251757
EMT;19;50597;64.0;
EMT;19;503139;-20.0;
EMT;19;503147;-3.0;
EMT;19;503155;-2.0;
EMT;19;503157;-20.0;
EMT;19;503174;-3.0;
EMT;25;359;299.6875;184.43452993768096
EMT;25;360;487.6190476190476;351.4995698703594
EMT;26;375;50.875;64.71429685464646
EMT;26;3077;444.6666666666667;782.3639577069233
EMT;26;38560;2568.909090909091;1777.4588578479083
EMT;26;38561;-10.125;19.569929556775183
EMT;26;90415;157.625;108.0337356730677
EMT;26;91235;2001.875;1037.15770938196
EMT;26;91236;570.8333333333334;815.7416826138182
EMT;26;503077;-1.5;0.5773502691896257
EMT;29;3167;0.5;8.712060605849802
EMT;29;503167;-1.0;0.0
EMT;30;213;-0.3333333333333333;0.5773502691896258
EMT;30;226;21.0;
EMT;30;249;0.6666666666666666;13.963154979076075
EMT;30;250;-2.4;3.7815340802378072
EMT;30;252;-1.0;1.61245154965971
EMT;30;312;0.36363636363636365;1.433368568981982
EMT;30;348;60.0;
EMT;30;374;164.0;
EMT;30;376;1.5;0.7071067811865476
EMT;30;393;709.0;551.4516810399069
EMT;30;454;0.1;
EMT;30;1044;1.0;
EMT;30;2937;34.5;27.577164466275352
EMT;30;2941;2.0;1.4142135623730951
EMT;30;2954;30.0;15.556349186104045
EMT;30;2955;2.2083333333333335;115.41794720160242
EMT;30;2957;18.0;
EMT;30;2958;431.25;272.7102698915973
EMT;30;2960;-27.2;51.03626161857861
EMT;30;2961;-5.05;49.30407797802488
EMT;30;2962;3.05;5.052097011195086
EMT;30;2963;-0.9473684210526315;13.040422983130085
EMT;30;2964;36.25;77.88187822928863
EMT;30;2965;2.0;0.0
EMT;30;2966;130.83333333333334;203.93981777809432
EMT;30;2971;1.0;
EMT;30;2972;2.5;2.1213203435596424
EMT;30;2974;1.0;
EMT;30;2975;4.0;
EMT;30;3010;2.0;
EMT;30;3011;95.0;157.93353032209467
EMT;30;3012;6.85;7.90253124005214
EMT;30;3013;41.5;25.38914523279927
EMT;30;3014;21.625;24.943087393016366
EMT;30;3015;19.708333333333332;19.13448779529794
EMT;30;3016;-1.2222222222222223;2.333333333333333
EMT;30;3017;4.714285714285714;8.5623761722016
EMT;30;3019;5.5;6.363961030678928
EMT;30;3020;-5.5;4.123105625617661
EMT;30;3021;83.79166666666667;109.8469208239027
EMT;30;3037;3.5833333333333335;4.1169497643666775
EMT;30;3039;18.91304347826087;15.39749992539598
EMT;30;3055;10.619047619047619;29.92904306936022
EMT;30;3056;290.0;386.08030252785494
EMT;30;3081;1064.5833333333333;507.94153349502284
EMT;30;3082;41.208333333333336;48.44896837118293
EMT;30;3083;0.5;0.7071067811865476
EMT;30;3084;59.666666666666664;109.40901851919399
EMT;30;3085;0.0;2.8284271247461903
EMT;30;3086;6.0;2.8284271247461903
EMT;30;3087;7.666666666666667;11.718930554164631
EMT;30;3088;-2.0;
EMT;30;3090;6.0;7.0710678118654755
EMT;30;3091;12.0;
EMT;30;3092;21.0;
EMT;30;3095;32.916666666666664;45.861717166382626
EMT;30;3096;-13.533333333333333;18.954331079377788
EMT;30;3102;2.0;
EMT;30;3137;3.0;
EMT;30;3151;18.0;
EMT;30;3359;819.0;1695.485312364706
EMT;30;3403;-0.5;4.43471156521669
EMT;30;3643;8.529411764705882;7.938180262651696
EMT;30;3793;180.0;177.27756015168228
EMT;30;3942;1.1428571428571428;9.719886340703294
EMT;30;3984;0.2;35.36523716872262
EMT;30;4092;4.076923076923077;14.465254568917539
EMT;30;4096;-16.125;11.33184514038708
EMT;30;4318;53.416666666666664;46.64008041855497
EMT;30;4336;0.0;1.4142135623730951
EMT;30;4486;0.0;
EMT;30;4487;0.0;2.8284271247461903
EMT;30;4533;4.0;
EMT;30;9027;6.0;
EMT;30;9362;1.0;
EMT;30;10163;3.0;
EMT;30;22256;39.666666666666664;119.0
EMT;30;35813;500.0;1745.8522274236157
EMT;30;37645;2.6666666666666665;2.7325202042558927
EMT;30;38558;190.8;96.80495855068583
EMT;30;38724;3044.0;2227.5390007809065
EMT;30;90214;101.20833333333333;242.16253599716802
EMT;30;90215;255.625;210.02853067060238
EMT;30;90216;195.66666666666666;170.8433471791112
EMT;30;90217;72.95833333333333;42.739330391559015
EMT;30;90218;356.9583333333333;213.0436736541547
EMT;30;90219;165.04166666666666;89.38216881151001
EMT;30;90220;71.70833333333333;41.15345531128548
EMT;30;90221;152.58333333333334;119.08050498157398
EMT;30;90222;183.04166666666666;161.63336912436353
EMT;30;90223;110.45833333333333;77.68832891287701
EMT;30;90224;35.083333333333336;22.54833777092857
EMT;30;90225;28.166666666666668;29.69946078659498
EMT;30;90226;43.708333333333336;40.3780818359865
EMT;30;90227;37.5;35.225978555852656
EMT;30;90228;28.333333333333332;42.06482230275458
EMT;30;90229;1.0;
EMT;30;90230;185.875;148.36157726546202
EMT;30;90231;75.16666666666667;26.164474199664852
EMT;30;90232;44.25;28.667888413466326
EMT;30;90233;26.666666666666668;24.61117926730729
EMT;30;90234;8.545454545454545;10.126472956832233
EMT;30;90235;5.157894736842105;4.2460852283111175
EMT;30;90236;8.333333333333334;13.173056280328643
EMT;30;90237;9.0;12.055427546683415
EMT;30;90247;9.277777777777779;21.159910918181094
EMT;30;90249;67.08333333333333;32.029764237369115
EMT;30;90250;1.4545454545454546;2.2074254852038093
EMT;30;90251;6962.333333333333;3942.0412353816487
EMT;30;90252;401.125;160.6549942389375
EMT;30;90280;19.875;28.585968738100377
EMT;30;90281;55.4;167.29375361919523
EMT;30;90358;51.90909090909091;159.9746733201731
EMT;30;90359;558.2083333333334;334.1147914124422
EMT;30;90360;6614.083333333333;3476.5760882082595
EMT;30;90361;98.20833333333333;63.18157351541712
EMT;30;90362;6478.0;2684.413060290996
EMT;30;90363;6272.125;2672.01035393236
EMT;30;90364;3131.0416666666665;1415.5323619591406
EMT;30;90365;494.0416666666667;262.2573378037001
EMT;30;90366;177.54166666666666;378.99776059527295
EMT;30;90367;36.458333333333336;21.292944670797024
EMT;30;90368;32.0;23.01417332673593
EMT;30;90369;14.391304347826088;13.275880831707834
EMT;30;90370;19.25;22.75469876288134
EMT;30;90371;1.1666666666666667;4.070217029430577
EMT;30;90372;185.66666666666666;228.32883736185073
EMT;30;90373;2715.875;1359.3762096446392
EMT;30;90374;398.6666666666667;224.74791030931925
EMT;30;90375;1.0;
EMT;30;90376;13.333333333333334;27.59075932264279
EMT;30;90377;15.947368421052632;28.599676929431148
EMT;30;90378;10.304347826086957;7.864967101640122
EMT;30;90379;448.2083333333333;327.5843043390134
EMT;30;90380;826.5;631.1511911475383
EMT;30;90381;14.083333333333334;29.680789668779354
EMT;30;90382;314.0416666666667;161.17947845604388
EMT;30;90383;135.66666666666666;85.22740254711238
EMT;30;90384;40.125;33.94921078675436
EMT;30;90385;38.333333333333336;44.72686836369375
EMT;30;90386;16.833333333333332;16.546725284691796
EMT;30;90387;11.5;3.5355339059327378
EMT;30;90388;2667.4583333333335;1820.1273481286405
EMT;30;90389;24684.0;10766.97776415987
EMT;30;90390;1.4;2.5099800796022262
EMT;30;90393;2309.0416666666665;982.5742356805356
EMT;30;90399;341.5416666666667;200.23268620080088
EMT;30;90402;4.0;
EMT;30;90403;1.0;
EMT;30;90409;617.5416666666666;523.653302097009
EMT;30;90410;322.1666666666667;179.97962847685477
EMT;30;90411;28.130434782608695;64.65243041752785
EMT;30;90419;2.0;1.4142135623730951
EMT;30;90420;1.5;0.7071067811865476
EMT;30;90421;3.2222222222222223;2.3333333333333335
EMT;30;90422;4.823529411764706;4.065637928382935
EMT;30;90423;531.7916666666666;196.6577205653798
EMT;30;90425;2.0;1.2247448713915892
EMT;30;90426;6.0;
EMT;30;90427;2.25;3.194455423784382
EMT;30;90440;5509.458333333333;2897.247253922647
EMT;30;90441;97.20833333333333;59.59791298262094
EMT;30;90442;7.166666666666667;7.4871871229783435
EMT;30;90443;4642.25;2819.915312481071
EMT;30;90444;1669.4583333333333;653.7723961857771
EMT;30;90445;66.91666666666667;34.10714150217335
EMT;30;90446;6166.75;3294.698841551643
EMT;30;90447;254.625;126.18475498769394
EMT;30;90448;5612.458333333333;2737.283149706414
EMT;30;90513;41.5;72.8460542448774
EMT;30;90514;23.73913043478261;108.46709488105948
EMT;30;90515;249.04166666666666;117.21755290972817
EMT;30;90517;2.0;
EMT;30;90518;18.833333333333332;151.8777158759972
EMT;30;90519;42.666666666666664;41.50816228444574
EMT;30;90520;64.91666666666667;75.0263238827701
EMT;30;90521;2.642857142857143;3.002745995998249
EMT;30;90522;959.0;429.06774574043965
EMT;30;90524;14.833333333333334;14.933669768466931
EMT;30;90525;169.58333333333334;138.04879939533248
EMT;30;90528;6.25;11.809340638485686
EMT;30;90530;15.125;15.411211334045376
EMT;30;90531;1.0;
EMT;30;90532;1.368421052631579;2.2659441572943955
EMT;30;90533;1.1818181818181819;3.73679493197531
EMT;30;90535;16.85;17.703032746426604
EMT;30;90536;6.086956521739131;17.106386482773726
EMT;30;90542;143.04166666666666;112.20225494388583
EMT;30;90543;12.136363636363637;26.090128500925502
EMT;30;90544;303.5416666666667;224.29095606157307
EMT;30;90620;43.416666666666664;29.93459052910073
EMT;30;90621;1496.1666666666667;752.9799735582017
EMT;30;90622;107.04166666666667;75.70737668191899
EMT;30;90648;2.625;5.173616177087945
EMT;30;90654;426.4583333333333;153.57988409001175
EMT;30;90656;3.0;2.138089935299395
EMT;30;90660;325.7391304347826;386.5643798422791
EMT;30;90661;13.473684210526315;26.87288683382613
EMT;30;90893;624.0;393.75803649493656
EMT;30;90902;4.0;
EMT;30;90904;1.0;
EMT;30;91119;391.0956521739131;418.59610765494887
EMT;30;92017;804.4583333333334;534.2311809602139
EMT;30;92356;323.75;423.571801975263
EMT;30;92396;38.0;
EMT;30;502955;10.25;68.87851624418168
EMT;30;502961;66.0;159.80613254815975
EMT;30;502963;10.5;51.61879502661797
EMT;30;503021;26.833333333333332;36.580960439368816
EMT;30;503081;13.333333333333334;19.5021366350801
EMT;30;503095;6.0;2.8284271247461903
EMT;30;503096;-2.6666666666666665;1.5275252316519465
EMT;30;590218;10.666666666666666;16.623276853055575
EMT;30;590219;1.0;7.0710678118654755
EMT;30;590220;0.0;1.4142135623730951
EMT;30;590221;2.0;
EMT;30;590222;1.0;
EMT;30;590231;0.5;4.949747468305833
EMT;30;590251;-3.0;
EMT;30;590252;48.0;71.26710321038733
EMT;30;590360;-2.0;
EMT;30;590362;71.4;153.22467164265683
EMT;30;590363;22.166666666666668;93.07505931594493
EMT;30;590365;3.0;
EMT;30;590373;25.5;47.37615433949868
EMT;30;590389;74.0;223.41799390380353
EMT;30;590393;2.6666666666666665;22.791811395031036
EMT;30;590410;1.0;
EMT;30;590440;34.0;65.52480446365331
EMT;30;590443;0.0;
EMT;30;590446;43.0;40.63249930782009
EMT;30;590448;34.0;65.52480446365331
EMT;30;590621;17.0;36.487440761628285
EMT;31;3269;202.42857142857142;259.98275513393764
EMT;31;37795;57.391304347826086;47.20722126042195
EMT;31;37796;97.17391304347827;69.18332180381539
EMT;31;38069;12.0;6.605782590758164
EMT;33;38537;2880.0;
EMT;33;38568;14367.083333333334;6337.324548067286
EMT;33;38588;41.52173913043478;17.56512444698143
EMT;33;38645;571.9166666666666;187.1132172258445
EMT;35;3196;4.0;
EMT;35;3259;87.0;
EMT;35;3377;2.0;
EMT;35;3534;0.0;0.0
EMT;35;3753;2.0;
EMT;35;3812;1.0;
EMT;35;37749;4.0;
EMT;35;37788;0.16666666666666666;0.408248290463863
EMT;35;37858;1.0;
EMT;35;80002;7.947368421052632;6.843274753853241
EMT;35;80003;7.6875;4.541934242882284
EMT;35;80005;13.157894736842104;13.086308187884928
EMT;35;80008;16.391304347826086;11.938246903563135
EMT;35;80009;11.954545454545455;7.067546706617258
EMT;35;80010;22.772727272727273;21.398557624248145
EMT;35;80011;40.0;
EMT;35;80109;87.42857142857143;88.27392431678629
EMT;35;80111;31.857142857142858;42.21148568588322
EMT;35;80112;36.0;63.96483408873973
EMT;35;80115;13.0;11.497035190944585
EMT;35;80118;11.0;
EMT;35;80119;11.692307692307692;12.07880109520129
EMT;35;80120;20.529411764705884;14.4961962556511
EMT;35;80122;111.20833333333333;114.81250468430719
EMT;35;80130;16.26086956521739;10.605390530310293
EMT;35;80195;15.8;21.649480363278933
EMT;35;80217;45.0;44.594469014292194
EMT;35;291473;1.0;
EMT;37;3162;-3.0;
EMT;37;3369;-21.0;
EMT;39;470;19.555555555555557;12.779681585935876
EMT;39;471;7.0;4.242640687119285
EMT;39;474;2.0;0.0
EMT;39;475;3.5;2.1213203435596424
EMT;39;476;4.0;1.4142135623730951
EMT;39;477;3.5;2.1213203435596424
EMT;39;37746;9.4;5.840743592581831
EMT;39;37959;3.0;
EMT;39;38633;3.6666666666666665;1.5275252316519465
EMT;39;38634;3.4285714285714284;0.9759000729485331
EMT;41;208;3.2;6.5742720229375164
EMT;41;532;18.0;
EMT;41;2943;31.166666666666668;85.86598084612245
EMT;41;2944;51.6;139.6345229518832
EMT;41;2947;5.5;19.984776815061664
EMT;41;3079;4.0;
EMT;41;3149;66.0;109.43230131651518
EMT;41;3170;1.0;
EMT;41;3999;0.42105263157894735;33.41376261607996
EMT;41;22214;3.0;
EMT;41;30273;-1.0;
EMT;41;90111;3.5;3.5118845842842465
EMT;41;90253;3106.125;1216.9782718399022
EMT;41;90295;4274.5;1723.0874211338107
EMT;41;90580;5378.75;2278.180991588417
EMT;41;502944;0.0;103.23759005323593
EMT;41;503149;-1.5;0.7071067811865476
EMT;41;590253;34.0;26.870057685088806
EMT;41;590295;2.8333333333333335;23.13799184602386
EMT;41;590580;58.0;61.61168720299745
EMT;47;90636;0.0;5.656854249492381
EMT;47;91050;1356.4166666666667;898.9229263603369
EMT;47;91051;130.33333333333334;127.1075659956296
EMT;47;91053;53.61538461538461;69.91487498086327
EMT;52;37750;83.52380952380952;54.147593711649876
EMT;54;227;1.6153846153846154;0.8697184926229041
EMT;54;228;-1.0;0.0
EMT;54;231;0.5;2.1213203435596424
EMT;54;238;0.7142857142857143;1.7043362064926935
EMT;54;2789;0.0;1.4142135623730951
EMT;54;2989;2.625;5.584203912227179
EMT;54;2990;1.0;0.6324555320336759
EMT;54;2991;1.8461538461538463;1.908147174886057
EMT;54;2995;-0.6666666666666666;1.3662601021279464
EMT;54;3002;-1.0;
EMT;54;3009;0.75;2.362907813126304
EMT;54;3018;-17.466666666666665;50.96759007541202
EMT;54;3179;-1.0;
EMT;54;3523;1.5;0.7071067811865476
EMT;54;3549;0.5;1.0
EMT;54;3704;1.0;
EMT;54;3733;65.0;52.63712251507169
EMT;54;3884;1.5;0.7071067811865476
EMT;54;22088;1.0;
EMT;54;22716;1.0;
EMT;54;90183;47.5;27.582287952518595
EMT;54;90184;38.458333333333336;27.623208840876302
EMT;54;90185;17.125;17.088802588626375
EMT;54;90186;66.66666666666667;35.148958382323634
EMT;54;90187;10.916666666666666;12.638507983855174
EMT;54;90188;17.0;16.5003293774766
EMT;54;90189;8.833333333333334;8.67112482882708
EMT;54;90190;3.0952380952380953;3.0806616481652433
EMT;54;90191;6.791666666666667;9.605157883710943
EMT;54;90192;0.375;2.187083293643233
EMT;54;90193;522.4166666666666;525.092614329309
EMT;54;90194;772.7916666666666;344.3271926231069
EMT;54;90195;56.416666666666664;29.359713105260216
EMT;54;90196;170.75;150.08671406600396
EMT;54;90197;31.375;36.2932650357683
EMT;54;90198;2033.125;1667.997505797843
EMT;54;90199;579.7083333333334;384.22530518554805
EMT;54;90200;51.5;61.414486323951145
EMT;54;90201;13.791666666666666;21.980187059904786
EMT;54;90202;53.875;53.24538151026728
EMT;54;90203;130.16666666666666;144.40422331131776
EMT;54;90204;12.708333333333334;11.219079892004888
EMT;54;90205;3.8095238095238093;12.785222124073746
EMT;54;90206;4.608695652173913;6.780581434138242
EMT;54;90400;28.333333333333332;49.237519569260726
EMT;54;90401;2222.875;1611.1709032091617
EMT;54;90405;-1.0;
EMT;54;90570;1.0;
EMT;54;90585;1462.7916666666667;683.3587115294489
EMT;54;90663;8.0;
EMT;54;90671;1.0;
EMT;54;91047;1.0;
EMT;54;91431;-1.0;2.0
EMT;54;91437;-0.25;2.753785273643051
EMT;54;502997;0.0;39.59797974644666
EMT;54;502999;1.0;4.242640687119285
EMT;54;503008;57.0;145.6639969244288
EMT;54;503018;49.0;173.9482681718907
EMT;54;590183;4.0;4.0
EMT;54;590186;1.0;
EMT;54;590193;-1.1428571428571428;2.0354009783964297
EMT;54;590194;-1.1428571428571428;1.864454471471609
EMT;54;590195;0.0;0.0
EMT;54;590198;-0.4;0.8944271909999159
EMT;54;590203;5.0;
EMT;54;590401;1.0;
EMT;54;590585;0.0;0.0
EMT;55;2988;-0.5789473684210527;14.72079326619204
EMT;55;4211;3.0;
EMT;55;20179;-2.0;
EMT;56;113;240.70833333333334;91.00763425533941
EMT;56;115;0.8;1.6431676725154984
EMT;56;116;2.0;1.4142135623730951
EMT;56;118;138.66666666666666;44.78321372885222
EMT;56;119;5.3076923076923075;7.087366875699975
EMT;56;121;19.142857142857142;49.40373033920183
EMT;56;122;6.0;
EMT;56;189;23.5;14.593029902632642
EMT;56;190;54.0;41.23211074540981
EMT;56;191;9.25;32.80223837035002
EMT;56;192;11.304347826086957;10.446551334416956
EMT;56;193;14.956521739130435;10.910704755462389
EMT;56;194;3.4210526315789473;4.857019999429054
EMT;56;195;31.083333333333332;33.59725230311016
EMT;56;196;22.375;16.364894824247894
EMT;56;197;24.875;31.327599305737895
EMT;56;198;2.3333333333333335;2.3094010767585034
EMT;56;199;17.416666666666668;13.31203008288128
EMT;56;211;0.0;0.0
EMT;56;212;-7.5;10.606601717798213
EMT;56;2814;25.333333333333332;18.107569079559372
EMT;56;2815;3510.9583333333335;1359.5608779297459
EMT;56;2816;4.0;
EMT;56;2817;11.083333333333334;14.154171812937163
EMT;56;2878;274.875;186.5215484695489
EMT;56;2880;0.0;
EMT;56;2881;19.31578947368421;17.26928111345225
EMT;56;2927;10.875;6.602453430683766
EMT;56;2928;9.916666666666666;6.399162082829191
EMT;56;2929;21.17391304347826;16.117895683519674
EMT;56;2930;18.916666666666668;13.416137805761702
EMT;56;2948;-22.666666666666668;7.571877794400365
EMT;56;2951;0.0;0.0
EMT;56;2952;-41.0;
EMT;56;2953;18.666666666666668;17.672954855748753
EMT;56;3029;3871.9583333333335;1990.3971523983253
EMT;56;3144;0.6;1.776388345929897
EMT;56;3184;0.5;2.1213203435596424
EMT;56;3203;0.75;1.5
EMT;56;3249;7.25;7.977647343851265
EMT;56;3374;9.428571428571429;11.001498399443918
EMT;56;3592;11.0;
EMT;56;3765;7.625;14.141504264297449
EMT;56;3871;9.0;8.48528137423857
EMT;56;3877;1.0;2.8284271247461903
EMT;56;4039;1.875;2.2951812875799464
EMT;56;4285;0.0;
EMT;56;32469;-10.857142857142858;22.475383359196726
EMT;56;35873;202.35;377.8811112116168
EMT;56;37627;0.0;
EMT;56;37628;0.0;0.0
EMT;56;90012;3.857142857142857;4.810702354423639
EMT;56;90013;637.375;478.09584381122284
EMT;56;90121;7.5;3.5355339059327378
EMT;56;90301;62.833333333333336;64.93251792482694
EMT;56;90302;3.857142857142857;1.6761634196950517
EMT;56;90303;12046.416666666666;1633.351260623296
EMT;56;90305;1666.625;686.5616798346609
EMT;56;90306;393.5;286.42200546988585
EMT;56;90307;205.45833333333334;73.65429186507006
EMT;56;90308;926.5833333333334;916.2467826228187
EMT;56;90309;213.91666666666666;319.24815435327264
EMT;56;90313;4.083333333333333;5.124953806148063
EMT;56;90315;839.7083333333334;499.1184819839584
EMT;56;90318;1902.4166666666667;952.6691070546119
EMT;56;90319;390.25;561.575443071427
EMT;56;90320;1418.0416666666667;1445.2414415160404
EMT;56;90321;450.6666666666667;851.082618309413
EMT;56;90328;957.8333333333334;429.74427852798254
EMT;56;90329;3.0;
EMT;56;90330;9.0;
EMT;56;90331;22.5;28.722813232690143
EMT;56;90526;39.63636363636363;140.3212547886262
EMT;56;90527;2.0;1.7320508075688772
EMT;56;90557;2.0;
EMT;56;90683;2.857142857142857;4.140393356054125
EMT;56;90686;3.0;
EMT;56;90688;100.47619047619048;226.67391094866187
EMT;56;90689;114.63636363636364;218.74518176511808
EMT;56;90690;1.0;
EMT;56;90693;9.714285714285714;21.476454438246908
EMT;56;90694;12.0;13.856406460551018
EMT;56;90696;2.0;1.4142135623730951
EMT;56;90701;2.0;
EMT;56;90707;6.0;
EMT;56;90708;9.0;
EMT;56;90712;8.0;
EMT;56;90721;15.5;13.435028842544403
EMT;56;90724;95.53333333333333;155.81668105577816
EMT;56;90725;654.0;436.7480091876914
EMT;56;90742;1.5;0.7071067811865476
EMT;56;90747;-1.0;
EMT;56;90752;16.789473684210527;126.23988582032948
EMT;56;90773;1.0;
EMT;56;90952;7.375;11.200446419674531
EMT;56;91705;3.7777777777777777;3.8980051878421667
EMT;56;91706;6.777777777777778;7.224572267231081
EMT;56;91707;72.16666666666667;44.69380529652916
EMT;56;91708;20.565217391304348;17.844851783577962
EMT;56;91711;30.857142857142858;36.105796922773656
EMT;56;91713;20.0;
EMT;56;91871;1.7777777777777777;2.386303510546059
EMT;56;91872;70.41666666666667;43.39396538557013
EMT;56;91873;12.826086956521738;9.43712289511742
EMT;56;91874;3.0833333333333335;3.2321772378645477
EMT;56;91876;4.25;2.909753712372692
EMT;56;91878;10.352941176470589;53.82023455038841
EMT;56;500195;9.5;27.577164466275352
EMT;56;500211;-3.0;
EMT;56;502815;33.2;64.73561616297478
EMT;56;502878;2.0;42.63019274332844
EMT;56;502948;0.0;39.59797974644666
EMT;56;503029;42.75;32.8671568590896
EMT;56;590305;-2.0;
EMT;56;590318;40.6;54.33507154683796
EMT;56;590328;42.0;39.50527390952589
EMT;58;1024;0.0;5.656854249492381
EMT;58;2945;-16.5;23.101226518664905
EMT;58;2946;-4.75;9.878427675158298
EMT;58;3286;2.3333333333333335;3.2145502536643185
EMT;58;90109;129.0;
EMT;58;90110;0.0;
EMT;58;90275;529.625;319.5688416682975
EMT;58;90276;55.083333333333336;155.781875562028
EMT;58;90277;2645.5;1129.9081147713237
EMT;58;90278;3.1538461538461537;4.219916149367462
EMT;58;90279;2465.0;1528.7251864387442
EMT;58;590277;9.0;20.663978319771825
EMT;58;590279;28.4;64.45385946551222
EMT;58;691678;-4.0;
EMT;60;37639;10.19047619047619;13.325235636261928
EMT;63;78;-2.0;
EMT;63;404;3.0;
EMT;63;2901;2.5;2.1213203435596424
EMT;63;3735;-1.0;
EMT;63;4157;0.0;2.309401076758503
EMT;63;90298;178.33333333333334;58.256305250584475
EMT;63;90299;208.95833333333334;69.45281736963382
EMT;63;90511;9.045454545454545;7.279961229143703
EMT;63;90512;9.833333333333334;6.57840119777143
EMT;63;90547;1010.7083333333334;302.42059384193755
EMT;63;90548;444.9583333333333;165.27381211497027
EMT;63;90549;13.291666666666666;14.944765454591572
EMT;63;90550;30.125;16.50905548611059
EMT;63;590547;4.0;
EMT;63;590548;4.2;29.77750829065454
EMT;63;590550;1.0;
EMT;69;416;27.9;33.22633704885645
EMT;69;2633;5.0;
EMT;69;2793;5.0;5.656854249492381
EMT;69;3429;26.0;
EMT;69;3701;4.0;
EMT;69;3729;24.0;
EMT;69;3939;2.0;
EMT;69;4153;1.0;
EMT;69;6098;5.666666666666667;3.7859388972001824
EMT;69;6099;11.166666666666666;19.315492105926726
EMT;69;6341;5.5;6.363961030678928
EMT;69;6342;5.5;3.5355339059327378
EMT;69;6443;19.571428571428573;29.820893921640145
EMT;69;6979;5.0;
EMT;69;35737;6.0;
EMT;69;35832;5.0;
EMT;69;35834;9.0;
EMT;69;35839;1.0;
EMT;69;35840;3.0;1.5811388300841898
EMT;69;35841;7.944444444444445;7.050008111987175
EMT;69;35842;17.80952380952381;16.14502724562287
EMT;69;35843;35.86363636363637;35.83998226847118
EMT;69;35896;22.47826086956522;23.216118157273623
EMT;69;36083;7.0;
EMT;69;37601;80.54545454545455;99.28972865533582
EMT;69;37606;17.5625;21.083860335969472
EMT;69;37647;5.0;
EMT;69;37747;200.16666666666666;108.72048991582145
EMT;69;37752;1.0;
EMT;69;37759;177.47826086956522;143.6833227385892
EMT;69;37760;141.52380952380952;119.88728833684539
EMT;69;37761;64.3;76.8656380692275
EMT;69;37799;12.333333333333334;8.736894948054106
EMT;69;37801;17.428571428571427;12.048117813880427
EMT;69;37802;11.176470588235293;9.488382989988647
EMT;69;37803;12.944444444444445;11.17493109452225
EMT;69;37804;5.230769230769231;3.166329266775808
EMT;69;37806;6.35;5.353552681704877
EMT;69;37807;3.9;3.33876750029897
EMT;69;37808;3.4;2.913569784454954
EMT;69;37827;1456.5833333333333;1176.9204072185748
EMT;69;37836;15.7;17.391249396048448
EMT;69;37842;7.625;7.981004233267175
EMT;69;37843;5.0;5.656854249492381
EMT;69;37844;6.666666666666667;3.2145502536643185
EMT;69;37845;8.4;7.3006848993775915
EMT;69;37849;94.04347826086956;194.78740818479972
EMT;69;37852;131.65;80.8671913174864
EMT;69;37853;11.571428571428571;8.791229395580249
EMT;69;37854;4.857142857142857;2.6095064302514777
EMT;69;37860;59.083333333333336;66.80400708280035
EMT;69;37889;100.95;88.61535746667937
EMT;69;37890;34.833333333333336;34.972678411784784
EMT;69;37902;50.0;28.284271247461902
EMT;69;37903;72.5;10.606601717798213
EMT;69;37905;131.70833333333334;94.08297871590786
EMT;69;37906;268.5416666666667;130.4547161700737
EMT;69;37950;7.333333333333333;7.76745346515403
EMT;69;37951;23.26086956521739;19.294882485223305
EMT;69;37952;5.928571428571429;10.462124256385218
EMT;69;38030;1.0;
EMT;69;38042;13.681818181818182;10.930021407360918
EMT;69;38043;11.454545454545455;7.762714748059486
EMT;69;38044;13.73913043478261;10.56244372251537
EMT;69;38045;9.5;8.262076298479986
EMT;69;38047;10.647058823529411;14.995587586314299
EMT;69;38048;5.266666666666667;6.017434985899208
EMT;69;38049;3.0;
EMT;69;38528;265.0;340.1102762340474
EMT;69;38630;11.666666666666666;15.660459763365825
EMT;69;38679;13.5;4.949747468305833
EMT;69;38692;18.5;8.18535277187245
EMT;69;80015;3.0;1.7888543819998317
EMT;69;80016;30.47826086956522;21.311263699609842
EMT;69;80017;30.083333333333332;21.266255504634707
EMT;69;80018;23.681818181818183;20.77403682630331
EMT;69;80019;16.15;16.381231237062288
EMT;69;80020;3.9166666666666665;5.743903223629751
EMT;69;80025;6.764705882352941;3.6832290820132587
EMT;69;80026;7.85;4.8152717581942515
EMT;69;80027;7.611111111111111;7.07222312072244
EMT;69;80028;5.25;3.5960837284215423
EMT;69;80029;5.0;0.0
EMT;69;80034;5.733333333333333;6.430581696268305
EMT;69;80035;7.7894736842105265;7.067758935777947
EMT;69;80036;6.642857142857143;7.499816847580529
EMT;69;80037;5.071428571428571;6.366550638530023
EMT;69;80038;5.0;4.0
EMT;69;80046;14.785714285714286;11.226195817260296
EMT;69;80047;17.0;16.811454428454425
EMT;69;80048;21.1875;32.99539109229247
EMT;69;80049;12.647058823529411;12.025707757085383
EMT;69;80055;13.833333333333334;10.609743949156673
EMT;69;80059;81.95238095238095;77.80904586902231
EMT;69;421593;10.0;
EMT;69;421594;57.130434782608695;48.41515948527062
EMT;69;491478;10.0;
EMT;69;491480;4.0;
EMT;69;491569;8.0;
EMT;69;491580;33.5;44.54772721475249
EMT;69;491603;27.043478260869566;24.367411659594502
EMT;69;491604;46.625;32.90012884869708
EMT;69;491690;5.333333333333333;12.580408048496148
EMT;69;491691;14.0;
EMT;69;491692;3.0;
EMT;69;491693;5.0;
EMT;69;491694;3.0;
EMT;69;491695;1.0;
EMT;69;491696;46.0;
EMT;69;491697;38.0;
EMT;69;491698;23.0;
EMT;69;491699;7.0;
EMT;69;491700;3.0;
EMT;69;491701;4.0;
EMT;69;491704;5.6;12.521980673998822
EMT;69;491710;59.47826086956522;39.39066521307877
EMT;69;491711;77.05263157894737;60.61396399823185
EMT;69;491712;101.6086956521739;73.0241175169576
EMT;69;491716;5.0;
EMT;69;492010;21.38888888888889;40.71007808290645
EMT;69;492012;3.0;
EMT;70;371;11.0;6.377042156569663
EMT;70;3750;1400.0;
EMT;70;3860;16.8;11.819475453673906
EMT;70;4303;72.0;126.50691680694776
EMT;70;37926;5122.125;1792.1081176744842
EMT;70;37927;3479.875;2245.006116240337
EMT;70;37928;22266.291666666668;6225.931335807391
EMT;70;37929;12065.083333333334;7314.51249477584
EMT;70;37930;1709.0;1263.2297350982376
EMT;71;2956;4.666666666666667;20.231987873991358
EMT;71;3030;-15.0;21.213203435596427
EMT;71;3257;-60.0;119.54915307102765
EMT;71;90207;2242.8333333333335;720.3242426107521
EMT;71;90208;33.375;32.4503801813329
EMT;71;90210;1326.7916666666667;376.6724997945154
EMT;71;90212;747.0;258.82745637569644
EMT;71;90618;647.6666666666666;213.2715490242157
EMT;71;90619;0.0;0.0
EMT;71;503030;0.0;41.012193308819754
EMT;71;590207;2.6666666666666665;4.163331998932265
EMT;71;590210;3.0;
EMT;71;590212;3.0;8.981462390204987
EMT;71;590618;1.3333333333333333;2.0816659994661326
EMT;75;317;1.0;
EMT;75;341;-1.0;
EMT;75;3045;-1.0;
EMT;75;90048;97.08333333333333;36.589279335877066
EMT;75;90049;4.521739130434782;6.632355712150105
EMT;75;90050;1.7222222222222223;1.487420014875958
EMT;75;90051;1.0;0.5773502691896257
EMT;75;90052;0.75;1.8929694486000914
EMT;75;90053;5.173913043478261;3.9272031907180165
EMT;75;90054;29.666666666666668;11.28163828168766
EMT;75;90055;167.66666666666666;72.56401471724162
EMT;75;90056;3.8636363636363638;3.211518770590141
EMT;75;90057;1.0;0.0
EMT;75;90062;1.0;0.8528028654224418
EMT;75;90063;4.954545454545454;3.7604112329228885
EMT;75;90064;233.875;96.58531371842699
EMT;75;90065;87.54166666666667;30.4972973380845
EMT;75;90066;93.20833333333333;46.520663166482
EMT;75;90067;1.3571428571428572;1.549547966698321
EMT;75;90078;16.291666666666668;10.568530672695715
EMT;75;90080;1.3529411764705883;0.9314757424772421
EMT;75;90081;7.130434782608695;5.537511320128687
EMT;75;90082;25.083333333333332;15.119571729231035
EMT;75;90083;36.75;16.427045567811533
EMT;75;90084;1.0;
EMT;75;90087;1.0;
EMT;75;90089;0.0;1.4142135623730951
EMT;75;90094;148.33333333333334;60.24346738293572
EMT;75;90095;47.791666666666664;21.120727850325995
EMT;75;90096;71.45833333333333;40.64585027930325
EMT;75;90097;1.4545454545454546;1.3684762594679063
EMT;75;91086;4.4;4.505552130427524
EMT;75;91126;0.5;2.1213203435596424
EMT;75;91128;1.0;0.0
EMT;75;91129;111.125;68.2902157810954
EMT;75;91130;1.0;0.0
EMT;75;91186;0.0;1.4142135623730951
EMT;75;91188;17.5;9.91463564635635
EMT;75;91189;8.4;5.813776741499453
EMT;75;91619;1.0;
EMT;75;91620;121.55555555555556;59.663873305190116
EMT;75;91621;56.625;33.78054173633099
EMT;75;91635;169.875;90.54980870848296
EMT;75;91636;63.42857142857143;30.999231941330113
EMT;75;590064;3.75;7.6321687612368745
EMT;75;590094;3.0;
EMT;77;369;2.5;0.7071067811865476
EMT;77;1096;0.0;
EMT;77;3060;88.5;65.14598989960933
EMT;77;3062;143.29166666666666;83.67768346545527
EMT;77;3064;154.95833333333334;97.79725219162286
EMT;77;3065;138.0;68.4613505690556
EMT;77;3067;3.0;
EMT;77;3068;4.0;
EMT;77;3069;1.0;
EMT;77;3070;3.0;
EMT;77;90497;337.9166666666667;161.1760896785189
EMT;77;90498;3746.5833333333335;1699.9332446398842
EMT;77;90499;1193.2083333333333;487.35595233398186
EMT;77;90500;1696.5833333333333;438.8778097421399
EMT;77;90501;1193.9583333333333;348.3777908319179
EMT;77;90502;0.0;7.831560082980487
EMT;77;90504;5.0;9.521904571390467
EMT;77;90505;3.0;
EMT;77;90506;4.0;7.648529270389178
EMT;77;90508;0.0;
EMT;77;90509;3.0;
EMT;77;90510;108.0;65.28732482349614
EMT;77;90639;2495.4166666666665;953.6001311581954
EMT;77;90640;2.5;0.7071067811865476
EMT;77;90641;3992.2916666666665;1568.306438533276
EMT;77;90642;1.8571428571428572;4.450789122113495
EMT;77;90643;3086.8333333333335;1255.3098583934209
EMT;77;90644;2.0;
EMT;77;90645;1123.8333333333333;463.2217674042331
EMT;77;590497;2.6;25.481365740477884
EMT;77;590498;1.0;2.8284271247461903
EMT;77;590504;2.0;8.48528137423857
EMT;77;590639;3.0;
EMT;77;590641;1.0;
EMT;77;590643;3.0;
EMT;83;123;3.0;
EMT;83;124;0.0;
EMT;83;201;0.14285714285714285;8.858678822273133
EMT;83;202;0.35294117647058826;4.608974621195427
EMT;83;209;1.6;3.0495901363953815
EMT;83;458;45.04545454545455;98.89411233509027
EMT;83;459;45.91304347826087;60.98652089786149
EMT;83;460;25.681818181818183;25.170629830431462
EMT;83;461;39.916666666666664;93.71321500549786
EMT;83;462;38.333333333333336;75.05886578768249
EMT;83;463;32.17391304347826;123.36555146611046
EMT;83;526;23.1;27.68792250479582
EMT;83;756;14.0;
EMT;83;757;9.588235294117647;20.177520981061488
EMT;83;2942;-3.0;5.354126134736337
EMT;83;3247;-4.0;
EMT;83;3568;1.6666666666666667;1.5275252316519468
EMT;83;3615;-4.0;
EMT;83;3788;-6.0;
EMT;83;32260;2.0;1.0
EMT;83;32294;2.0;
EMT;83;90398;3.0;
EMT;83;90406;135.16666666666666;675.62201077916
EMT;83;90407;9.2;26.11841167780745
EMT;83;90412;113.16666666666667;49.01256863354512
EMT;83;90413;6.214285714285714;8.692866849660938
EMT;83;90449;890.5833333333334;393.2244537341145
EMT;83;90450;35.583333333333336;68.67688470477984
EMT;83;90451;279.75;361.3376416931231
EMT;83;90453;5.5;2.1213203435596424
EMT;83;90455;19.09090909090909;40.2775006210298
EMT;83;90456;62.523809523809526;145.95465701635527
EMT;83;90457;44.77777777777778;115.16461647958062
EMT;83;90458;6.6;5.442522634916546
EMT;83;90537;1167.1666666666667;618.9510528281711
EMT;83;90538;606.1666666666666;441.5542378095088
EMT;83;90539;4.454545454545454;3.643175438093432
EMT;83;90540;268.4583333333333;183.95509356708598
EMT;83;90541;31.736842105263158;51.266018748900066
EMT;83;90567;3076.125;1997.9747204846342
EMT;83;90568;292.8333333333333;510.36991415576443
EMT;83;90586;3445.75;1145.8312816845928
EMT;83;90802;1652.8333333333333;973.7170228458112
EMT;83;90968;1250.7083333333333;652.3614948228752
EMT;83;90969;-4.2;15.13935269422045
EMT;83;90970;2.5;2.380476142847616
EMT;83;91058;3.2941176470588234;11.279210443789676
EMT;83;590586;5.333333333333333;45.58362279006207
EMT;87;80066;3.0;2.0
EMT;87;80067;8.0;
EMT;87;80068;23.0;
EMT;87;80069;17.0;
EMT;87;80070;4.4;3.2093613071762426
EMT;87;80071;5.5;4.123105625617661
EMT;87;80072;8.0;9.899494936611665
EMT;87;80073;3.0;
EMT;87;80078;4.333333333333333;3.1139957766460915
EMT;87;80079;7.6;6.631095578517065
EMT;87;80080;8.421052631578947;6.344864848168199
EMT;87;80081;16.217391304347824;13.05915395331124
EMT;87;80082;33.5;26.055125507611578
EMT;87;80083;45.666666666666664;38.37533930360312
EMT;87;80084;53.583333333333336;35.46206382903416
EMT;87;80085;50.208333333333336;38.9849236931704
EMT;87;80086;24.52173913043478;16.23091764956731
EMT;87;80087;11.0;9.497368056467012
EMT;87;80088;3.6470588235294117;3.1611148442952097
EMT;87;80089;4.166666666666667;5.288638479769341
EMT;87;80092;7.631578947368421;8.738233525501526
EMT;87;80093;17.833333333333332;13.304679355535898
EMT;87;80094;42.75;28.941094597850633
EMT;87;80095;66.16666666666667;31.287817696859015
EMT;87;80096;77.95833333333333;46.31975742095626
EMT;87;80097;82.6086956521739;45.406986977811705
EMT;87;80098;41.34782608695652;24.785642280181218
EMT;87;80099;19.75;10.747092630102339
EMT;87;80100;6.470588235294118;5.124910329201179
EMT;87;441605;1.0;2.449489742783178
EMT;87;441606;1.3333333333333333;3.265986323710904
EMT;87;441607;6.0;
EMT;87;441609;0.0;0.0
EMT;87;441610;0.0;0.0
EMT;88;37602;43.708333333333336;36.19209518145072
EMT;88;37850;51.80952380952381;55.82080172088094
EMT;88;80013;182.30434782608697;120.94117081630625
EMT;88;491582;459.0;
EMT;88;491607;136.95454545454547;77.59079306741985
EMT;89;3347;48.0;
EMT;89;3394;38.0;
EMT;89;3570;37.0;
EMT;89;5199;2.0;
EMT;89;80042;29.130434782608695;19.8478401568856
EMT;89;80043;23.304347826086957;19.503926836802275
EMT;89;80053;24.26086956521739;18.54776975395828
EMT;89;80214;10.666666666666666;9.330952077181978
EMT;95;234;0.6666666666666666;1.1547005383792517
EMT;95;464;4.125;17.683224495872594
EMT;95;501;3.0;
EMT;95;830;1.0;
EMT;95;20183;2.0;
EMT;95;90404;1210.4166666666667;342.9337515774942
EMT;95;90496;-1.0;
EMT;95;90573;6.625;7.872972478814714
EMT;95;90574;11.565217391304348;6.430227529952305
EMT;95;90577;0.0;
EMT;95;91021;2.9473684210526314;2.8766045611396764
EMT;95;91022;5.5;4.687876968969053
EMT;95;92030;1.0;
EMT;95;92033;1.0;
EMT;97;3171;0.0;0.0
EMT;97;3312;67.28571428571429;209.5381542708585
EMT;97;90972;-2.5;4.358898943540674
EMT;97;91057;8.0;7.0710678118654755
EMT;97;91061;375.25;204.79878778513523
EMT;97;91062;392.75;162.05668627124703
EMT;97;91113;30.0;56.568542494923804
EMT;97;503171;-1.0;
EMT;97;503312;-1.5;0.7071067811865476
EMT;97;590972;-2.0;
EMT;102;3126;94.19047619047619;110.99487332648253
EMT;102;37970;382.25;323.65918288636067
EMT;102;38559;115.11764705882354;107.83661388469895
EMT;102;90623;515.2083333333334;264.616700509257
EMT;110;38562;431.79375;600.3056948685951
EMT;110;90257;703.654;639.9261333796443
EMT;110;90835;169.14375;133.42015118066473
EMT;110;91190;114.98782608695653;83.31071959600843
EMT;110;92023;324.9236363636364;318.75198067691207
EMT;116;3503;30.5625;64.38733700555309
EMT;116;3703;8.25;12.226089838017415
EMT;116;3709;141.0;197.9898987322333
EMT;116;13108;15.65;16.69628070780089
EMT;116;35797;957.5;506.90707492468044
EMT;116;92004;14.428571428571429;9.180725150319788
EMT;116;92329;49.77777777777778;86.2014758832147
EMT;116;535797;5.0;44.8954340662834
EMT;117;37944;21.5;18.38412876576398
EMT;117;37945;33.72727272727273;21.944045332188075
EMT;117;37946;30.636363636363637;19.790679515140344
EMT;117;37947;15.777777777777779;13.896912714935498
EMT;117;37948;4.5;2.1213203435596424
EMT;117;38693;15.0;0.0
EMT;117;38694;28.8;7.726577508832744
EMT;117;38695;33.0;20.137030565602267
EMT;117;38696;28.2;13.827508813954884
EMT;117;38697;12.0;4.242640687119285
EMT;117;38699;8.0;
EMT;117;38700;19.75;7.088723439378913
EMT;117;38701;28.4;22.578751072634642
EMT;117;38702;26.75;13.35102992281869
EMT;117;38703;7.5;2.1213203435596424
EMT;117;320527;279.75;163.71455806292587
EMT;117;710301;25.15;18.83243283051315
EMT;117;710302;150.33333333333334;146.0432584316487
EMT;117;710303;308.2083333333333;136.3830855146369
EMT;117;710304;269.875;93.03777283401105
EMT;117;710305;105.625;65.79996861370998
EMT;117;710306;9.6;8.373427357676528
EMT;117;710307;12.375;12.223367550953963
EMT;117;710401;31.11764705882353;25.399021518902003
EMT;117;710402;143.54545454545453;132.63258497595004
EMT;117;710403;310.5;182.31887974931036
EMT;117;710404;270.5416666666667;113.66119722061346
EMT;117;710405;93.45833333333333;47.76844434731278
EMT;117;710406;10.714285714285714;8.287419301647448
EMT;117;710407;11.4;8.82043082847998
EMT;117;720902;6.428571428571429;2.5727509827124
EMT;117;720903;3.5555555555555554;2.877112750272011
EMT;117;720904;4.4;1.837873166945363
EMT;117;720905;3.6666666666666665;2.065591117977289
EMT;117;720908;10.0;
EMT;117;721036;13.0;9.018499505645789
EMT;117;721038;23.294117647058822;16.642433362801672
EMT;117;721040;35.76190476190476;21.99069067106525
EMT;117;721042;41.81818181818182;28.25502292241718
EMT;117;721044;26.571428571428573;19.325039271813726
EMT;117;721046;21.65;19.10986243030711
EMT;117;721048;18.61111111111111;17.30399100136045
EMT;117;721050;12.083333333333334;7.668807342775411
EMT;117;721052;8.7;4.423422506008969
EMT;117;721054;6.1;4.840798832148815
EMT;117;721056;7.375;4.657942525560891
EMT;117;721058;5.25;3.304037933599835
EMT;117;729002;5.416666666666667;2.843120351538664
EMT;117;729003;5.636363636363637;4.566677726153386
EMT;117;729004;4.4;10.762073323585108
EMT;117;729005;3.0;2.6457513110645907
EMT;117;729006;1.0;
EMT;117;729008;5.0;
EMT;117;729601;52.416666666666664;43.01760677622157
EMT;117;739907;20.333333333333332;12.662279942148386
EMT;117;739908;22.5;17.338328842735205
EMT;117;739909;49.45454545454545;31.519800689373586
EMT;117;739910;46.7;35.459539582014045
EMT;117;739911;27.3125;22.18623822703314
EMT;117;739912;8.555555555555555;6.227180564089801
EMT;122;3140;-2.6;4.774934554525329
EMT;122;3456;-9.0;20.8885933785244
EMT;122;3731;750.1538461538462;781.4119534698973
EMT;122;3996;54.05263157894737;64.29832699068592
EMT;122;50946;0.6;0.8944271909999159
EMT;122;50950;0.8333333333333334;1.1690451944500122
EMT;122;50951;15.083333333333334;9.160010758806415
EMT;122;50955;0.0;0.0
EMT;122;50956;4.2727272727272725;2.394076383827745
EMT;122;90839;17.714285714285715;33.45999743830577
EMT;122;90862;2.0;
EMT;122;92143;8.727272727272727;6.127081323201573
EMT;122;92144;159.25;125.38263176304
EMT;122;92151;10.208333333333334;6.5006967296601745
EMT;122;92152;1.0;
EMT;122;92154;579.4705882352941;390.2730002266136
EMT;122;92159;2.4285714285714284;2.344036154692477
EMT;122;92165;64.3125;85.29456313271086
EMT;122;92425;239.25;175.89414430275954
EMT;122;503140;-1.0;0.0
EMT;131;977;245.2608695652174;139.94876250429016
EMT;131;3284;2.5;73.58215363342754
EMT;131;3458;82.36363636363636;63.626548408173626
EMT;131;3474;20.0;
EMT;131;3502;1.0;
EMT;131;3544;9.125;10.048987155785547
EMT;131;3856;75.3;84.07208686284457
EMT;131;3904;0.0;2.8284271247461903
EMT;131;3947;3.0;
EMT;131;4316;7.0;9.695359714832659
EMT;131;6344;6.0;
EMT;131;37264;1.0;
EMT;131;37603;4.8;4.494441010848846
EMT;131;37781;0.0;0.0
EMT;131;37783;0.0;0.0
EMT;131;37784;1.0;
EMT;131;37786;5.0;6.770978795281658
EMT;131;37787;0.0;19.79898987322333
EMT;131;37791;29.545454545454547;24.216734223470688
EMT;131;37792;46.833333333333336;29.417115199602197
EMT;131;37793;29.652173913043477;14.91371758925372
EMT;131;37805;99.17391304347827;63.682916343334135
EMT;131;37809;9.0;
EMT;131;37810;12.333333333333334;21.385353243127252
EMT;131;37811;0.8;1.788854381999832
EMT;131;37812;1.6666666666666667;2.8867513459481287
EMT;131;37814;11.818181818181818;10.703440398471717
EMT;131;37815;28.0;11.313708498984761
EMT;131;37816;15.8;11.778915788087508
EMT;131;37821;0.16666666666666666;0.408248290463863
EMT;131;37822;0.0;0.0
EMT;131;37823;0.0;0.0
EMT;131;37824;0.0;0.0
EMT;131;37829;4.666666666666667;8.082903768654761
EMT;131;37830;5.0;
EMT;131;37834;20.583333333333332;15.742262879894685
EMT;131;37838;0.0;0.0
EMT;131;37839;0.0;0.0
EMT;131;37848;30.0;
EMT;131;37851;10.0;3.559026084010437
EMT;131;37857;4.0;
EMT;131;38020;1.0;
EMT;131;38582;17.0;
EMT;131;38602;45.27272727272727;38.35073950759256
EMT;131;80000;16.764705882352942;15.849011845240957
EMT;131;80001;14.736842105263158;14.394605877292127
EMT;131;80113;6.0;0.0
EMT;131;80121;182.9;292.5434560611646
EMT;131;80125;33.36842105263158;38.92472868144333
EMT;131;80126;81.0;36.892965577341556
EMT;131;80127;102.66666666666667;68.8758597621185
EMT;131;80128;38.13636363636363;55.09584329195759
EMT;131;80131;19.85;15.925071263163693
EMT;131;80132;117.85714285714286;80.35634920242991
EMT;131;80133;43.869565217391305;48.16289060698655
EMT;131;80136;23.72222222222222;30.907462558904207
EMT;131;80137;30.65;27.878070989673287
EMT;131;80138;24.25;31.82662738221434
EMT;131;80139;18.4;34.74971736781261
EMT;131;80140;13.0;10.511898020814318
EMT;131;80141;15.142857142857142;14.769288003552106
EMT;131;80142;53.30434782608695;40.68776316223644
EMT;131;80143;14.0;14.688430821568382
EMT;131;80145;72.47826086956522;49.96259470409054
EMT;131;80146;56.0;45.37219813538202
EMT;131;80147;6.666666666666667;2.6583202716502514
EMT;131;80148;9.5;5.431390245600108
EMT;131;80149;70.43478260869566;42.175850572827834
EMT;131;80150;59.26086956521739;58.72525969701805
EMT;131;80151;31.047619047619047;25.87368584194411
EMT;131;80183;16.705882352941178;19.328620960515888
EMT;131;80184;44.6;57.227033238962626
EMT;131;80208;37.1578947368421;35.046418675640794
EMT;131;80209;10.0;0.0
EMT;131;80212;15.5;10.63014581273465
EMT;131;80213;5.0;0.0
EMT;131;291411;10.0;
EMT;131;291450;77.28571428571429;77.82361007891042
EMT;131;491602;90.5;84.94735211634878
EMT;147;292;429.2083333333333;453.1129026371152
EMT;147;451;89.95833333333333;28.938434149319356
EMT;147;3631;3880.0;1190.820323759324
EMT;147;37864;11.708333333333334;14.775064677756374
EMT;147;37865;373.0416666666667;489.04436352211815
EMT;147;37866;27.458333333333332;42.37101056420397
EMT;147;37867;1.0;0.0
EMT;147;37892;14.5;9.789450103725608
EMT;147;42760;1.6666666666666667;1.1547005383792517
EMT;147;42773;360.3333333333333;92.26835468004356
EMT;147;42774;186.16666666666666;55.03964315691536
EMT;147;42775;7.434782608695652;6.604585782597103
EMT;147;42780;1483.0;250.53403830183655
EMT;147;42816;753.8333333333334;282.7331921989607
EMT;147;42825;20.476190476190474;26.83583247752722
EMT;147;42829;1799.875;484.7834399973376
EMT;147;42834;1215.5416666666667;211.26060131190258
EMT;147;42839;8884.625;1919.5363075153246
EMT;147;42840;68.66666666666667;66.94297811451608
EMT;147;542834;-2.25;7.365459931328117
EMT;149;37957;263.8333333333333;159.15692739001932
EMT;163;3454;-0.5;3.5355339059327378
EMT;163;90551;70.83333333333333;50.00318830414426
EMT;163;90552;-0.5;1.9148542155126762
EMT;163;90553;104.79166666666667;67.79058493476143
EMT;163;90554;175.41666666666666;108.23963618092823
EMT;163;90556;108.54166666666667;116.24934938262692
EMT;163;590553;1.0;0.0
EMT;174;8391;15.625;11.797598625709105
EMT;174;37965;30.333333333333332;21.93573501363096
EMT;174;37966;19.11764705882353;12.922278983122405
EMT;174;37967;6.083333333333333;4.461111425588376
EMT;174;37971;1.8;1.0954451150103321
EMT;174;37973;22.73913043478261;18.674770027315535
EMT;174;38550;3.5;1.7728105208558367
EMT;174;38551;5.538461538461538;4.235079389562542
EMT;174;38552;1.5;0.7071067811865476
EMT;174;38553;3.5;2.1213203435596424
EMT;174;91308;33.041666666666664;20.131047115612603
EMT;174;91310;8.0;7.476948702830715
EMT;174;91311;2.111111111111111;2.260776661041756
EMT;174;91313;40.916666666666664;24.407619385306116
EMT;174;91507;18.4;12.129067800712704
EMT;174;91508;37.266666666666666;21.57533865540094
EMT;174;91509;42.4;22.522369832172256
EMT;174;91511;4.0;1.8973665961010275
EMT;174;91512;8.88888888888889;5.571871466032479
EMT;174;91513;13.0;20.212507378983304
EMT;174;91514;10.9;9.09761873605762
EMT;174;91515;5.944444444444445;4.0940735103923975
EMT;174;91517;4.111111111111111;2.4209731743889917
EMT;174;91526;7.4375;5.621017108436278
EMT;174;91527;8.571428571428571;6.1483491932548695
EMT;174;91528;5.538461538461538;3.381700376422701
EMT;174;91531;6.0;3.0
EMT;174;91532;3.0;0.0
EMT;174;91533;6.0;4.242640687119285
EMT;174;91534;1.0;
EMT;174;91535;2.6;1.816590212458495
EMT;174;91536;4.5;2.1213203435596424
EMT;174;91545;17.526315789473685;12.855471904785793
EMT;174;91546;14.45;12.206447821583994
EMT;174;91547;10.555555555555555;7.532066525449098
EMT;174;92046;32.333333333333336;33.605555096342826
EMT;174;92234;4.866666666666666;2.099886618254378
EPB;4;90462;2787.2916666666665;712.7388984185167
EPB;4;90463;620.7083333333334;160.32724121421887
EPB;4;90837;854.145;284.48175677735543
EPB;10;37;29.030416666666667;74.67682665291339
EPB;10;38;98.21499999999999;134.08471643930451
EPB;10;90255;945.2512499999999;379.6878653442507
EPB;10;90256;9806.1325;3818.60261859737
EPB;11;4;0.0;
EPB;11;13;9.410666666666666;12.872862078622537
EPB;11;2829;4.1;
EPB;11;90258;213.31333333333336;134.75045582456312
EPB;11;90259;12.370416666666669;39.69170962382848
EPB;11;90262;14380.4475;3889.705327549555
EPB;11;90263;2017.705;2709.5287644918435
EPB;11;90264;1690.79125;2913.694967606405
EPB;11;90265;2004.7986956521738;3116.7685994578424
EPB;11;90266;18461.874166666665;5295.347414293877
EPB;11;90267;3735.509583333334;3312.052253239187
EPB;11;90268;2674.4741666666664;3085.9694713583604
EPB;11;90272;3762.964583333333;1727.7517214551178
EPB;11;90273;33.375;25.95605260178571
EPB;11;90274;1478.88375;447.9518836720369
EPB;11;90283;465.6466666666667;354.2045192511962
EPB;11;90284;16299.295833333332;6103.682111066712
EPB;11;90285;13346.820833333333;3110.197301686288
EPB;11;90286;4268.7266666666665;1317.5877886292537
EPB;11;90287;1003.94875;347.67656630730687
EPB;11;90288;11913.225833333332;3841.067006412034
EPB;11;90289;2782.4379166666663;773.027297380546
EPB;11;90290;2162.7599999999998;853.6473568624582
EPB;11;90296;99954.93791666666;23753.546944076257
EPB;11;90297;648.8888888888889;938.8383040285005
EPB;11;90391;63.935;29.374903959139946
EPB;11;90392;16.549583333333334;13.948934034126259
EPB;11;90560;202.24291666666667;777.8946830051256
EPB;11;90562;1709.5775;795.4745354831756
EPB;11;90563;5134.4679166666665;2598.247798707193
EPB;11;90564;1842.8941666666667;1009.3866476314548
EPB;11;90624;2507.8308333333334;2306.4063766593536
EPB;11;90625;769.3804545454545;1836.2047751621699
EPB;11;90626;1233.1495652173912;2648.7103733643635
EPB;11;90702;218.99375;206.41680825166432
EPB;11;90703;185.4204347826087;371.30820749049207
EPB;11;90704;43.444;98.77138188767027
EPB;11;90705;73.7225;161.83568525036296
EPB;11;90779;120.16666666666667;229.13972700680608
EPB;11;91333;700.0;
EPB;12;42;0.44210526315789456;13.527844362625377
EPB;12;2805;-1.3;1.0954451150103321
EPB;12;91095;325.935;224.85537450432057
EPB;12;91222;410.9376190476191;235.52974593254166
EPB;12;91223;191.92541666666668;136.25571534815057
EPB;12;91227;143.93333333333334;132.72706652527887
EPB;12;92083;45.35625;67.45742023676861
EPB;12;92110;100.0;28.284271247461902
EPB;12;92113;40.0;
EPB;15;32666;-116.5;161.92745289171938
EPB;15;32672;7.111111111111111;13.12863706220532
EPB;15;32674;3.0;
EPB;15;32676;-17.5;44.54772721475249
EPB;15;32880;11.11111111111111;21.204035255373235
EPB;15;32882;36.0;
EPB;15;32884;1.0;
EPB;15;32893;5.2;13.236313686219438
EPB;15;32896;11.0;
EPB;15;32897;-3.0;
EPB;15;32903;19.6;32.10607419165414
EPB;15;32907;0.5;0.7071067811865476
EPB;15;32919;3.0;
EPB;15;32920;0.0;141.4213562373095
EPB;15;32962;0.0;1.4142135623730951
EPB;15;32968;22.75;28.353743714167546
EPB;15;35704;62.4;80.11741383744236
EPB;15;35807;85.54166666666667;57.46906855500366
EPB;15;90113;8.333333333333334;14.6401275039985
EPB;15;90333;3.9;11.456554088335087
EPB;15;90334;39.333333333333336;117.35367083296123
EPB;15;90335;18.894736842105264;41.174283690513676
EPB;15;90336;21.17391304347826;31.661063230744254
EPB;15;90337;30.333333333333332;67.97082707554274
EPB;15;90338;6.916666666666667;32.5030301617706
EPB;15;90339;26.333333333333332;30.369941279714936
EPB;15;90340;452.5833333333333;120.86280999786375
EPB;15;90341;829.5416666666666;227.4958153779817
EPB;15;90342;720.5416666666666;213.32073813588912
EPB;15;90343;49.666666666666664;38.770973753532445
EPB;15;90344;52.875;41.92468661571708
EPB;15;90345;613.375;185.15089322190582
EPB;15;90346;219.58333333333334;85.42930800765431
EPB;15;90347;14.666666666666666;104.48493407795864
EPB;15;90348;28.208333333333332;36.00842795871504
EPB;15;90349;28.916666666666668;88.10784541822837
EPB;15;90351;5.0;
EPB;15;90352;11378.583333333334;2298.593670555725
EPB;15;90353;2478.1666666666665;574.7339397053868
EPB;15;90354;550.8333333333334;173.55031012627873
EPB;15;90355;2581.7083333333335;807.9196300518934
EPB;15;90356;6225.916666666667;2061.224918990324
EPB;15;90357;62.166666666666664;25.79293241023286
EPB;15;90428;489.4166666666667;237.71318425997006
EPB;15;90429;10.708333333333334;49.573379222484235
EPB;15;90430;27.125;44.894380882050356
EPB;15;90431;10.0;
EPB;15;90432;0.5;0.7071067811865476
EPB;15;90433;-1.5;4.949747468305833
EPB;15;90434;107.625;173.48870718792946
EPB;15;90435;25.875;122.19845316746748
EPB;15;90436;30.125;92.65331008423401
EPB;15;90437;2.125;5.356904756613521
EPB;15;90438;1.2173913043478262;20.5204034200534
EPB;15;90439;1.6363636363636365;14.045997411719942
EPB;15;90459;82.04166666666667;53.45252193722271
EPB;15;90460;973.75;291.1820362949431
EPB;15;90461;18.8;31.814741516752537
EPB;15;90464;258.4166666666667;162.7246050892405
EPB;15;90465;16.041666666666668;20.54576898508318
EPB;15;90466;-14.333333333333334;25.540817005987364
EPB;15;90467;307.4166666666667;149.08880244502856
EPB;15;90468;-0.23529411764705882;4.070156811547712
EPB;15;90469;90.5;35.43640967190077
EPB;15;90471;2542.5;509.53414358437334
EPB;15;90472;12853.291666666666;2566.3483188843593
EPB;15;90473;3083.875;639.5262045486079
EPB;15;90474;4294.458333333333;998.2535174718532
EPB;15;90475;27.416666666666668;36.542907081552976
EPB;15;90476;2.2857142857142856;8.882835240212549
EPB;15;90477;165.33333333333334;48.282381939969596
EPB;15;90478;3.125;7.434235478033847
EPB;15;90479;4219.916666666667;1264.6812252300087
EPB;15;90480;939.2083333333334;295.3677117508404
EPB;15;90481;229.125;135.2174778064871
EPB;15;90482;30.166666666666668;54.46072910357291
EPB;15;90483;8.6;20.90826524500671
EPB;15;90485;25.333333333333332;28.831846321712398
EPB;15;90486;43.5;58.58253189713007
EPB;15;90487;1578.3333333333333;922.5119142233654
EPB;15;90488;2240.625;671.1351715401756
EPB;15;90489;382.25;139.84004837826245
EPB;15;90490;2489.3333333333335;614.7735296461804
EPB;15;90491;2257.0;836.0974563540658
EPB;15;90492;9497.791666666666;2506.2535868636014
EPB;15;90493;841.4166666666666;267.66330515693824
EPB;15;90587;350.9583333333333;163.6524629304075
EPB;15;90588;343.75;184.6838073455607
EPB;15;90646;16.0;
EPB;15;90659;2.0;6.6932802122726045
EPB;15;90787;55.083333333333336;38.87764157575346
EPB;15;90788;71.22727272727273;67.03228207234808
EPB;15;90789;29.0;40.59556626036888
EPB;15;90790;70.75;59.01307887460939
EPB;15;90791;587.2083333333334;252.28055107216522
EPB;15;90792;0.5;7.7781745930520225
EPB;15;90793;14.708333333333334;33.30945702854118
EPB;15;90794;30.041666666666668;46.735592215250094
EPB;15;90795;2.7142857142857144;14.504262351930427
EPB;15;90796;96.125;112.70635663567056
EPB;15;90797;1686.9583333333333;604.4093400687309
EPB;15;90798;198.25;136.91992264601708
EPB;15;90799;24.5625;31.144756112921055
EPB;15;90800;4.086956521739131;7.786427839389748
EPB;15;90806;3.888888888888889;4.884783629917615
EPB;15;90819;-161.0;
EPB;15;90823;2.3333333333333335;0.5773502691896257
EPB;15;90825;7.125;12.706297651164952
EPB;15;90826;1577.375;511.13146547634886
EPB;15;90830;3.8947368421052633;6.84669211973608
EPB;15;90887;-2.3333333333333335;35.529330606322056
EPB;15;90888;520.0;378.82426808080356
EPB;15;90911;0.0;
EPB;15;90920;2.0526315789473686;8.891154681982952
EPB;15;90921;2.9;10.038260141412287
EPB;15;90922;4.0;11.124297730643494
EPB;15;90923;3.0;
EPB;15;90924;3.125;12.531959144523254
EPB;15;90926;25.0;0.0
EPB;15;90928;5.769230769230769;11.519214716824568
EPB;15;90930;0.0;4.242640687119285
EPB;15;90933;12.5;22.173557826083453
EPB;15;90936;3.0;
EPB;15;90940;9.0;17.10263137648707
EPB;15;90941;12.666666666666666;16.08311744241976
EPB;15;90942;30.0;
EPB;15;90943;4.125;11.667261889578034
EPB;15;90944;0.0;8.48528137423857
EPB;15;91847;0.0;
EPB;15;92012;68.69565217391305;41.37899640969459
EPB;15;92013;34.785714285714285;34.13137192452934
EPB;15;92175;5.0;
EPB;16;92171;0.0;
EPB;16;693572;23.0;
EPB;17;721103;4.0;3.7416573867739418
EPB;17;721104;1.9285714285714286;0.9972489631508746
EPB;17;721108;0.5;0.7071067811865476
EPB;17;753401;0.6666666666666666;1.5275252316519465
EPB;17;753402;2.25;0.5
EPB;17;753403;1.9230769230769231;0.7595545253127498
EPB;17;753404;1.7777777777777777;1.855921454276674
EPB;17;753405;1.125;1.3562026818605375
EPB;17;753406;1.8181818181818181;1.0787197799411874
EPB;17;753407;1.4;0.8944271909999159
EPB;17;753408;1.3333333333333333;1.632993161855452
EPB;17;753409;1.0;1.4142135623730951
EPB;17;753410;1.0;0.0
EPB;17;753415;2.4;1.0749676997731399
EPB;17;753416;5.478260869565218;2.6435094651788402
EPB;17;753417;10.5;5.1075391845524925
EPB;17;753418;18.833333333333332;5.121707142933009
EPB;17;753419;12.166666666666666;5.931981607953741
EPB;17;753420;6.0;2.9232609437842774
EPB;17;753421;2.5555555555555554;2.006525302818201
EPB;17;753422;2.933333333333333;2.086236073022646
EPB;17;753423;2.2857142857142856;1.7043362064926935
EPB;17;753424;2.0;
EPB;17;753425;3.0;
EPB;17;753436;0.5;1.0
EPB;17;753438;1.2;0.4472135954999579
EPB;17;753440;1.75;0.8864052604279183
EPB;17;753442;3.75;3.4034296427770228
EPB;17;753444;2.2222222222222223;2.279132388529557
EPB;17;753446;1.5;0.7071067811865476
EPB;17;753448;1.2857142857142858;0.48795003647426666
EPB;17;753450;1.9285714285714286;1.5915297775935684
EPB;17;753452;2.0;1.0
EPB;17;753454;2.0;0.0
EPB;17;753456;1.3333333333333333;0.5773502691896257
EPB;17;764036;3.066666666666667;1.624221425205085
EPB;17;764038;2.9375;1.6111590031195968
EPB;17;764040;2.933333333333333;2.463060426921489
EPB;17;764042;2.533333333333333;1.5976172734359602
EPB;17;764044;2.727272727272727;1.1908743922772957
EPB;17;764046;1.6363636363636365;1.433368568981982
EPB;17;764048;2.5555555555555554;1.130388330520878
EPB;17;764050;2.4;1.51657508881031
EPB;17;764052;2.6;1.140175425099138
EPB;17;764054;2.0;1.7320508075688772
EPB;17;764138;1.7777777777777777;0.9718253158075502
EPB;17;764140;1.2222222222222223;1.092906420717
EPB;17;764142;1.5;1.378404875209022
EPB;17;764144;1.3333333333333333;0.5163977794943222
EPB;17;764146;1.0;0.0
EPB;17;765001;4.190476190476191;2.694792155603983
EPB;17;765002;7.5;4.28452364413395
EPB;17;765003;6.833333333333333;4.3705204810597005
EPB;17;765004;3.95;2.187885304412267
EPB;17;765005;2.4444444444444446;1.8104634152000358
EPB;17;765006;1.25;0.9574271077563381
EPB;17;765008;1.0;
EPB;17;765101;2.375;1.707825127659933
EPB;17;765102;2.5;1.6538724611187703
EPB;17;765103;3.3333333333333335;3.4127787539671264
EPB;17;765104;2.0;1.1547005383792515
EPB;17;765105;1.3333333333333333;0.5773502691896257
EPB;17;765106;1.1666666666666667;1.6020819787597222
EPB;17;765107;2.0;
EPB;17;778501;1.9411764705882353;1.477776549215667
EPB;17;778502;3.5;2.065591117977289
EPB;17;778503;3.45;2.5230516193063135
EPB;17;778504;2.6923076923076925;1.797434068545834
EPB;17;778505;1.4;0.5477225575051661
EPB;17;778507;0.0;
EPB;17;778509;2.8;1.6987390281365427
EPB;17;778510;6.2;3.99473337493782
EPB;17;778511;6.260869565217392;3.1939913944261
EPB;17;778512;3.65;2.2307657406087453
EPB;17;778513;1.5555555555555556;0.726483157256779
EPB;17;778514;1.375;1.0606601717798212
EPB;17;778516;2.0;1.7320508075688772
EPB;17;778841;2.0;2.0976176963403033
EPB;17;778842;1.6666666666666667;1.1547005383792517
EPB;17;778843;1.6;0.5477225575051661
EPB;17;778844;1.6666666666666667;0.9999999999999999
EPB;17;778845;2.2;1.3038404810405297
EPB;17;778846;1.125;0.6408699444616557
EPB;17;778847;1.2857142857142858;0.7559289460184545
EPB;17;778850;1.25;0.5
EPB;17;778851;1.0;
EPB;17;778853;1.75;0.5
EPB;17;778856;1.0;0.0
EPB;19;10246;1.6666666666666667;10.403525043625036
EPB;19;10247;75.66666666666667;67.87755386606518
EPB;19;31486;166.66666666666666;137.5306026550697
EPB;19;31487;10.666666666666666;5.592437958425697
EPB;19;31491;76.56521739130434;93.64770835761233
EPB;19;35798;50.166666666666664;28.306807702721276
EPB;19;35799;111.5;215.02480477067445
EPB;19;35803;129.45833333333334;99.6471946709846
EPB;19;62106;1.0;6.48074069840786
EPB;19;62118;58.125;74.77055482986079
EPB;25;892791;100.0;
EPB;25;892793;60.0;70.0
EPB;26;50794;0.2857142857142857;1.2535663410560174
EPB;26;50796;-0.6666666666666666;3.559026084010437
EPB;26;90414;697.0;195.61475004401535
EPB;26;90415;725.3333333333334;183.7312940296157
EPB;26;91235;527.9166666666666;108.58533677398087
EPB;26;91236;48.541666666666664;20.740590672622496
EPB;29;90241;0.0;
EPB;29;691845;-50.0;
EPB;30;7227;18.5;12.020815280171307
EPB;30;10054;-7.666666666666667;6.3508529610858835
EPB;30;10058;15.166666666666666;8.046963600539385
EPB;30;10064;53.291666666666664;153.12753399263852
EPB;30;10066;204.0;
EPB;30;10114;4.666666666666667;9.768998583955948
EPB;30;10126;-0.1111111111111111;0.3333333333333333
EPB;30;10149;57.5;38.890872965260115
EPB;30;10151;0.0;0.0
EPB;30;10242;1312.9583333333333;807.7405136049823
EPB;30;10249;-5.875;10.588909292273685
EPB;30;10264;4.666666666666667;2.8867513459481287
EPB;30;10265;45.0;46.66904755831214
EPB;30;10266;16.5;0.7071067811865476
EPB;30;12286;20.82608695652174;15.158712388089633
EPB;30;12608;53.0;18.384776310850235
EPB;30;35158;350.0;
EPB;30;35159;142.75;129.68005500718553
EPB;30;35314;31.0;41.012193308819754
EPB;30;35316;6.0;4.320493798938574
EPB;30;35322;10.8;15.270887335056859
EPB;30;35732;44.0;
EPB;30;35739;4.5;4.949747468305833
EPB;30;35810;4.764705882352941;13.09355476830445
EPB;30;35811;56.25;40.51864841730555
EPB;30;35812;23.2;36.17260210238051
EPB;30;35813;1899.125;771.5150714242609
EPB;30;35814;222.91666666666666;144.06759182582582
EPB;30;35815;6.473684210526316;5.316310552886921
EPB;30;90213;8.428571428571429;19.26012411570551
EPB;30;90215;15.0;
EPB;30;90218;0.3333333333333333;4.041451884327381
EPB;30;90229;12.833333333333334;6.438111164178422
EPB;30;90244;1.0625;21.94073456685836
EPB;30;90247;24.166666666666668;10.965030052761872
EPB;30;90248;-0.6666666666666666;1.5275252316519468
EPB;30;90249;88.375;108.71334964623411
EPB;30;90251;2979.125;786.9377254240975
EPB;30;90252;455.4583333333333;127.26042424772183
EPB;30;90280;558.6666666666666;234.4602806199929
EPB;30;90358;0.6666666666666666;2.0816659994661326
EPB;30;90359;0.3333333333333333;96.00173609541305
EPB;30;90362;18.833333333333332;12.146449352961463
EPB;30;90363;31.958333333333332;22.674404582886094
EPB;30;90364;13.458333333333334;7.8959492458319165
EPB;30;90365;13.958333333333334;13.48583529571633
EPB;30;90366;11.222222222222221;19.84218784057478
EPB;30;90367;20.6;42.19360141064045
EPB;30;90372;551.2916666666666;199.7166425685165
EPB;30;90373;471.5833333333333;280.0071298264085
EPB;30;90374;-3.7058823529411766;25.98981701042341
EPB;30;90375;124.83333333333333;150.30828224068335
EPB;30;90376;4661.75;1307.4529586682784
EPB;30;90377;1856.25;457.40156935910693
EPB;30;90378;1563.5;488.0692217476855
EPB;30;90379;2674.25;809.3434402945553
EPB;30;90380;823.4166666666666;326.10719985474316
EPB;30;90381;7.7272727272727275;33.210987594013176
EPB;30;90382;197.45833333333334;124.14156686295048
EPB;30;90383;57.52173913043478;73.18896437256682
EPB;30;90384;7.181818181818182;65.70977774863411
EPB;30;90385;17.1;29.740810168414782
EPB;30;90386;2.6666666666666665;12.744576980984595
EPB;30;90387;4689.375;1314.12909869749
EPB;30;90388;3384.625;997.9326810309226
EPB;30;90389;18593.25;4775.056696681385
EPB;30;90393;6645.916666666667;1910.9591699655336
EPB;30;90399;35.125;33.322289837284586
EPB;30;90409;584.5;217.29683164620295
EPB;30;90411;0.25;1.5447859516333116
EPB;30;90416;126.33333333333333;42.56725284174155
EPB;30;90423;183.125;80.15002915728134
EPB;30;90424;2.0;
EPB;30;90426;2.5;5.744562646538029
EPB;30;90440;4316.916666666667;1205.8990121632207
EPB;30;90441;0.0;
EPB;30;90442;14.166666666666666;7.954581215805179
EPB;30;90443;2.6;4.669047011971501
EPB;30;90444;5.866666666666666;9.657466886646137
EPB;30;90445;11.083333333333334;12.08649383954393
EPB;30;90446;11.208333333333334;5.299541954502883
EPB;30;90447;0.0;
EPB;30;90448;3517.0833333333335;1124.9602086360621
EPB;30;90514;37.875;32.211680976073694
EPB;30;90515;1.0;0.0
EPB;30;90517;27.47826086956522;105.48583255378524
EPB;30;90518;37.208333333333336;32.123375163330174
EPB;30;90521;131.70833333333334;32.71946524314084
EPB;30;90522;816.625;246.7716445729075
EPB;30;90523;-1.0;
EPB;30;90524;461.5;113.60381193849317
EPB;30;90525;2.3333333333333335;3.983298465677241
EPB;30;90535;39.857142857142854;48.59659012141255
EPB;30;90536;21.5;19.242163848310234
EPB;30;90542;267.1666666666667;91.27248581399911
EPB;30;90544;55.833333333333336;23.285873057671065
EPB;30;90620;8.238095238095237;5.620540560344368
EPB;30;90660;2079.375;880.8844277202317
EPB;30;90801;67.625;54.52068813562984
EPB;30;90833;0.0;3.4641016151377544
EPB;30;91119;2881.9041666666667;1071.0116428462945
EPB;30;92017;191.0;116.28488256451686
EPB;31;35808;74.95833333333333;45.25529434957491
EPB;31;36290;1.0;
EPB;32;37879;50.0;
EPB;32;37880;50.0;
EPB;32;37881;50.0;
EPB;32;802928;74.0;
EPB;33;38568;22988.375;2941.1083212980607
EPB;33;38588;435.8333333333333;115.54988257163585
EPB;33;38645;143.9375;74.75334440678891
EPB;33;80236;100.0;
EPB;35;80003;8.333333333333334;4.902380374199184
EPB;35;80008;24.666666666666668;35.85154575933001
EPB;35;80009;34.0;45.254833995939045
EPB;35;80111;29.2;34.48477925114209
EPB;35;80112;50.5;36.062445840513924
EPB;35;80120;12.15;25.1422793423014
EPB;35;80122;128.25;198.510705001015
EPB;35;80130;33.0;7.0710678118654755
EPB;39;474;1.25;0.4629100498862757
EPB;39;475;1.4285714285714286;0.5345224838248488
EPB;39;476;1.375;0.5175491695067657
EPB;39;477;1.6;0.699205898780101
EPB;39;30301;3.5454545454545454;2.621588692515909
EPB;39;37746;4.5;2.073644135332772
EPB;39;38634;1.0;0.0
EPB;39;38642;3.7142857142857144;2.584824690635456
EPB;39;892939;8.173913043478262;5.365310919678573
EPB;39;892940;2.1904761904761907;1.7498299237082335
EPB;39;892941;1.0;
EPB;39;892943;0.0;
EPB;39;892944;0.0;
EPB;39;892945;0.0;
EPB;39;892946;0.0;
EPB;41;30272;1.1538461538461537;4.997435239636325
EPB;41;30278;-3.5;13.435028842544403
EPB;41;30279;2.6;5.9833101206606365
EPB;41;90253;3471.9583333333335;827.100933810466
EPB;41;90254;6.6521739130434785;17.62902744610865
EPB;41;90295;6899.25;2043.4142624113417
EPB;41;90580;45.0;7.0710678118654755
EPB;47;38494;22.0;18.374884044161032
EPB;47;90636;9.666666666666666;4.618802153517007
EPB;47;91050;1032.875;441.01171358790367
EPB;52;37750;45.333333333333336;23.044160503983072
EPB;54;22125;13.75;28.00659860135449
EPB;54;22758;1.0;
EPB;54;22817;7.208333333333333;11.394045609980628
EPB;54;37745;16.708333333333332;12.969794898538101
EPB;54;90186;1.0;
EPB;54;90187;1.0;
EPB;54;90193;197.25;74.34949782000517
EPB;54;90194;560.6666666666666;188.06744087917127
EPB;54;90195;36.291666666666664;16.781146684835665
EPB;54;90196;138.33333333333334;40.11577448235096
EPB;54;90197;8.625;9.00150953524149
EPB;54;90198;614.6666666666666;176.9214187310205
EPB;54;90199;434.0833333333333;117.32189708759353
EPB;54;90200;39.708333333333336;20.431176447147944
EPB;54;90201;10.791666666666666;7.9726661661643305
EPB;54;90202;24.208333333333332;21.08776518694454
EPB;54;90203;56.291666666666664;32.993384273170605
EPB;54;90204;3.8333333333333335;5.506254678064768
EPB;54;90205;2.4285714285714284;2.9081167199998794
EPB;54;90206;7.521739130434782;6.556534320240391
EPB;54;90400;1186.0416666666667;369.3822668428616
EPB;54;90405;356.6666666666667;110.46922320430394
EPB;54;90570;1.3;20.12212712413874
EPB;54;90662;-1.0;4.358898943540674
EPB;54;90665;9.130434782608695;5.4045801100555355
EPB;54;90667;19.208333333333332;9.136544712054022
EPB;54;90668;10.083333333333334;7.008793648396069
EPB;54;90669;1.125;1.1259916264596033
EPB;54;90670;2.8095238095238093;2.27198256197198
EPB;54;90671;1.5;1.7888543819998317
EPB;54;91044;10.625;8.60643086150775
EPB;54;91045;2.4;1.635140425323255
EPB;54;91046;1.2;1.9346465162548796
EPB;54;91047;0.42857142857142855;0.9759000729485331
EPB;54;91073;63.375;38.68244461947991
EPB;54;91074;89.5;60.5000898310508
EPB;54;91640;26.789473684210527;23.126653568191788
EPB;56;212;-1.0;1.4142135623730951
EPB;56;2953;0.0;
EPB;56;3029;16.75;40.69202512889852
EPB;56;4566;-1.8888888888888888;3.018461712712472
EPB;56;22282;0.0;
EPB;56;30202;38.0;65.81793068761733
EPB;56;90013;577.6666666666666;265.7778848173245
EPB;56;90301;20.0;
EPB;56;90302;27.91304347826087;71.62269386639854
EPB;56;90303;781.4583333333334;288.2930241154357
EPB;56;90304;396.6666666666667;1841.7943676625855
EPB;56;90305;4.25;12.36065185521032
EPB;56;90306;3815.0833333333335;1026.986131597089
EPB;56;90307;720.875;243.52114674714284
EPB;56;90308;88.875;103.03706066054687
EPB;56;90309;-1.0;9.746794344808963
EPB;56;90310;47.208333333333336;55.02408892765823
EPB;56;90311;1515.5833333333333;374.92896911822913
EPB;56;90312;293.1666666666667;94.10385875129701
EPB;56;90313;648.5833333333334;149.06867885136955
EPB;56;90314;165.16666666666666;50.62450572311936
EPB;56;90315;63.375;28.803400312553684
EPB;56;90316;3.75;7.581376703955077
EPB;56;90317;1.8571428571428572;3.5790395093549625
EPB;56;90323;-0.21739130434782608;79.7216501458436
EPB;56;90324;7365.75;1724.8436665138795
EPB;56;90325;58.4;74.90764684299965
EPB;56;90328;14.75;16.72074559741082
EPB;56;90330;-118.0;
EPB;56;90557;20.565217391304348;31.362725540993463
EPB;56;90558;5.0;
EPB;56;90565;69.625;90.31481774519519
EPB;56;90566;25.75;25.750052764825632
EPB;56;90584;6246.416666666667;1783.6588169721022
EPB;56;90683;1751.7083333333333;483.12096596362187
EPB;56;90685;4.923076923076923;11.579158996961873
EPB;56;90687;40.208333333333336;32.044777322103336
EPB;56;90688;89.70833333333333;161.11661430714432
EPB;56;90689;3.260869565217391;8.454247944104505
EPB;56;90690;-1.5;7.7781745930520225
EPB;56;90693;89.70833333333333;50.93344264537932
EPB;56;90694;1319.2916666666667;441.98352115323763
EPB;56;90695;174.08333333333334;230.07823181175394
EPB;56;90696;5.5;0.7071067811865476
EPB;56;90697;0.8;3.63318042491699
EPB;56;90698;79.0;132.62139639820077
EPB;56;90699;-1.0909090909090908;16.55569113902857
EPB;56;90701;59.375;112.5880573248065
EPB;56;90706;5.0;6.572670690061994
EPB;56;90707;6.15;13.023359579495688
EPB;56;90708;8.4;10.89954127475097
EPB;56;90713;173.95833333333334;104.8993219883865
EPB;56;90715;187.20833333333334;140.1011991900596
EPB;56;90717;33.0;
EPB;56;90721;11.428571428571429;29.213988821404428
EPB;56;90722;1.0;1.4142135623730951
EPB;56;90724;11.0625;20.19065377841936
EPB;56;90726;351.625;179.92046854096395
EPB;56;90727;1350.75;512.3641071160914
EPB;56;90737;2.7333333333333334;8.713426967835876
EPB;56;90740;4.0;
EPB;56;90741;21.208333333333332;29.96081377931582
EPB;56;90742;21.05;34.241364643243685
EPB;56;90745;4.5;9.9498743710662
EPB;56;90746;19.75;50.082432049572034
EPB;56;90747;0.0;8.48528137423857
EPB;56;90749;20.0;
EPB;56;90750;1.0;
EPB;56;90757;5.0;
EPB;56;90758;6.0;
EPB;56;90954;28.0;52.11333802396465
EPB;58;90275;652.2083333333334;246.33928161514694
EPB;58;90276;0.8571428571428571;2.1157009420498154
EPB;58;90277;4440.333333333333;1081.706769985232
EPB;58;90278;6.75;12.579745625409124
EPB;63;90298;249.75;83.86751975327051
EPB;63;90511;8.608695652173912;6.18457855134103
EPB;63;90512;5.5;4.949747468305833
EPB;63;90547;804.625;168.19807487395434
EPB;63;90549;27.764705882352942;28.86938129698294
EPB;63;90561;2.0;4.560701700396552
EPB;69;6099;2.0;
EPB;69;35832;0.3333333333333333;2.0816659994661326
EPB;69;35896;0.5;0.7071067811865476
EPB;69;37601;33.08695652173913;40.89778060601851
EPB;69;37606;6.8125;5.406400527769532
EPB;69;37747;350.75;100.37722329553523
EPB;69;37759;121.84210526315789;60.76481361034044
EPB;69;37760;41.1578947368421;28.686549612230653
EPB;69;37852;1.0;0.0
EPB;69;37860;25.571428571428573;16.427329145577588
EPB;69;37889;128.8;62.28085791925072
EPB;69;37890;43.083333333333336;27.481087040499983
EPB;69;37905;33.291666666666664;20.902421675108794
EPB;69;37906;146.45833333333334;37.965635682201125
EPB;69;38042;6.954545454545454;5.899776208243776
EPB;69;38044;16.42105263157895;23.80083049315176
EPB;69;38045;3.7222222222222223;6.066354225955755
EPB;69;38048;1.625;2.1339098923270936
EPB;69;38050;1.75;1.5
EPB;69;38528;100.0;
EPB;69;38683;16.142857142857142;6.229729031789731
EPB;69;38689;14.4;9.126883367283709
EPB;69;80014;1.8571428571428572;1.0690449676496976
EPB;69;80015;5.0;3.5901098714230026
EPB;69;80016;26.625;19.980017191096753
EPB;69;80017;21.708333333333332;10.634149939112962
EPB;69;80018;4.636363636363637;2.9688133679726003
EPB;69;80019;3.6666666666666665;2.6457513110645907
EPB;69;80025;11.73913043478261;16.9174933435089
EPB;69;80026;5.7;4.402152583500605
EPB;69;80027;4.0;2.7774602993176543
EPB;69;80028;1.5714285714285714;0.5345224838248488
EPB;69;80036;1.25;0.5
EPB;69;80037;1.0;3.4641016151377544
EPB;69;80055;31.708333333333332;22.620650755000618
EPB;69;80059;9.909090909090908;5.935439093229518
EPB;69;421593;16.571428571428573;12.108635250062148
EPB;69;491603;14.0;12.007244190216099
EPB;69;491604;6.6521739130434785;6.057367382348793
EPB;69;491694;0.0;
EPB;69;491704;215.57142857142858;129.73416042412416
EPB;69;491710;77.5;35.81959628835688
EPB;69;491711;22.958333333333332;15.826447778176956
EPB;69;491712;18.434782608695652;10.978599376458488
EPB;69;491714;1.0;
EPB;69;491715;2.0;1.7320508075688772
EPB;69;491716;1.0;
EPB;69;492012;4.0;0.0
EPB;70;32813;1.0;
EPB;70;37926;2065.125;604.3649424773513
EPB;70;37928;19683.333333333332;5731.501561103124
EPB;70;37929;8876.791666666666;2634.56515641686
EPB;70;37930;884.5;553.1486428191174
EPB;70;992821;0.8;
EPB;70;992825;11.5;13.69914839202301
EPB;71;90208;785.9166666666666;228.7637696813912
EPB;71;90210;900.0833333333334;256.31823234386593
EPB;72;12627;9.5;0.7071067811865476
EPB;72;12630;61.666666666666664;2.886751345948128
EPB;72;12631;188.66666666666666;23.18045153428495
EPB;75;90056;25.958333333333332;16.773372186079747
EPB;75;90057;3.772727272727273;2.9102743804832163
EPB;75;90058;9.875;7.81477140893533
EPB;75;90059;1.1538461538461537;0.8987170342729172
EPB;75;90060;1.3333333333333333;0.7237468644557459
EPB;75;90061;28.666666666666668;11.48786379153033
EPB;75;90062;25.75;11.314669201105033
EPB;75;90063;47.041666666666664;23.003741031607778
EPB;75;90606;60.708333333333336;62.7662877989289
EPB;75;90607;66.56521739130434;57.38056852514424
EPB;75;90808;2.3333333333333335;2.3094010767585034
EPB;75;90810;1.0;0.0
EPB;75;90811;4.0;3.1119464208619965
EPB;75;90812;9.565217391304348;6.940173478029085
EPB;75;90813;6.409090909090909;6.215641490160058
EPB;75;90814;2.1;1.58612404107756
EPB;75;90815;1.6666666666666667;1.1751393027860064
EPB;75;90816;1.125;1.2583057392117916
EPB;75;91085;32.625;17.508671321050365
EPB;75;91086;42.0;17.08800749063506
EPB;75;91121;16.166666666666668;14.330619898199332
EPB;75;91122;9.857142857142858;7.289914755527471
EPB;75;91123;2.0;1.224744871391589
EPB;75;91124;2.0;1.1547005383792515
EPB;75;91152;2.4;1.1401754250991378
EPB;75;91153;7.571428571428571;3.8234863173611093
EPB;75;91154;8.25;4.301162633521313
EPB;75;91155;1.0;1.632993161855452
EPB;75;91156;1.0;0.0
EPB;75;91157;0.6;0.8944271909999159
EPB;75;91606;5.5;3.5355339059327378
EPB;77;90497;147.625;60.755255632385605
EPB;77;90498;1057.375;321.62830457586887
EPB;77;90499;1137.5;305.54527167586525
EPB;77;90500;1005.5416666666666;238.0710487971234
EPB;77;90501;727.8333333333334;172.4170037682067
EPB;77;90503;1.0;2.309401076758503
EPB;77;90504;3.4;7.602631123499285
EPB;77;90506;10.789473684210526;23.961958154468324
EPB;77;90508;2.8333333333333335;4.566502072316466
EPB;77;90509;2.5;1.6903085094570331
EPB;77;90510;43.916666666666664;15.362055644450336
EPB;77;90639;1233.3333333333333;453.3243072417713
EPB;77;90640;11.666666666666666;9.130296755340416
EPB;77;90641;1152.8333333333333;366.2571758212796
EPB;77;90642;31.083333333333332;18.208733372052343
EPB;77;90643;732.125;212.4460673247193
EPB;77;90644;9.916666666666666;7.523393468067605
EPB;77;90645;394.6666666666667;114.12642367002543
EPB;83;32295;90.73333333333333;281.1401446830049
EPB;83;90394;68.5;1297.2158145679607
EPB;83;90395;8905.791666666666;2462.5925712755343
EPB;83;90396;964.0416666666666;1788.596765482023
EPB;83;90397;652.4166666666666;372.25387744839185
EPB;83;90398;610.0416666666666;297.9349913285967
EPB;83;90406;7.555555555555555;22.561643951134805
EPB;83;90407;60.8;88.7789389438734
EPB;83;90449;866.4166666666666;249.9926810522863
EPB;83;90450;134.33333333333334;141.83538120764806
EPB;83;90451;130.41666666666666;170.15387324333864
EPB;83;90454;0.0;
EPB;83;90458;3.0;
EPB;83;90516;-2.3333333333333335;5.8878405775518985
EPB;83;90537;272.72727272727275;206.76998534561739
EPB;83;90538;756.4583333333334;279.07891655706754
EPB;83;90540;1.7894736842105263;2.2749590318269974
EPB;83;90567;1109.125;513.8101757839469
EPB;83;90568;34.411764705882355;53.2342216336557
EPB;83;90586;0.7142857142857143;5.529143565818179
EPB;83;90803;2104.125;679.5503188650309
EPB;83;90968;1.4545454545454546;12.168513765975172
EPB;83;90969;-5.333333333333333;33.15906828491732
EPB;83;91070;45.0;21.213203435596427
EPB;83;91072;51.0;
EPB;85;30204;3.0;
EPB;87;80068;1.0;
EPB;87;80070;1.0;
EPB;87;80078;2.7142857142857144;1.938618517976592
EPB;87;80079;2.588235294117647;1.3719886811400708
EPB;87;80080;2.2777777777777777;1.1274936053323583
EPB;87;80081;5.333333333333333;3.497411050758978
EPB;87;80082;11.25;6.509190826622869
EPB;87;80083;21.875;10.258877385824984
EPB;87;80084;19.625;7.185810292877025
EPB;87;80085;20.5;8.52107362086339
EPB;87;80086;9.166666666666666;3.985480895828569
EPB;87;80087;5.391304347826087;3.5128223622347603
EPB;87;80088;1.8823529411764706;1.5363248737318091
EPB;87;80089;1.3333333333333333;1.3662601021279464
EPB;87;80092;2.142857142857143;1.7032612545052803
EPB;87;80093;9.125;2.802367011932095
EPB;87;80094;21.291666666666668;8.110536178419357
EPB;87;80095;39.625;12.447498439096279
EPB;87;80096;37.875;12.725573361986658
EPB;87;80097;39.791666666666664;13.69537899428495
EPB;87;80098;20.708333333333332;10.748019703007241
EPB;87;80099;7.791666666666667;4.854215260688534
EPB;87;80100;2.8947368421052633;1.7286711930171252
EPB;87;441560;1.0;0.0
EPB;87;441561;1.7142857142857142;1.2535663410560174
EPB;87;441562;2.75;1.712255291076124
EPB;87;441563;2.0;1.224744871391589
EPB;87;441564;1.625;1.5864005379054391
EPB;87;441565;1.2;0.9189365834726815
EPB;87;441566;1.5;0.5773502691896257
EPB;88;37602;12.181818181818182;9.530084512873472
EPB;88;80013;77.41666666666667;85.80357581819307
EPB;88;491607;8.0;
EPB;89;80042;12.208333333333334;11.743561294771615
EPB;95;90404;6.222222222222222;10.71862346054235
EPB;95;90496;25.130434782608695;17.61534544812894
EPB;95;90529;20.714285714285715;5.122313465427047
EPB;95;90575;9.25;14.314910641239317
EPB;95;90582;42.0;142.55189749091687
EPB;95;91016;0.3333333333333333;1.1547005383792517
EPB;95;91019;0.375;0.9161253813129043
EPB;95;91020;1.05;1.3562719801759993
EPB;95;91021;3.9583333333333335;4.408284361800264
EPB;95;91022;31.416666666666668;15.29397911275706
EPB;95;91023;0.8333333333333334;1.7224014243685084
EPB;95;91024;1.2352941176470589;1.200490095997562
EPB;97;10256;-1.0;
EPB;97;35804;30.083333333333332;18.759152355622287
EPB;97;91056;39.541666666666664;34.99189864832277
EPB;97;91057;51.0;47.31301870659316
EPB;102;12575;10.0;
EPB;102;12621;0.0;0.0
EPB;102;12628;8.583333333333334;4.586527213923183
EPB;102;12637;0.0;0.0
EPB;102;12638;0.0;0.0
EPB;102;90623;80.70833333333333;24.247777426909202
EPB;102;90633;77.0;34.36884332217696
EPB;102;91002;639.75;275.3082462164594
EPB;102;91003;465.0416666666667;223.5942519224357
EPB;108;62119;22.333333333333332;16.49681567867665
EPB;110;71;456.78125;1090.0762199490316
EPB;110;90835;227.555;151.77234739350027
EPB;110;90836;3527.9245;866.6715993019379
EPB;116;10252;314.5833333333333;166.62347991195904
EPB;116;10253;7.25;14.500000000000002
EPB;116;10259;-0.8;5.630275304103699
EPB;116;10261;115.45833333333333;57.119233923941685
EPB;116;31489;531.0;295.17437734918366
EPB;116;31490;112.29166666666667;43.459605599229505
EPB;116;35794;29.210526315789473;46.881148719535005
EPB;116;35795;137.7;265.91789393681177
EPB;116;35796;15.25;44.81289604761014
EPB;116;35797;102.4090909090909;48.31805251802062
EPB;116;90960;-9.666666666666666;6.8068592855540455
EPB;116;90963;35.0;26.870057685088806
EPB;116;92002;623.8333333333334;372.464960847089
EPB;116;92005;95.38888888888889;34.680285786340086
EPB;116;92325;123.83333333333333;58.82301470363049
EPB;116;92352;17.0;18.384776310850235
EPB;117;37944;23.916666666666668;14.144953522190432
EPB;117;37945;30.791666666666668;13.654045957682023
EPB;117;37946;21.0;8.880853856324363
EPB;117;38538;3.0;
EPB;117;38539;7.0;
EPB;117;38540;8.0;
EPB;117;38541;2.0;1.4142135623730951
EPB;117;38563;20.583333333333332;10.13781842009614
EPB;117;38564;42.833333333333336;20.7985506741438
EPB;117;38565;37.291666666666664;17.276470972839398
EPB;117;38566;9.652173913043478;6.8927412125311145
EPB;117;38567;4.333333333333333;2.74469184669852
EPB;117;38693;1.6666666666666667;0.5773502691896257
EPB;117;38694;3.75;5.315072906367325
EPB;117;38695;9.333333333333334;3.2145502536643185
EPB;117;38696;3.6666666666666665;2.516611478423583
EPB;117;38697;3.0;
EPB;117;38699;2.5;0.7071067811865476
EPB;117;38700;7.0;2.0
EPB;117;38701;5.666666666666667;9.60902353693305
EPB;117;38702;3.2;1.6431676725154984
EPB;117;38703;1.0;
EPB;117;320527;169.41666666666666;90.66033918670985
EPB;117;710301;3.7;2.4517567397911058
EPB;117;710302;55.25;25.290056475257998
EPB;117;710303;120.75;30.727766794446897
EPB;117;710304;91.33333333333333;31.826522528103567
EPB;117;710305;17.565217391304348;6.4725018835386265
EPB;117;710306;1.6666666666666667;2.7386127875258306
EPB;117;710307;1.3333333333333333;1.1547005383792517
EPB;117;710401;4.076923076923077;2.564551242795331
EPB;117;710402;67.5;27.460643774714008
EPB;117;710403;145.875;36.9268519008099
EPB;117;710404;116.29166666666667;41.0963651906596
EPB;117;710405;25.25;11.960987308383215
EPB;117;710406;1.6153846153846154;2.3992520201950973
EPB;117;710407;4.0;
EPB;117;720902;4.782608695652174;2.7790862091886908
EPB;117;720903;5.7727272727272725;2.8938657319334764
EPB;117;720904;4.2;3.0710875837996574
EPB;117;720905;2.0;0.8528028654224417
EPB;117;720907;2.5;0.7071067811865476
EPB;117;721036;6.722222222222222;3.1022867382845107
EPB;117;721038;15.782608695652174;8.005432937807868
EPB;117;721040;23.833333333333332;11.212053555327687
EPB;117;721042;32.0;14.847046258724177
EPB;117;721044;20.666666666666668;11.246899733846139
EPB;117;721046;15.565217391304348;10.94542696935583
EPB;117;721048;7.75;6.663924874789789
EPB;117;721050;5.5;4.09878030638384
EPB;117;721052;2.727272727272727;3.951984541743783
EPB;117;721054;3.2;1.7888543819998317
EPB;117;721056;2.0;
EPB;117;729601;53.625;23.07231071520862
EPB;117;732800;2.5;2.1213203435596424
EPB;117;739907;8.6;3.8321944477954517
EPB;117;739908;31.75;12.5914049359422
EPB;117;739909;44.458333333333336;22.057196728873592
EPB;117;739910;27.5;14.355729048771403
EPB;117;739911;13.826086956521738;6.971710197864219
EPB;117;739912;3.0;1.7320508075688772
EPB;122;50610;24.434782608695652;32.767536716246966
EPB;122;50945;0.875;3.5
EPB;122;50947;0.0;0.0
EPB;122;50956;0.29411764705882354;0.8488746876271653
EPB;122;50957;0.0;0.0
EPB;122;90839;26.625;16.87244344563309
EPB;122;90841;1.75;4.924428900898052
EPB;122;90854;86.91666666666667;25.215448450894346
EPB;122;90862;989.625;288.85934782535077
EPB;122;90868;-8.0;
EPB;122;92160;5.529411764705882;4.273722719404353
EPB;122;92161;5.285714285714286;9.817006996718826
EPB;122;92409;32.4;17.883751603860176
EPB;131;3458;16.25;14.198004554631378
EPB;131;3856;3.375;2.8254793103707785
EPB;131;80001;28.0;
EPB;131;80121;38.583333333333336;22.261131395652214
EPB;131;80124;11.130434782608695;11.798706970088201
EPB;131;80126;17.11111111111111;14.012890890573264
EPB;131;80127;28.75;23.458103262959096
EPB;131;80151;12.75;19.091010100742878
EPB;131;291410;7.0;5.301991240195622
EPB;131;291449;22.764705882352942;15.594588050685669
EPB;131;291450;18.8;18.585789704700968
EPB;131;491602;5.6;4.935371793172435
EPB;131;491608;37.45454545454545;24.63780925775758
EPB;147;451;581.25;198.0288187195951
EPB;147;3225;6.8;9.151358829215072
EPB;147;37864;39.833333333333336;37.571574207182174
EPB;147;37866;174.75;97.80870860133503
EPB;147;37907;1.0;
EPB;147;42775;4.0;
EPB;147;42816;134.95652173913044;92.19124305725944
EPB;147;42821;60.958333333333336;18.993086079954985
EPB;147;42822;35.916666666666664;9.802025818417718
EPB;147;42825;8167.916666666667;2110.2681658699344
EPB;147;42826;1204.125;334.33936319645153
EPB;147;42835;145.41666666666666;38.76564667742357
EPB;147;42840;5.2;5.167204273105526
EPB;149;37957;121.20833333333333;65.39178193723991
EPB;163;90545;0.0;2.8284271247461903
EPB;163;90551;152.66666666666666;75.89791007414624
EPB;163;90554;4.090909090909091;7.006490497453707
EPB;174;8349;6.0;4.242640687119285
EPB;174;8391;3.0;
ERO;2;37754;6.0;6.082762530298219
ERO;2;38022;14.875;17.111685557206094
ERO;4;3035;-23.545454545454547;78.14648250095924
ERO;4;3097;-68.75;64.52583461942459
ERO;4;7105;5.666666666666667;2.8867513459481287
ERO;4;8840;19.7;41.59073080493884
ERO;4;8872;0.0;
ERO;4;22249;-3.6666666666666665;4.6700667885506535
ERO;4;90462;1853.1666666666667;1875.1806792173775
ERO;4;90463;309.7916666666667;190.08098483830898
ERO;4;90581;18.833333333333332;73.23676118183954
ERO;4;90638;235.0;136.41528666092597
ERO;4;90837;40.02125;91.03831903738214
ERO;4;91870;186.58333333333334;240.07316215771766
ERO;4;503035;12.285714285714286;16.080156360291667
ERO;4;503097;-98.625;135.06711294760098
ERO;4;508840;1.1111111111111112;33.0016834587436
ERO;4;522249;861.6666666666666;602.8133799232502
ERO;4;590462;1073.1666666666667;1695.332894504323
ERO;4;590463;-4.0;129.47653807946628
ERO;4;590581;3.4347826086956523;472.6718856272822
ERO;4;590638;171.04166666666666;247.60214917355285
ERO;4;590837;3.625;33.332785912171616
ERO;8;76;0.0;4.242640687119285
ERO;8;27476;0.0;7.0710678118654755
ERO;10;222;0.0;
ERO;10;7710;0.0;1697.0562748477141
ERO;10;8125;-3.3333333333333335;5.773502691896257
ERO;10;8139;210.91272727272727;597.6721447589633
ERO;10;8242;-55.089166666666664;897.3505686181267
ERO;10;8672;0.0;
ERO;10;8897;-51.666666666666664;89.489291724392
ERO;10;90255;421.93291666666664;395.0383226922054
ERO;10;90256;3930.654583333333;7002.0160634323765
ERO;10;90300;65.10125000000001;157.19550500577853
ERO;10;508139;-19.794375000000002;66.39565869028387
ERO;10;508242;87.7942857142857;225.93461420339756
ERO;10;508672;0.0;0.33941125496954283
ERO;10;590255;-10.541666666666666;169.5174684256737
ERO;10;590256;-20.0;71.8644557483044
ERO;10;590300;-2.867500000000001;69.22683968381553
ERO;10;691063;69.46857142857142;129.43028101629096
ERO;11;13;0.0;0.0
ERO;11;130;-15.29;
ERO;11;2824;-100.0;
ERO;11;2838;29.75;37.86269051894402
ERO;11;2848;-2.0;
ERO;11;2936;0.0;
ERO;11;7559;-15.0;
ERO;11;8775;4.228571428571415;901.3258920876616
ERO;11;8960;8.09;37.46166720796072
ERO;11;8974;46.765;66.1356972443778
ERO;11;22476;-87.0;
ERO;11;32270;0.0;3.6
ERO;11;35178;9.333333333333334;32.331615074619044
ERO;11;90002;0.0;0.0
ERO;11;90258;66.30541666666667;594.3303496700713
ERO;11;90260;-21.185;31.724607168568692
ERO;11;90261;-749.74;1768.1315455163397
ERO;11;90262;6192.884999999999;3938.9401533440546
ERO;11;90263;47.346999999999994;129.2566221086849
ERO;11;90264;3921.3933333333334;8795.782763404619
ERO;11;90265;0.0;
ERO;11;90266;9405.269583333333;5684.008497054413
ERO;11;90267;2247.7279166666667;4378.680334303614
ERO;11;90268;2262.7182608695653;3986.0328321387105
ERO;11;90269;-3.566666666666667;12.857552903514208
ERO;11;90272;43.565;184.32271800753213
ERO;11;90273;7.916666666666667;56.94089173445698
ERO;11;90274;965.7475;1057.4886971428027
ERO;11;90282;45528.53875;16124.814106318387
ERO;11;90283;827.4125;689.002023921114
ERO;11;90284;4.264166666666672;730.8738081164079
ERO;11;90285;82.52272727272727;74.29565732241485
ERO;11;90286;5564.8875;1807.8078871366497
ERO;11;90287;3061.0454166666664;2450.9096532103786
ERO;11;90288;3241.5416666666665;1261.3676876541472
ERO;11;90289;5478.173749999999;6460.237988067307
ERO;11;90290;4254.5025;2648.054645591166
ERO;11;90291;143.74;258.4915530534799
ERO;11;90292;295.2857142857143;465.22541888875736
ERO;11;90293;0.0;4.0
ERO;11;90296;19301.020416666666;9760.855366980764
ERO;11;90297;22143.899166666666;12161.193927399781
ERO;11;90391;325.6325;264.9646924181802
ERO;11;90392;57.925000000000004;107.16977676646488
ERO;11;90560;9633.9725;8542.613478026931
ERO;11;90563;463.4083333333333;1835.4591742896544
ERO;11;90564;56.0;119.64298744366276
ERO;11;90626;0.0;181.01933598375618
ERO;11;90703;103.42285714285715;226.8687671110243
ERO;11;90778;15006.411764705883;17159.862517914895
ERO;11;90779;826.78125;3194.685263416674
ERO;11;90781;557.6875;743.1245493410463
ERO;11;91033;0.0;
ERO;11;91171;1659.7777777777778;2519.6542807386186
ERO;11;91172;985.125;4198.039251075605
ERO;11;91204;-2.857142857142857;16.17280197768846
ERO;11;91207;-140.8553846153846;615.390036692386
ERO;11;508960;0.0;
ERO;11;590258;-21.7325;55.959726270646776
ERO;11;590260;0.0;1.4142135623730951
ERO;11;590262;618.3629166666668;2570.209717547983
ERO;11;590266;-4.085833333333336;499.79060238669746
ERO;11;590267;0.0;
ERO;11;590269;-13.426666666666668;26.563624250718
ERO;11;590273;0.0;85.98061797095126
ERO;11;590274;793.8120833333334;1883.2196417836708
ERO;11;590282;675.7166666666666;5889.55701402411
ERO;11;590283;-65.0;
ERO;11;590284;-183.9823529411765;930.6437617217545
ERO;11;590286;35.0;49.49747468305833
ERO;11;590287;0.0;18.335757415498275
ERO;11;590288;-29.042631578947347;905.2741564044569
ERO;11;590289;662.3636363636364;1321.7987193765373
ERO;11;590290;480.0;
ERO;11;590296;-131.88578947368424;1916.8309753494348
ERO;11;590297;-193.85;995.6351728260814
ERO;11;590391;33.81333333333333;103.67953320591823
ERO;11;590392;-1.6187500000000001;8.121180741150562
ERO;11;590560;-327.94541666666663;3777.677325859484
ERO;11;591172;522.5;1457.7173129398045
ERO;11;690359;37.72;47.35434580549779
ERO;11;691047;-1478.0;
ERO;12;46;0.0;
ERO;12;54;56.0;162.9713676283864
ERO;12;2842;9.766666666666667;16.473258186956144
ERO;12;3075;0.0;
ERO;12;4625;0.0;
ERO;12;5034;-20.0;39.68626966596886
ERO;12;5276;-25.3025;62.0982482734929
ERO;12;8245;0.0;53.74011537017761
ERO;12;8288;-59.1475;161.95012509947884
ERO;12;8436;0.0;
ERO;12;8599;3.642857142857143;1.9518001458970664
ERO;12;8615;3.07;2.2469979973288807
ERO;12;22458;0.0;
ERO;12;22488;26.125;81.15571452461003
ERO;12;22489;-1.5;
ERO;12;22491;0.5;0.8660254037844386
ERO;12;91096;0.0;
ERO;12;91217;46.438095238095244;132.86092531738018
ERO;12;91218;-91.11111111111111;273.3333333333333
ERO;12;91219;0.0;0.0
ERO;12;91220;-6.0;13.416407864998739
ERO;12;91221;-42.36363636363637;154.23830440410885
ERO;12;91222;-200.0;141.4213562373095
ERO;12;91223;6.285714285714286;409.22523957265474
ERO;12;91224;-164.125;324.80958707701785
ERO;12;91225;-15.0;33.54101966249684
ERO;12;91226;0.0;0.0
ERO;12;91227;103.0;95.51514464807588
ERO;12;91228;-10.0;
ERO;12;91339;-400.0;
ERO;12;91374;307.0;501.791789490422
ERO;12;91462;97.03166666666668;229.28694662530097
ERO;12;91881;35.5625;73.1853993537743
ERO;12;91882;-40.0;
ERO;12;92068;-46.111111111111114;94.53100608324822
ERO;12;92070;-17.714285714285715;30.39031800707963
ERO;12;92074;-300.0;
ERO;12;92076;108.875;155.62908055464993
ERO;12;92087;0.0;0.0
ERO;12;92090;761.6875;2038.1234179912376
ERO;12;92094;-20.0;
ERO;12;92113;789.305625;2277.0599696039885
ERO;12;92117;18.95;72.5999920534007
ERO;12;500046;-0.25;0.6557438524302001
ERO;12;500054;-2222.0;3796.655370190979
ERO;12;502842;-154.8;317.77492933566316
ERO;12;503145;-0.2;
ERO;12;504587;16.574285714285715;36.516644085103096
ERO;12;508288;1390.26375;3605.7972029892812
ERO;12;522491;-0.14285714285714285;0.8997354108424372
ERO;12;592113;1605.6041666666667;2883.576741815346
ERO;15;77;0.0;4.898979485566356
ERO;15;95;0.0;0.0
ERO;15;178;0.0;0.0
ERO;15;185;1014.1304347826087;1551.8879207523573
ERO;15;186;0.0;
ERO;15;187;77.95454545454545;91.70214582976536
ERO;15;2900;-366.6666666666667;635.0852961085883
ERO;15;2915;-333.3333333333333;577.3502691896258
ERO;15;2922;0.0;
ERO;15;2923;0.0;
ERO;15;3636;-2.0;
ERO;15;3838;1.0;
ERO;15;4365;419.8333333333333;427.22152553921956
ERO;15;4559;-7.5;13.887301496588272
ERO;15;5301;71.25;49.124730334473924
ERO;15;5302;0.0;69.94283380018284
ERO;15;7083;40.0;
ERO;15;7092;1.0;
ERO;15;7208;1.0;
ERO;15;7709;27.0;56.4668044075455
ERO;15;7809;0.0;
ERO;15;7815;2.3636363636363638;24.005302444554733
ERO;15;7816;-28.714285714285715;131.5853878123034
ERO;15;7826;1.6666666666666667;0.5773502691896257
ERO;15;7849;3.75;8.345229603962801
ERO;15;7850;0.0;
ERO;15;7854;-9.333333333333334;16.165807537309522
ERO;15;8008;-115.5;167.58430714121175
ERO;15;8044;0.0;0.0
ERO;15;8096;-26.666666666666668;46.18802153517006
ERO;15;8098;-4.0;8.286535263104035
ERO;15;8109;0.0;
ERO;15;8110;0.0;0.0
ERO;15;8130;0.0;
ERO;15;8131;2.5714285714285716;10.814452411120083
ERO;15;8136;8.75;14.888474289418195
ERO;15;8234;-1.6666666666666667;2.8867513459481287
ERO;15;8265;-100.0;
ERO;15;8278;11.0;
ERO;15;8284;0.0;
ERO;15;8301;0.0;29.698484809834994
ERO;15;8332;62.666666666666664;313.4612751433465
ERO;15;8360;0.0;
ERO;15;8380;0.0;0.0
ERO;15;8387;0.0;1.4142135623730951
ERO;15;8550;11.75;8.05708797684788
ERO;15;8584;0.0;
ERO;15;8597;26.27777777777778;22.169946683465714
ERO;15;8608;6.0;5.656854249492381
ERO;15;8664;91.0;115.64713947852414
ERO;15;8680;0.6666666666666666;1.1547005383792517
ERO;15;8757;-2.6363636363636362;40.43828069360201
ERO;15;8805;0.0;
ERO;15;8808;0.0;
ERO;15;8857;-2.3333333333333335;1.5275252316519468
ERO;15;8874;-7.0;12.727922061357855
ERO;15;8887;0.0;
ERO;15;8890;6.461538461538462;12.553985984641058
ERO;15;8903;29.0;
ERO;15;8905;65.0;35.93048844644336
ERO;15;8920;27.125;33.1800642956982
ERO;15;8964;-2.3125;3.2190837205639746
ERO;15;9155;105.0;
ERO;15;9165;10.0;
ERO;15;9175;10.0;38.29708431025352
ERO;15;9535;-4.0;5.477225575051661
ERO;15;9566;0.0;0.0
ERO;15;22203;15.0;49.49747468305833
ERO;15;22454;-370.0;
ERO;15;22464;-13.5;61.928991595213304
ERO;15;22479;1.0;0.0
ERO;15;30269;-2.0;
ERO;15;30270;0.0;0.0
ERO;15;32667;2.0;3.4641016151377544
ERO;15;32691;-24.0;48.0
ERO;15;32880;8.0;
ERO;15;40483;-0.625;2.445841952609133
ERO;15;90113;21.208333333333332;35.41060903012059
ERO;15;90114;-10.352941176470589;241.42310918190665
ERO;15;90333;26.5;45.08695302782539
ERO;15;90334;53.625;57.44321392546692
ERO;15;90335;218.83333333333334;266.36680604444473
ERO;15;90336;299.5833333333333;212.98518353584387
ERO;15;90337;197.375;197.05148576825871
ERO;15;90338;44.041666666666664;44.341048963555274
ERO;15;90340;123.79166666666667;130.5896257836695
ERO;15;90341;80.79166666666667;129.50641386388577
ERO;15;90342;155.16666666666666;158.18527020599905
ERO;15;90343;57.916666666666664;74.88943541135748
ERO;15;90345;146.0;114.28910709249591
ERO;15;90346;20.041666666666668;98.04900246334978
ERO;15;90347;43.583333333333336;104.13574613545727
ERO;15;90348;2.75;3.304037933599835
ERO;15;90349;9.071428571428571;15.813646909281507
ERO;15;90350;0.1;3.414023367751831
ERO;15;90351;-20.25;216.40504785434675
ERO;15;90352;1917.7916666666667;1034.180287838452
ERO;15;90353;4780.083333333333;1888.328382382192
ERO;15;90354;29.636363636363637;64.62237962232548
ERO;15;90355;892.2916666666666;591.0765034841213
ERO;15;90356;1659.2916666666667;677.8560498183684
ERO;15;90357;335.5416666666667;363.25855915188214
ERO;15;90428;-132.0;
ERO;15;90429;54.166666666666664;52.79135853747168
ERO;15;90430;-0.4444444444444444;3.1269438398822866
ERO;15;90431;29.63157894736842;25.72333684574247
ERO;15;90432;13.8125;24.549864222299345
ERO;15;90433;6.625;18.585228389388018
ERO;15;90434;-11.333333333333334;19.857828011475306
ERO;15;90435;50.81818181818182;72.70188193137531
ERO;15;90437;26.285714285714285;65.35758782049936
ERO;15;90438;21.318181818181817;43.504117335123865
ERO;15;90439;8.130434782608695;10.943260058659963
ERO;15;90459;107.66666666666667;103.99066290304381
ERO;15;90460;1140.375;474.4818512587316
ERO;15;90461;0.0;
ERO;15;90465;232.04166666666666;230.5798888561783
ERO;15;90466;18.818181818181817;23.161208052292057
ERO;15;90470;3.0;
ERO;15;90471;1800.75;1224.4033240725869
ERO;15;90472;1690.0833333333333;829.7038715666896
ERO;15;90473;1848.5833333333333;880.4001025554859
ERO;15;90474;984.4583333333334;1016.790345589521
ERO;15;90475;64.55;170.04069946246457
ERO;15;90476;46.0;97.09004166481849
ERO;15;90477;1822.1666666666667;665.5488527240648
ERO;15;90478;29.875;35.12005806175254
ERO;15;90479;35.54545454545455;63.3499180837049
ERO;15;90480;35.04761904761905;49.20820682617503
ERO;15;90481;110.0;103.77218638280041
ERO;15;90485;8.391304347826088;17.074007705586723
ERO;15;90487;924.75;656.3060824897506
ERO;15;90488;855.2083333333334;808.3073016128085
ERO;15;90489;2433.6666666666665;1732.3252698554363
ERO;15;90490;415.9166666666667;358.2517837774295
ERO;15;90491;134.0;110.04860586201859
ERO;15;90492;975.5833333333334;1377.5125002720654
ERO;15;90493;2232.6666666666665;2402.6466143865578
ERO;15;90495;-0.2222222222222222;0.44095855184409843
ERO;15;90587;23.91304347826087;47.26512556697232
ERO;15;90646;66.22727272727273;117.12587116845577
ERO;15;90651;0.0;0.0
ERO;15;90652;0.0;0.0
ERO;15;90653;0.0;
ERO;15;90658;548.5833333333334;356.04737308967464
ERO;15;90787;1387.8333333333333;1009.5726890584718
ERO;15;90789;51.541666666666664;56.57236932473744
ERO;15;90790;563.0;924.183682100517
ERO;15;90791;1484.0;913.064215085426
ERO;15;90792;8.857142857142858;10.106574946185138
ERO;15;90793;62.5;339.9397644852112
ERO;15;90794;20.76923076923077;59.28062337469392
ERO;15;90795;42.26086956521739;163.73182547060532
ERO;15;90796;196.83333333333334;442.29084142201845
ERO;15;90797;657.2083333333334;377.63266936404546
ERO;15;90798;369.7916666666667;452.64372967543994
ERO;15;90799;9.076923076923077;19.18967403953464
ERO;15;90804;396.57142857142856;430.6514334619788
ERO;15;90805;720.0416666666666;564.6954145660154
ERO;15;90819;1.3333333333333333;2.8751811537130436
ERO;15;90821;69.20833333333333;111.87997418299847
ERO;15;90822;0.0;0.0
ERO;15;90823;69.0;
ERO;15;90824;-12.666666666666666;29.582959878137874
ERO;15;90887;4.625;5.926634795564849
ERO;15;90906;0.0;0.0
ERO;15;90908;0.0;0.0
ERO;15;90909;0.0;0.0
ERO;15;90910;0.0;0.0
ERO;15;90911;305.57894736842104;520.9460748153277
ERO;15;91210;-222.0;200.8183258569795
ERO;15;91550;1.631578947368421;6.52525458265201
ERO;15;91845;227.25;282.0554319042033
ERO;15;91846;495.8125;663.4584356486346
ERO;15;91847;182.47368421052633;425.02279264647194
ERO;15;92012;27.333333333333332;36.32446374919617
ERO;15;92013;8.0;10.770329614269007
ERO;15;92014;21.166666666666668;39.13779077396509
ERO;15;92015;38.5;45.84393816707577
ERO;15;92177;0.0;0.0
ERO;15;92181;0.0;0.0
ERO;15;92184;-110.0;155.56349186104046
ERO;15;92190;-59.0;
ERO;15;92195;74.125;78.18557217065162
ERO;15;92196;10.833333333333334;9.96828303504002
ERO;15;92197;0.0;0.0
ERO;15;92463;-0.4;0.8944271909999159
ERO;15;500095;4.615384615384615;16.95355646827759
ERO;15;504365;272.625;249.4233015043569
ERO;15;507815;0.6666666666666666;3.7859388972001824
ERO;15;507816;0.0;2.449489742783178
ERO;15;507854;0.0;
ERO;15;508098;7.090909090909091;39.90853178320281
ERO;15;508664;100.75;189.53693571438788
ERO;15;508964;20.210526315789473;34.83704756492629
ERO;15;532667;-6.0;
ERO;15;590113;0.0;
ERO;15;590114;-10.0;
ERO;15;590333;-10.0;
ERO;15;590335;-12.0;23.132032100334573
ERO;15;590337;-3.3333333333333335;5.773502691896257
ERO;15;590338;-0.8333333333333334;2.0412414523193148
ERO;15;590340;0.25;3.2015621187164243
ERO;15;590342;1.0;31.052375110448477
ERO;15;590346;0.8823529411764706;5.655554271479239
ERO;15;590353;88.42105263157895;342.46383682392474
ERO;15;590354;0.0;0.0
ERO;15;590355;-3.9130434782608696;24.57440102567611
ERO;15;590356;9.529411764705882;131.16407551567752
ERO;15;590459;173.33333333333334;222.24871822717714
ERO;15;590460;17.625;154.63359568038075
ERO;15;590471;-3.739130434782609;26.045794271042805
ERO;15;590472;235.54166666666666;341.3906316901463
ERO;15;590473;0.8571428571428571;2.2677868380553634
ERO;15;590474;50.75;187.64194627001712
ERO;15;590477;10.2;38.29940527533612
ERO;15;590479;-5.5;40.28399185780873
ERO;15;590487;-1.0833333333333333;27.473175322827917
ERO;15;590488;1.1666666666666667;134.07417371727865
ERO;15;590489;131.875;756.5805978790075
ERO;15;590490;322.75;644.0002194166517
ERO;15;590491;1.2272727272727273;42.16738958708192
ERO;15;590658;9.333333333333334;74.48295204224613
ERO;15;590787;-7.166666666666667;227.63618316088935
ERO;15;590790;1.2142857142857142;4.281958060883459
ERO;15;590791;29.833333333333332;96.0768110585921
ERO;15;590793;0.6666666666666666;1.2110601416389966
ERO;15;590796;0.0;0.0
ERO;15;590797;307.4166666666667;596.9364481989735
ERO;15;590804;-21.41176470588235;95.05857327427746
ERO;15;590805;73.33333333333333;171.91976558005612
ERO;16;91573;0.0;
ERO;16;91695;-3300.0;2757.7164466275353
ERO;16;91696;-3480.0;4539.625535217635
ERO;17;8166;3.0;1.4142135623730951
ERO;17;9464;1.0;
ERO;17;38597;3.2;3.3466401061363023
ERO;17;38598;3.2857142857142856;3.1471831698777724
ERO;17;38599;1.5;0.5477225575051661
ERO;17;522448;3.0;
ERO;17;721102;1.625;1.407885953173359
ERO;17;721103;3.2142857142857144;3.238674264110392
ERO;17;721104;2.5384615384615383;1.7134460703206962
ERO;17;721105;2.6666666666666665;2.8284271247461903
ERO;17;721106;1.6666666666666667;1.2110601416389966
ERO;17;721107;1.0;
ERO;17;742908;4.3;6.961002482082272
ERO;17;742909;5.466666666666667;5.578871707057757
ERO;17;742910;7.105263157894737;4.783010869991426
ERO;17;742912;4.0;2.0701966780270626
ERO;17;753402;1.0;0.0
ERO;17;753404;2.5;0.7071067811865476
ERO;17;753405;3.0;1.0
ERO;17;753416;2.5;2.1213203435596424
ERO;17;753417;3.25;1.6690459207925603
ERO;17;753418;4.153846153846154;3.3127570050275303
ERO;17;753419;2.75;1.6025547785276542
ERO;17;753420;3.8;1.9888578520235063
ERO;17;753423;2.5;2.1213203435596424
ERO;17;753436;1.5;0.7071067811865476
ERO;17;753438;1.0;2.449489742783178
ERO;17;753440;1.3333333333333333;0.5773502691896258
ERO;17;753442;2.6666666666666665;2.0816659994661326
ERO;17;753444;1.7777777777777777;1.3944333775567925
ERO;17;753446;1.0;0.0
ERO;17;753448;1.0;
ERO;17;753509;11.333333333333334;5.507570547286102
ERO;17;764034;1.5;0.7071067811865476
ERO;17;764036;1.25;0.5
ERO;17;764038;1.6666666666666667;0.5773502691896258
ERO;17;764040;1.0;0.0
ERO;17;764042;2.7777777777777777;1.9860625479688307
ERO;17;764044;3.0;2.23606797749979
ERO;17;764046;2.5;0.7071067811865476
ERO;17;764136;1.0;0.0
ERO;17;764140;2.6666666666666665;2.345207879911715
ERO;17;764142;1.6666666666666667;1.0327955589886444
ERO;17;764146;1.6666666666666667;0.5773502691896257
ERO;17;764148;1.0;
ERO;17;764150;1.25;0.5
ERO;17;764152;2.0;
ERO;17;764804;1.0;
ERO;17;764902;2.0;
ERO;17;765001;1.3333333333333333;0.5773502691896257
ERO;17;765002;3.2;2.1679483388678804
ERO;17;765003;3.6153846153846154;3.841407327583246
ERO;17;765004;3.3333333333333335;1.7511900715418263
ERO;17;765005;1.4;0.5477225575051661
ERO;17;765101;1.0;
ERO;17;765102;1.5;1.3093073414159544
ERO;17;765103;3.0;1.7728105208558365
ERO;17;765104;2.7142857142857144;1.4960264830861911
ERO;17;765105;2.75;2.0615528128088303
ERO;17;765106;2.6;1.51657508881031
ERO;17;765107;3.0;0.0
ERO;17;778503;5.8;1.4832396974191329
ERO;17;778510;2.5;2.1213203435596424
ERO;19;3157;13.733333333333333;354.1346528948451
ERO;19;8451;12.5;26.057628441590765
ERO;19;8786;-9.285714285714286;79.76448850443175
ERO;19;22227;-19.666666666666668;100.16486409914407
ERO;19;62106;28.695652173913043;74.58030131256858
ERO;19;503157;429.4166666666667;471.5531153324195
ERO;19;508434;-177.04761904761904;821.1351579484632
ERO;19;508451;77.85714285714286;379.55635756950323
ERO;19;508786;152.125;486.95596734246396
ERO;19;522227;207.54166666666666;316.73085257204497
ERO;22;22481;0.0;1.4142135623730951
ERO;25;359;369.04761904761904;404.5897275253632
ERO;26;375;-34.30769230769231;91.86982150066528
ERO;26;6966;15.133333333333333;13.17392807602884
ERO;26;6967;0.0;8.48528137423857
ERO;26;50794;-43.23076923076923;144.0376998370877
ERO;26;50796;0.1111111111111111;0.3333333333333333
ERO;26;90414;0.0;1.4142135623730951
ERO;26;90415;2257.5;1087.1945148148413
ERO;26;91235;28.291666666666668;35.42718087750613
ERO;26;91236;88.08333333333333;120.10716832919661
ERO;26;500375;6.666666666666667;11.621818561080131
ERO;26;550796;74.44444444444444;57.686894332922606
ERO;26;590415;1.8333333333333333;98.52374097765414
ERO;26;591235;0.0;0.0
ERO;27;22449;-2.0;
ERO;27;507246;-0.5;3.3166247903554003
ERO;27;522497;0.0;0.0
ERO;29;9343;0.0;
ERO;29;509342;5.0;1.0
ERO;29;692169;2.0;
ERO;30;349;-75.66666666666667;131.05851110604505
ERO;30;395;0.0;
ERO;30;2955;0.0;
ERO;30;2965;0.0;
ERO;30;2966;-14.157894736842104;43.89920672264128
ERO;30;3086;0.0;
ERO;30;3095;7.833333333333333;28.78052884468439
ERO;30;3096;-7.75;28.12351006154492
ERO;30;3700;0.0;
ERO;30;7124;19.041666666666668;16.98715414061759
ERO;30;7227;2299.1666666666665;1396.7747839581905
ERO;30;7280;544.625;568.8310525141432
ERO;30;7281;215.5;304.763022691402
ERO;30;7676;2.0588235294117645;19.746742099126426
ERO;30;7799;0.0;0.0
ERO;30;7838;0.0;7.791937224739796
ERO;30;7847;0.0;4.69041575982343
ERO;30;7856;0.0;
ERO;30;7870;-135.8;521.3362227419625
ERO;30;8094;-0.3;0.9486832980505139
ERO;30;8101;0.0;
ERO;30;8153;-189.66666666666666;164.41816606851367
ERO;30;8268;0.0;0.0
ERO;30;8312;-1.0;6.244997998398398
ERO;30;8316;0.0;8.205689083394114
ERO;30;8442;0.5;10.501700542565203
ERO;30;8581;0.0;
ERO;30;8591;-0.16666666666666666;1.834847859269718
ERO;30;8760;2.25;1.8929694486000914
ERO;30;8868;285.0;205.40253162996797
ERO;30;8899;1.0;
ERO;30;8956;0.0;1.4142135623730951
ERO;30;9020;-1.0;
ERO;30;9251;0.0;
ERO;30;10053;0.0;
ERO;30;10062;-19.0;42.485291572496
ERO;30;10066;-232.45454545454547;617.3105156461153
ERO;30;10229;0.0;
ERO;30;10231;0.0;
ERO;30;10233;0.0;
ERO;30;10237;0.0;
ERO;30;10243;6.0;
ERO;30;22256;0.0;0.0
ERO;30;22465;-1.5;2.62385506166316
ERO;30;35813;16.5;17.4451521441727
ERO;30;42230;-63.25;117.11624262122776
ERO;30;62110;-203.45833333333334;2724.064944944478
ERO;30;90181;2.0;
ERO;30;90215;0.0;
ERO;30;90217;0.8125;2.5617376914898995
ERO;30;90218;5.733333333333333;20.875367119668876
ERO;30;90219;2.0;3.9556363361069242
ERO;30;90220;0.4166666666666667;1.3113721705515067
ERO;30;90221;0.0;0.0
ERO;30;90222;0.5333333333333333;1.5976172734359606
ERO;30;90223;0.0;0.0
ERO;30;90225;3.0;
ERO;30;90229;42.68421052631579;78.10040022061273
ERO;30;90231;0.0;0.0
ERO;30;90232;0.5;2.838231060987733
ERO;30;90235;-1.0;
ERO;30;90244;43.833333333333336;50.63910386825294
ERO;30;90247;23.958333333333332;18.183793947326848
ERO;30;90248;-187.0;
ERO;30;90249;-40.0;273.4473957836672
ERO;30;90250;-3.5454545454545454;23.77819583994121
ERO;30;90251;1198.25;596.6214479667262
ERO;30;90252;913.75;672.4315546226053
ERO;30;90280;81.16666666666667;158.64197225929473
ERO;30;90281;4.363636363636363;15.094851620819114
ERO;30;90358;-2777.777777777778;6666.666666666667
ERO;30;90359;-166.66666666666666;353.5533905932737
ERO;30;90360;110.875;188.79050098156307
ERO;30;90361;992.0;554.9205975319509
ERO;30;90362;253.5;184.08197606784722
ERO;30;90363;3495.0833333333335;2335.895860481475
ERO;30;90364;2207.625;1099.63246083091
ERO;30;90365;998.0;696.5104949426227
ERO;30;90366;45.958333333333336;327.7611111991365
ERO;30;90367;34.166666666666664;168.94394919917818
ERO;30;90368;-7.958333333333333;92.82263552963073
ERO;30;90369;10.125;20.476031283988046
ERO;30;90372;155.66666666666666;225.6239014987912
ERO;30;90373;274.9583333333333;222.75927329873323
ERO;30;90374;66.70833333333333;100.43751211862882
ERO;30;90375;11.5;34.35365938358646
ERO;30;90376;54.666666666666664;113.97813164266918
ERO;30;90377;51.75;117.34054860885085
ERO;30;90378;37.083333333333336;51.59955903642611
ERO;30;90379;92.58333333333333;62.71946973674101
ERO;30;90380;254.83333333333334;156.64489518782855
ERO;30;90381;-2445.0;4996.748542802609
ERO;30;90382;32.541666666666664;145.4746292438073
ERO;30;90383;2.4285714285714284;16.973800108104555
ERO;30;90385;1.8333333333333333;5.407626488804884
ERO;30;90386;0.0;
ERO;30;90387;129.29166666666666;186.40593365408
ERO;30;90388;289.375;211.37290610383963
ERO;30;90389;8804.125;4295.082418731409
ERO;30;90393;1267.75;884.1281261662593
ERO;30;90399;89.16666666666667;216.2656712927647
ERO;30;90409;710.1666666666666;786.0001475089289
ERO;30;90416;34.208333333333336;92.71132343329816
ERO;30;90417;0.0;
ERO;30;90418;30.041666666666668;32.58497808962666
ERO;30;90422;14.91304347826087;88.33248812581938
ERO;30;90423;0.5;0.8366600265340756
ERO;30;90424;0.0;
ERO;30;90440;1926.4166666666667;962.3655147904932
ERO;30;90441;1.0;
ERO;30;90442;-45.0;
ERO;30;90443;-10.833333333333334;163.3922106244775
ERO;30;90444;1185.9583333333333;528.6466296667094
ERO;30;90445;22.541666666666668;34.510211679225144
ERO;30;90446;2439.6666666666665;1260.11081868315
ERO;30;90447;85.75;119.64739863448766
ERO;30;90448;2121.75;1066.191811195748
ERO;30;90513;-0.2857142857142857;21.029022331525073
ERO;30;90514;-1.380952380952381;33.85775567056415
ERO;30;90515;29.916666666666668;79.39440165712413
ERO;30;90517;9.0;18.466185312619388
ERO;30;90518;19.571428571428573;40.1683271433415
ERO;30;90519;3.0;
ERO;30;90521;134.5;100.4614353869185
ERO;30;90522;12.541666666666666;445.4469157039309
ERO;30;90523;47.291666666666664;69.43403448545631
ERO;30;90524;889.5416666666666;623.3098872789602
ERO;30;90525;49.583333333333336;53.56744360610047
ERO;30;90528;6.142857142857143;42.22473885565868
ERO;30;90536;8.76923076923077;16.057987867692965
ERO;30;90542;53.958333333333336;98.96001791090954
ERO;30;90543;-7.916666666666667;27.437394301584217
ERO;30;90544;68.0;128.03430246889172
ERO;30;90620;140.125;99.29985879406746
ERO;30;90621;-0.4;6.06630035524124
ERO;30;90622;27.291666666666668;93.5709352712488
ERO;30;90654;307.8333333333333;246.20134331330397
ERO;30;90656;28.0;
ERO;30;90660;370.9166666666667;335.78705942213185
ERO;30;90801;12.666666666666666;16.45093715668908
ERO;30;90833;17.85;24.229766382434818
ERO;30;90891;1.6666666666666667;2.8867513459481287
ERO;30;90903;9.5;7.54983443527075
ERO;30;90904;-9.75;18.68345333634627
ERO;30;90905;27.666666666666668;10.066445913694333
ERO;30;92017;221.125;177.96147910005203
ERO;30;92354;-1.0;7.2571803523590805
ERO;30;92358;0.0;0.0
ERO;30;92373;-1.5;2.1213203435596424
ERO;30;92374;-3.0;0.0
ERO;30;92378;-58.5;54.44722215136416
ERO;30;200026;-72.71428571428571;125.74664918088187
ERO;30;500349;14.0;
ERO;30;502966;3.3333333333333335;10.882290311521855
ERO;30;503095;53.583333333333336;114.25254888857505
ERO;30;503096;4.857142857142857;19.049963225715135
ERO;30;505301;21.0;27.39829678404602
ERO;30;507838;-4.5;36.062445840513924
ERO;30;507870;1068.0416666666667;1477.1916504304543
ERO;30;508094;34.5;67.66830868286868
ERO;30;508341;-7.857142857142857;29.401353037565467
ERO;30;510062;-2.25;10.90489186863706
ERO;30;510066;202.04166666666666;1601.2635086941068
ERO;30;590230;-30.0;
ERO;30;590247;-1.1;35.8298611128821
ERO;30;590249;-0.18181818181818182;4.445631154699675
ERO;30;590250;-540.0;889.8027871388132
ERO;30;590251;25.416666666666668;113.36356161240381
ERO;30;590252;27.791666666666668;224.77408545638355
ERO;30;590361;2.4166666666666665;39.203944640333305
ERO;30;590362;-6.208333333333333;50.20824388109176
ERO;30;590363;98.75;973.7499567449898
ERO;30;590364;94.0;433.54995700310167
ERO;30;590365;95.95833333333333;267.3054724088345
ERO;30;590366;-1.0454545454545454;22.533524807711295
ERO;30;590367;3.772727272727273;13.412616016209084
ERO;30;590368;-75.0;150.0
ERO;30;590372;0.17391304347826086;29.367038068235377
ERO;30;590373;-1.6111111111111112;5.6060774678168155
ERO;30;590374;0.5714285714285714;1.6183471874253743
ERO;30;590375;-0.08333333333333333;1.2401124093721456
ERO;30;590376;-2.5714285714285716;6.80336051416609
ERO;30;590377;4.25;14.247806848775006
ERO;30;590378;0.0;
ERO;30;590380;36.8421052631579;157.23452517317165
ERO;30;590387;-6.090909090909091;79.18327690864619
ERO;30;590388;20.17391304347826;42.86729222942597
ERO;30;590389;473.9583333333333;1555.4992062990907
ERO;30;590393;-51.083333333333336;597.8975422382106
ERO;30;590409;-17.458333333333332;250.14221679514316
ERO;30;590440;214.04166666666666;429.8772806851688
ERO;30;590443;5.0;7.0710678118654755
ERO;30;590444;57.5;78.56816481081336
ERO;30;590445;0.0;0.0
ERO;30;590446;75.70833333333333;510.6712955526767
ERO;30;590447;-0.6;1.3416407864998738
ERO;30;590448;63.708333333333336;345.6565874524531
ERO;30;590514;-8.0;12.110601416389967
ERO;30;590517;0.0;
ERO;30;590521;-5.333333333333333;8.972179222463181
ERO;30;590522;-633.0;708.5209947489207
ERO;30;590523;68.375;423.556249793496
ERO;30;590524;29.0;247.18361420295398
ERO;30;590525;-6.958333333333333;99.40714660979587
ERO;30;590528;-86.2;188.86026580517142
ERO;30;590620;0.0;0.0
ERO;30;590622;-7.166666666666667;346.76317129951525
ERO;30;590654;-3.1;7.347752968371387
ERO;33;38032;16.12222222222222;39.805269053787896
ERO;33;38568;8578.521739130434;4117.29268804774
ERO;33;38588;45.73684210526316;36.965212032190415
ERO;33;38645;164.14285714285714;124.83287729098953
ERO;33;80236;150.0;
ERO;35;5844;1.0;
ERO;35;6135;2.0;
ERO;35;6858;7.0;
ERO;35;7104;8.5;10.606601717798213
ERO;35;22153;2.0;
ERO;35;37749;3.0;1.4142135623730951
ERO;35;80002;5.0;3.1333978072025612
ERO;35;80003;9.0;10.44629120788809
ERO;35;80005;22.833333333333332;44.3324561316725
ERO;35;80007;2.6666666666666665;1.1547005383792515
ERO;35;80008;9.0;7.842193570679061
ERO;35;80010;23.25;38.306097985270476
ERO;35;80109;103.6;144.84750601926152
ERO;35;80111;198.66666666666666;220.7019105792547
ERO;35;80112;0.0;0.0
ERO;35;80120;13.285714285714286;28.49407110105693
ERO;35;80122;106.84210526315789;187.6338820261696
ERO;35;80130;5.0;
ERO;35;80134;230.0;
ERO;35;80216;73.0;36.0347054934545
ERO;37;22268;98.5;143.54267658086914
ERO;37;37872;-16.125;107.71316075577765
ERO;37;522268;53.125;69.27532498786212
ERO;37;537872;111.04166666666667;217.33914174909194
ERO;38;2666;0.0;
ERO;39;7048;1.5;1.0
ERO;39;7049;1.3333333333333333;0.816496580927726
ERO;39;7050;1.5;1.0
ERO;39;7051;1.25;0.5
ERO;39;7054;3.4375;3.119161212035484
ERO;39;8195;0.0;
ERO;39;37746;5.75;4.050665962140313
ERO;39;38642;2.3333333333333335;0.5773502691896257
ERO;41;2944;0.0;2.0
ERO;41;2947;4.9;7.680422442085389
ERO;41;3999;5.833333333333333;5.8109092805400655
ERO;41;5320;158.3125;234.50251420116305
ERO;41;7605;1.4583333333333333;40.325824250091586
ERO;41;7606;0.0;0.0
ERO;41;8158;-0.29411764705882354;24.266140777538034
ERO;41;8948;-5.6923076923076925;19.614555035247914
ERO;41;22214;-2.0;2.8284271247461903
ERO;41;90111;-1.0;7.0710678118654755
ERO;41;90253;2120.1666666666665;968.3357604299949
ERO;41;90254;0.5;2.1213203435596424
ERO;41;90295;1855.5;938.1892828394399
ERO;41;90580;241.41666666666666;214.76578074663138
ERO;41;90894;-69.0;
ERO;41;505320;214.04166666666666;182.9755220423395
ERO;41;507605;-7.666666666666667;16.098183597894362
ERO;41;508948;-45.666666666666664;81.70883265188246
ERO;41;590253;23.083333333333332;296.5338776256604
ERO;41;590254;9.0;12.727922061357855
ERO;41;590295;41.375;329.67887043105395
ERO;41;590580;34.26086956521739;46.974090916071
ERO;41;590894;1.0;
ERO;47;7112;0.0;0.0
ERO;47;37682;0.0;0.0
ERO;47;38065;-18.666666666666668;32.331615074619044
ERO;47;91050;112.0;152.73506473629428
ERO;47;91051;4437.583333333333;1581.388710476709
ERO;47;91052;1270.1666666666667;623.1113144093338
ERO;47;91053;1815.875;622.6626075380525
ERO;47;538065;-3.210526315789474;70.79358017611517
ERO;54;235;-2.0;
ERO;54;245;0.0;
ERO;54;3009;0.0;2.0
ERO;54;4134;0.0;
ERO;54;8241;0.0;
ERO;54;8347;-81.0;254.0861621139132
ERO;54;8686;0.46153846153846156;1.3301243435223524
ERO;54;8687;1.4210526315789473;56.67677928342012
ERO;54;8688;0.2857142857142857;0.8254203058555569
ERO;54;8695;0.0;0.0
ERO;54;8697;-0.13636363636363635;19.974496726589123
ERO;54;8836;-2.0;4.898979485566356
ERO;54;22087;0.0;6.0151324326084605
ERO;54;22121;0.0;
ERO;54;22463;0.0;
ERO;54;22497;1.0;
ERO;54;22526;8.8;12.417729261020309
ERO;54;22722;0.0;
ERO;54;22758;0.0;4.242640687119285
ERO;54;22798;0.0;0.0
ERO;54;22799;0.0;2.8284271247461903
ERO;54;22803;0.0;
ERO;54;90190;0.0;1.4142135623730951
ERO;54;90192;0.0;
ERO;54;90194;0.0;1.7888543819998317
ERO;54;90196;19.75;13.472193585307481
ERO;54;90197;1.0;1.9069251784911847
ERO;54;90198;1021.7916666666666;703.9396576885455
ERO;54;90199;129.375;51.95383611396296
ERO;54;90200;26.375;23.224448324987186
ERO;54;90201;2.375;3.810074364978546
ERO;54;90202;1.25;3.0876096471758427
ERO;54;90203;58.375;69.58248936396969
ERO;54;90204;3.8636363636363638;4.950184744464494
ERO;54;90205;2.590909090909091;5.474260906052292
ERO;54;90206;2.619047619047619;2.765432886117298
ERO;54;90400;1.0833333333333333;248.50315660083618
ERO;54;90401;0.0;
ERO;54;90405;0.7333333333333333;68.23642373256034
ERO;54;90571;5.333333333333333;7.505553499465135
ERO;54;90585;535.5416666666666;393.0525995518828
ERO;54;90662;131.625;229.66720961842384
ERO;54;90663;0.0;2.0
ERO;54;508347;3.4;5.037636129950017
ERO;54;508686;0.0;0.0
ERO;54;508687;-0.07692307692307693;1.1875421719907089
ERO;54;508688;0.0;0.0
ERO;54;508697;0.2222222222222222;0.6666666666666667
ERO;54;522087;0.0;0.0
ERO;54;522463;0.0;
ERO;54;522526;2.0;
ERO;54;522798;0.0;
ERO;54;590193;0.0;
ERO;54;590194;0.0;0.0
ERO;54;590196;-0.2857142857142857;1.3801311186847085
ERO;54;590198;380.0833333333333;501.6139964646874
ERO;54;590199;10.0;20.740634345252754
ERO;54;590200;0.6;1.140175425099138
ERO;54;590202;0.0;
ERO;54;590203;-0.29411764705882354;1.403776419268438
ERO;54;590204;0.0;1.4142135623730951
ERO;54;590206;0.25;0.7071067811865476
ERO;54;590400;0.0;
ERO;54;590585;8.583333333333334;150.5208108294452
ERO;54;590662;15.583333333333334;87.37620642529271
ERO;55;225;0.0;0.0
ERO;55;7700;-0.07142857142857142;1.4917354742965407
ERO;55;22241;0.0;0.8660254037844386
ERO;55;507700;-1.0;0.0
ERO;56;118;21.041666666666668;24.242397583153984
ERO;56;120;0.0;
ERO;56;191;0.0;
ERO;56;2495;1.0;
ERO;56;2815;246.79166666666666;143.75249840298932
ERO;56;2816;0.6666666666666666;1.1547005383792517
ERO;56;2927;0.9565217391304348;4.1939161658674236
ERO;56;2929;0.9;1.66332999331662
ERO;56;2948;-1.5454545454545454;9.913260173763588
ERO;56;2949;7.0;
ERO;56;2951;9.8;19.475340533322875
ERO;56;3029;6.217391304347826;24.403719019368427
ERO;56;3240;0.0;
ERO;56;3249;1.0;0.0
ERO;56;3692;-60.25;113.60049044159726
ERO;56;3697;82.29166666666667;44.631319834225465
ERO;56;3802;15.0;21.213203435596427
ERO;56;3824;307.3333333333333;751.3372812159182
ERO;56;4250;4.8125;4.901955392153896
ERO;56;4912;0.0;0.0
ERO;56;5274;-1.25;7.905694150420948
ERO;56;5327;0.0;0.0
ERO;56;7038;-29.0;153.40436760405487
ERO;56;7062;-100.0;
ERO;56;7063;5.5;12.795088343356046
ERO;56;7065;0.21428571428571427;19.051261098692375
ERO;56;7066;-3.0;
ERO;56;7068;1.9090909090909092;2.625054111996378
ERO;56;7069;0.0;0.0
ERO;56;7070;-50.0;
ERO;56;7076;22.083333333333332;21.50615011464449
ERO;56;7077;27.956521739130434;42.46440034243609
ERO;56;7080;-35.17391304347826;191.35038118448216
ERO;56;7085;6.173913043478261;34.05830852298217
ERO;56;7089;-45.0;58.642987645583
ERO;56;7375;7.25;12.997469389320207
ERO;56;7388;0.0;0.0
ERO;56;7613;-2.0;
ERO;56;8067;2.0;
ERO;56;8171;0.0;
ERO;56;8210;24.5;52.93459576280364
ERO;56;8336;5.133333333333334;5.742904524798612
ERO;56;8651;9.0;12.27881227029841
ERO;56;8845;47.0;
ERO;56;8876;0.0;8.48528137423857
ERO;56;9501;3.4285714285714284;2.29906813420444
ERO;56;22220;-2.125;28.516369567904913
ERO;56;22455;0.0;0.0
ERO;56;32431;14.0;
ERO;56;32442;20.1;55.09476684162783
ERO;56;32462;115.0;162.63455967290594
ERO;56;32463;0.5;6.045462682675252
ERO;56;37628;-20.88235294117647;90.04365771178804
ERO;56;90013;36.625;170.35814256774
ERO;56;90121;0.0;3.0
ERO;56;90301;13.666666666666666;13.203534880225574
ERO;56;90302;142.58333333333334;165.49475669263248
ERO;56;90303;90.54166666666667;112.04462587918171
ERO;56;90304;853.9166666666666;315.4756128749742
ERO;56;90305;139.70833333333334;65.00934994068272
ERO;56;90306;342.1666666666667;306.18702251013707
ERO;56;90307;23.791666666666668;27.59958910637221
ERO;56;90308;85.70833333333333;141.85156944363777
ERO;56;90309;-0.6666666666666666;3.9327683210007
ERO;56;90310;-10.5;27.869337989984622
ERO;56;90311;102.08333333333333;45.78011402978055
ERO;56;90312;1304.5416666666667;752.3312741169894
ERO;56;90313;38.291666666666664;30.00069443640708
ERO;56;90314;30.833333333333332;24.296477945984478
ERO;56;90315;7.95;14.915463540620483
ERO;56;90316;66.20833333333333;58.252806737131756
ERO;56;90318;0.8333333333333334;6.5243135015621885
ERO;56;90320;-3.0;
ERO;56;90322;14.0;
ERO;56;90324;885.8333333333334;800.5655428544233
ERO;56;90325;1652.5;1245.2489187167428
ERO;56;90328;0.0;
ERO;56;90330;-1.75;19.771612647092464
ERO;56;90557;4.285714285714286;7.273565968956486
ERO;56;90558;4.764705882352941;4.905728943856176
ERO;56;90559;4.368421052631579;7.470018044867313
ERO;56;90584;70.91304347826087;78.5770687365296
ERO;56;90683;904.8333333333334;1098.2388536698859
ERO;56;90685;54.625;64.76365895885694
ERO;56;90686;0.0;1.4142135623730951
ERO;56;90687;4.333333333333333;4.041451884327381
ERO;56;90688;27.916666666666668;32.29876382971238
ERO;56;90690;45.333333333333336;66.32703342015864
ERO;56;90692;0.0;0.0
ERO;56;90693;68.16666666666667;203.12651809387464
ERO;56;90694;21.217391304347824;161.8135730124862
ERO;56;90695;3.0;4.242640687119285
ERO;56;90696;27.5;53.018864567246254
ERO;56;90698;2.8823529411764706;40.13240952294849
ERO;56;90701;1.2;3.7682887362833544
ERO;56;90706;39.708333333333336;81.2813038916013
ERO;56;90707;236.29166666666666;152.32387667662974
ERO;56;90708;30.125;48.33066584343283
ERO;56;90709;138.04166666666666;146.4351701537954
ERO;56;90710;0.0;0.0
ERO;56;90711;13.31578947368421;52.89302897944003
ERO;56;90712;-8.538461538461538;54.76710598010358
ERO;56;90713;3.5555555555555554;4.126472801046649
ERO;56;90715;21.652173913043477;57.459557869112025
ERO;56;90717;9.647058823529411;20.976001693812467
ERO;56;90721;251.0;276.06943571017297
ERO;56;90724;50.833333333333336;42.61217081362173
ERO;56;90725;84.66666666666667;37.42431976863344
ERO;56;90726;22.0;25.45584412271571
ERO;56;90729;12.083333333333334;12.76684864179192
ERO;56;90734;0.0;
ERO;56;90740;4.466666666666667;7.744737076295901
ERO;56;90741;10.434782608695652;19.789405078467713
ERO;56;90742;4.5;3.872983346207417
ERO;56;90743;13.35;46.36045842378134
ERO;56;90745;89.05263157894737;394.87965447775076
ERO;56;90746;0.75;17.637217143626387
ERO;56;90747;5.428571428571429;9.812528434899656
ERO;56;90750;63.1;142.18176942053984
ERO;56;90752;12.0;
ERO;56;90756;-3.2;12.59761882261882
ERO;56;90757;121.0;166.87720036002523
ERO;56;90759;0.0;
ERO;56;90761;0.6666666666666666;14.828310351445571
ERO;56;90769;21.666666666666668;27.209067116190024
ERO;56;90954;2808.1666666666665;3359.0007270106344
ERO;56;91242;2.6;1.140175425099138
ERO;56;91289;14.0;
ERO;56;91706;47.8125;38.20509346496441
ERO;56;91707;42.470588235294116;33.09100641990741
ERO;56;91709;14.333333333333334;24.778062493915478
ERO;56;91713;13.222222222222221;32.648804640360794
ERO;56;91871;6.909090909090909;6.847693705979341
ERO;56;91872;34.9375;46.58249850176208
ERO;56;91874;43.05882352941177;64.21202242204657
ERO;56;91876;-6.75;271.3948133934068
ERO;56;502495;0.0;0.0
ERO;56;502815;43.333333333333336;138.94186042985805
ERO;56;502927;-20.0;
ERO;56;502948;-0.21428571428571427;57.21777369291492
ERO;56;503029;0.5;3.689323936863109
ERO;56;503697;-0.25;6.273527146441853
ERO;56;503824;398.625;624.9496544940031
ERO;56;504172;-6.0;
ERO;56;504912;-10.666666666666666;33.27536626394968
ERO;56;505327;4.571428571428571;10.338235868808606
ERO;56;507063;-2.0;2.8284271247461903
ERO;56;507065;64.84210526315789;110.73705751207564
ERO;56;507076;1.0;
ERO;56;507085;0.0;0.0
ERO;56;507388;22.9;76.67021730908439
ERO;56;508205;-2.25;6.363961030678928
ERO;56;508206;-10.0;
ERO;56;508210;0.0;
ERO;56;522215;-62.5;53.033008588991066
ERO;56;522217;-85.0;
ERO;56;522218;-17.0;21.213203435596427
ERO;56;522220;-0.8571428571428571;10.64718917661546
ERO;56;532463;-8.6875;134.51726964718446
ERO;56;590013;-4.882352941176471;25.305341217174824
ERO;56;590302;-56.0;
ERO;56;590303;-10.227272727272727;32.20903720886543
ERO;56;590305;-1.55;25.95233485084774
ERO;56;590306;1.5;7.671840904055744
ERO;56;590308;-1.6;12.198360545581526
ERO;56;590309;-8.0;
ERO;56;590312;183.20833333333334;393.4976911889249
ERO;56;590313;2.8;152.80281411021198
ERO;56;590314;1.0;
ERO;56;590316;-4.25;30.564919200192328
ERO;56;590318;3.0;
ERO;56;590321;4.0;
ERO;56;590325;-12.11111111111111;61.32928375377976
ERO;56;590584;-226.1;1651.5001760759662
ERO;56;590683;452.5833333333333;1104.2006322366801
ERO;56;590688;-0.8;3.96232255123179
ERO;56;590690;-0.5555555555555556;5.939509893735154
ERO;56;590693;-85.28571428571429;227.10182318783373
ERO;56;590706;0.0;0.0
ERO;56;590724;0.0;
ERO;56;590954;890.25;2350.102814587148
ERO;58;7607;3.0;4.242640687119285
ERO;58;7609;-33.0;9.899494936611665
ERO;58;7718;-30.0;
ERO;58;8345;0.0;34.292856398964496
ERO;58;8479;0.0;0.0
ERO;58;8798;1.0;1.4142135623730951
ERO;58;90110;120.0;
ERO;58;90275;60.708333333333336;278.27379060240634
ERO;58;90276;7.470588235294118;12.298971740855125
ERO;58;90277;1473.9583333333333;979.4828040378235
ERO;58;90279;160.75;175.48671447298153
ERO;58;90650;0.0;42.42640687119285
ERO;58;508479;-0.4;4.560701700396552
ERO;58;590275;-7.818181818181818;26.902855542927714
ERO;58;590277;507.5833333333333;582.5714299675988
ERO;58;590278;0.0;4.0
ERO;58;590279;6.625;30.006973827110084
ERO;60;5046;-1.0;
ERO;60;8728;2.888888888888889;2.4209731743889917
ERO;60;590515;-15.0;15.556349186104045
ERO;63;2901;0.0;
ERO;63;3688;2.6;1.140175425099138
ERO;63;7858;0.0;3.0
ERO;63;7969;5.0;1.4142135623730951
ERO;63;8100;-14.625;19.61003751726578
ERO;63;30211;-1.0;
ERO;63;90298;147.29166666666666;45.211079025684256
ERO;63;90299;12.166666666666666;7.992750338338767
ERO;63;90511;29.7;73.04800152171029
ERO;63;90547;533.5833333333334;262.75793400782015
ERO;63;90548;30.541666666666668;43.369974753796285
ERO;63;90549;-4.458333333333333;63.48500621794688
ERO;63;90550;-0.09523809523809523;10.926594903741796
ERO;63;90973;11.041666666666666;24.919835240342124
ERO;63;90975;1.7333333333333334;47.75303530617065
ERO;63;508100;0.0;2.8284271247461903
ERO;63;590547;171.95833333333334;212.79189245070785
ERO;63;590548;4.5;10.664854918599811
ERO;63;590549;-1.8571428571428572;8.008031682540437
ERO;63;590550;-12.222222222222221;37.04651730519949
ERO;66;1048;-1.0;
ERO;66;22477;1.0;1.4142135623730951
ERO;69;6098;4.2;0.8366600265340755
ERO;69;6327;21.214285714285715;21.390790870510937
ERO;69;35841;10.357142857142858;11.02170685411393
ERO;69;35842;24.5;24.768259257902375
ERO;69;35843;23.833333333333332;22.059411756862954
ERO;69;35893;30.0;28.284271247461902
ERO;69;35896;17.473684210526315;26.2961096004135
ERO;69;37601;34.76190476190476;44.77153645108101
ERO;69;37606;7.875;7.259230577094832
ERO;69;37747;111.47826086956522;75.47116822470407
ERO;69;37759;94.8695652173913;67.36016110690224
ERO;69;37760;114.0;96.69069711761783
ERO;69;37761;53.095238095238095;40.05109831440926
ERO;69;37767;5.0;1.4142135623730951
ERO;69;37768;5.333333333333333;1.5275252316519465
ERO;69;37806;26.8;27.18986739373491
ERO;69;37807;6.6;3.6469165057620936
ERO;69;37808;2.6666666666666665;1.3662601021279464
ERO;69;37827;107.5;92.87087810503355
ERO;69;37836;8.5;4.949747468305833
ERO;69;37853;1.6666666666666667;4.0824829046386295
ERO;69;37860;58.833333333333336;87.30960237377482
ERO;69;37890;43.27777777777778;88.06668967359542
ERO;69;37905;92.56521739130434;86.56202510179232
ERO;69;37906;196.6086956521739;143.6374030582294
ERO;69;37949;4.181818181818182;2.786330268226716
ERO;69;37950;7.6875;7.106042030084914
ERO;69;37951;12.368421052631579;14.162589712634517
ERO;69;37952;32.0;33.49253648202835
ERO;69;38030;14.75;18.24828759089466
ERO;69;38042;10.0;18.130479467302724
ERO;69;38043;17.176470588235293;37.98393623315922
ERO;69;38044;16.666666666666668;25.95917540829808
ERO;69;38045;14.222222222222221;16.865480854231357
ERO;69;38047;3.2222222222222223;2.279132388529557
ERO;69;38048;11.142857142857142;19.488702466032052
ERO;69;38050;7.8;5.495452665613635
ERO;69;38683;45.0;57.982756057296896
ERO;69;80014;3.0;1.4142135623730951
ERO;69;80015;1.8;1.3038404810405297
ERO;69;80016;10.529411764705882;12.14556321799664
ERO;69;80017;15.666666666666666;12.858201014657274
ERO;69;80018;42.142857142857146;59.73465134600329
ERO;69;80019;13.25;19.001879606276546
ERO;69;80024;2.0;1.7320508075688772
ERO;69;80026;18.9375;29.64561519010864
ERO;69;80027;11.928571428571429;11.013727697841354
ERO;69;80028;12.777777777777779;25.49891065211305
ERO;69;80034;28.125;58.87623216787666
ERO;69;80035;3.7142857142857144;3.8172540616821102
ERO;69;80036;3.857142857142857;2.0354009783964297
ERO;69;80037;14.5;19.639610121239315
ERO;69;80055;38.42857142857143;37.90821767154144
ERO;69;80059;14.555555555555555;8.632947224313247
ERO;69;320528;3.3333333333333335;2.6583202716502514
ERO;69;421593;54.0;39.408120990476064
ERO;69;491580;10.333333333333334;11.129540272026814
ERO;69;491581;16.0;9.38083151964686
ERO;69;491603;18.68421052631579;37.381000271348405
ERO;69;491604;34.76190476190476;53.68044780169476
ERO;69;491690;6.5;4.358898943540674
ERO;69;491691;0.0;0.0
ERO;69;491692;0.0;0.0
ERO;69;491693;0.0;0.0
ERO;69;491694;3.0;1.4142135623730951
ERO;69;491695;0.0;
ERO;69;491696;0.0;0.0
ERO;69;491697;0.0;0.0
ERO;69;491698;0.0;0.0
ERO;69;491699;11.5;12.020815280171307
ERO;69;491700;0.0;
ERO;69;491701;0.0;
ERO;69;491704;37.857142857142854;32.142539680971964
ERO;69;491710;36.0;48.92130535510126
ERO;69;491711;72.0;79.33931731951864
ERO;69;491712;40.611111111111114;36.87999439978407
ERO;69;492010;5.5;3.415650255319866
ERO;69;492012;23.571428571428573;16.521270561079163
ERO;70;7468;36.3125;51.7593389318939
ERO;70;37926;360.3;550.425395298467
ERO;70;37927;4236.090909090909;7260.686383066462
ERO;70;37928;11179.5;9639.639222907987
ERO;70;37929;8307.208333333334;5278.188004124528
ERO;70;37930;1159.6666666666667;1343.9847523289666
ERO;70;37931;1417.0833333333333;1223.094717675535
ERO;70;38070;200.0;
ERO;70;537927;176.70833333333334;240.9254763301871
ERO;70;537928;-6.235294117647059;110.00200532931474
ERO;71;3257;4.0;1.4142135623730951
ERO;71;8470;0.0;0.0
ERO;71;8934;0.0;
ERO;71;8959;-20.083333333333332;114.76573636074595
ERO;71;22445;-0.3333333333333333;0.5773502691896258
ERO;71;90207;767.0;561.4486943289088
ERO;71;90208;-0.75;1.3887301496588274
ERO;71;90210;885.0833333333334;308.7110534022934
ERO;71;90211;2.9375;9.447883360838023
ERO;71;90212;39.875;81.65585923757148
ERO;71;90618;-6.357142857142857;57.56816313374439
ERO;71;590207;-3.176470588235294;8.994687974838588
ERO;71;590210;42.875;109.98786988454286
ERO;71;590211;-0.5;0.7071067811865476
ERO;71;590212;7.75;21.65389813284957
ERO;75;1117;-0.5;0.7071067811865476
ERO;75;4870;0.0;0.0
ERO;75;8390;0.4444444444444444;0.5270462766947299
ERO;75;8850;0.0;1.2649110640673518
ERO;75;32931;0.0;2.8284271247461903
ERO;75;90044;-0.9411764705882353;2.7034835914818798
ERO;75;90045;1.7;5.694873040496023
ERO;75;90046;0.0;2.48327740429189
ERO;75;90047;-0.18181818181818182;8.278695340257215
ERO;75;90048;20.375;14.541731551701094
ERO;75;90049;1.8888888888888888;1.6764419215528672
ERO;75;90051;0.8333333333333334;0.408248290463863
ERO;75;90052;0.0;1.4142135623730951
ERO;75;90053;0.0;0.816496580927726
ERO;75;90054;16.625;8.218814576535856
ERO;75;90055;29.333333333333332;12.757492825332326
ERO;75;90060;0.0;1.0
ERO;75;90062;0.0;
ERO;75;90063;1.0;
ERO;75;90064;-0.5;0.7071067811865476
ERO;75;90065;0.0;1.0
ERO;75;90066;-0.4;1.140175425099138
ERO;75;90078;0.0;
ERO;75;90081;0.0;
ERO;75;90082;0.9285714285714286;1.542439911024374
ERO;75;90083;0.9;1.7919573407620817
ERO;75;90094;0.0;
ERO;75;90097;0.0;0.0
ERO;75;90591;-1.0;
ERO;75;90602;0.0;
ERO;75;90605;0.0;
ERO;75;90614;-2.5;0.7071067811865476
ERO;75;91007;81.20833333333333;54.67530971794877
ERO;75;91008;64.29166666666667;43.14231169016114
ERO;75;91010;1.0;
ERO;75;91014;3.5;5.275043787166296
ERO;75;91015;3.1739130434782608;2.4982207106994343
ERO;75;91026;0.30434782608695654;44.66790059845569
ERO;75;91027;163.125;99.6255216559361
ERO;75;91028;6.083333333333333;6.480181604182741
ERO;75;91029;0.0;4.4860896112315904
ERO;75;91086;1.0;
ERO;75;91129;18.8;15.642889758609181
ERO;75;91130;24.2;15.514509338035799
ERO;75;91200;0.5;0.7071067811865476
ERO;75;91616;362.625;196.42005825707892
ERO;75;91617;89.71428571428571;52.36001746152715
ERO;75;91618;19.571428571428573;43.91225016195042
ERO;75;91631;60.0;40.681691213615984
ERO;75;91632;11.666666666666666;4.96655480858378
ERO;75;508390;0.0;
ERO;75;590044;-0.3333333333333333;0.5773502691896258
ERO;75;590047;-0.7058823529411765;3.4778712217812378
ERO;75;590049;0.0;
ERO;75;590054;-0.6363636363636364;2.2482316283126735
ERO;75;590064;-0.5;1.378404875209022
ERO;75;590066;2.0;
ERO;75;591007;-0.8;1.9321835661585915
ERO;75;591008;20.291666666666668;23.65968717251877
ERO;75;591014;1.0;2.581988897471611
ERO;75;591026;0.2;1.0563093645728083
ERO;75;591027;178.45833333333334;161.23813853688767
ERO;75;591028;7.416666666666667;10.282601035631549
ERO;75;591029;-3.0;10.344080432788601
ERO;75;591616;-2.4;6.024948132556827
ERO;75;591617;-0.6666666666666666;0.5773502691896258
ERO;75;591631;-6.5;2.1213203435596424
ERO;75;591632;-2.0;
ERO;77;364;0.0;
ERO;77;3072;-1.5;4.403281604540969
ERO;77;3462;0.0;
ERO;77;3714;-2.736842105263158;21.918642763291604
ERO;77;4116;8.380952380952381;14.606423896615457
ERO;77;90497;14.565217391304348;17.306924749035417
ERO;77;90498;1865.5416666666667;907.8750143420991
ERO;77;90499;898.7916666666666;471.9192984773586
ERO;77;90500;1110.8333333333333;548.6634881130743
ERO;77;90501;796.6666666666666;480.23514771562617
ERO;77;90502;-4.909090909090909;15.313095999532853
ERO;77;90503;-80.2;114.63725397967278
ERO;77;90504;-14.0;29.09467305195231
ERO;77;90505;-14.0;19.79898987322333
ERO;77;90506;-3.3333333333333335;5.773502691896257
ERO;77;90507;9.222222222222221;18.18388282989202
ERO;77;90508;0.0;0.0
ERO;77;90509;60.875;38.764969058248404
ERO;77;90510;174.16666666666666;570.9144965043721
ERO;77;90639;583.9166666666666;459.6754920278157
ERO;77;90640;454.2083333333333;198.12314553605657
ERO;77;90641;592.0416666666666;307.84446654067074
ERO;77;90642;270.6666666666667;200.8520257101831
ERO;77;90643;563.0;435.9695841006223
ERO;77;90644;161.66666666666666;76.35424686612234
ERO;77;90645;330.7083333333333;680.5374141819458
ERO;77;91259;17.642857142857142;15.71675804727182
ERO;77;91260;5.545454545454546;6.624106572118831
ERO;77;91261;6.666666666666667;4.163331998932265
ERO;77;91262;13.5;7.868484191905126
ERO;77;590497;-3.4761904761904763;19.729721355404507
ERO;77;590498;36.291666666666664;120.8788395070854
ERO;77;590499;19.363636363636363;64.91059452343109
ERO;77;590500;-8.695652173913043;40.77703763662795
ERO;77;590501;0.9444444444444444;67.70652260022206
ERO;77;590502;10.347826086956522;18.154910920019244
ERO;77;590503;1.0;
ERO;77;590504;0.0;
ERO;77;590507;3.0;
ERO;77;590508;0.0;
ERO;77;590509;-20.0;
ERO;77;590639;-11.541666666666666;42.64716634316341
ERO;77;590640;2.0;
ERO;77;590641;0.2222222222222222;2.6822461565718467
ERO;77;590642;0.0;0.0
ERO;77;590643;13.5;25.03996805109783
ERO;77;590644;1.0;
ERO;77;590645;35.2;36.71103376370652
ERO;83;123;0.0;
ERO;83;6951;111.875;134.33194203976177
ERO;83;7908;-53.0;
ERO;83;8831;27.333333333333332;19.183326093250876
ERO;83;22548;-31.0;43.840620433565945
ERO;83;32260;0.0;
ERO;83;32266;0.0;
ERO;83;32294;0.0;
ERO;83;90394;337.9;268.5224799196935
ERO;83;90395;301.7083333333333;446.3768615600857
ERO;83;90396;8.0;
ERO;83;90397;8.0;
ERO;83;90398;41.8;58.57644577814533
ERO;83;90406;0.0;6.969320524371696
ERO;83;90412;39.23809523809524;288.83211468981506
ERO;83;90449;140.33333333333334;137.34363968644067
ERO;83;90450;4.708333333333333;58.46848215745901
ERO;83;90451;82.41666666666667;127.43008881826883
ERO;83;90452;1.0;
ERO;83;90458;58.0;66.332495807108
ERO;83;90537;-179.94444444444446;781.9494095432052
ERO;83;90538;301.6666666666667;379.8677878313507
ERO;83;90539;0.0;17.320508075688775
ERO;83;90540;69.66666666666667;159.74454244380215
ERO;83;90541;-8.529411764705882;60.58993073013331
ERO;83;90567;666.0833333333334;601.6338563457423
ERO;83;90568;14.333333333333334;28.99289973931751
ERO;83;90586;356.625;346.0805149471535
ERO;83;90802;336.75;160.7304657141752
ERO;83;90803;-45.0;
ERO;83;90969;155.56521739130434;251.43439883396235
ERO;83;91058;0.0;
ERO;83;91071;81.4;124.26705114389736
ERO;83;92138;0.0;0.0
ERO;83;506951;28.333333333333332;42.19399641339196
ERO;83;522466;-2.0;
ERO;83;590395;-59.56521739130435;301.5174992791322
ERO;83;590449;0.0;
ERO;83;590586;103.18181818181819;192.35795906482377
ERO;87;8065;1.0;
ERO;87;9475;1.0;
ERO;87;80068;1.0;
ERO;87;80069;5.0;
ERO;87;80078;2.111111111111111;1.2692955176439846
ERO;87;80079;2.1176470588235294;1.536324873731809
ERO;87;80080;2.6153846153846154;1.5021352323976214
ERO;87;80081;5.421052631578948;4.426131863699251
ERO;87;80082;8.619047619047619;6.515183730918036
ERO;87;80083;12.0;8.522696969643098
ERO;87;80084;14.416666666666666;11.21302296697777
ERO;87;80085;13.380952380952381;9.303097282497859
ERO;87;80086;7.714285714285714;10.65131679420669
ERO;87;80087;3.3;2.5841396591085743
ERO;87;80088;3.25;12.919623317522328
ERO;87;80091;2.0;1.3093073414159542
ERO;87;80092;6.666666666666667;14.303434388080284
ERO;87;80093;12.875;11.218433975808086
ERO;87;80094;26.454545454545453;22.93827591961746
ERO;87;80095;48.95652173913044;34.368958326412624
ERO;87;80096;54.65217391304348;32.24847945062635
ERO;87;80097;48.04347826086956;36.60660429841683
ERO;87;80098;22.454545454545453;14.812244846835249
ERO;87;80099;11.19047619047619;11.965028406230582
ERO;87;80100;4.8;6.8368748081895685
ERO;87;358891;0.0;0.0
ERO;87;441611;0.0;
ERO;88;37602;28.266666666666666;48.17596713636178
ERO;88;37679;14.142857142857142;11.567606658662102
ERO;88;80013;85.13636363636364;72.42486777248179
ERO;88;491607;79.88888888888889;90.78085370105754
ERO;89;3574;2.0;1.0
ERO;89;37941;2.3333333333333335;1.5275252316519468
ERO;89;80041;5.666666666666667;4.041451884327381
ERO;89;80042;16.2;23.82744989336989
ERO;89;80043;10.61111111111111;18.23422408836129
ERO;95;5674;-2.0;
ERO;95;8111;0.4444444444444444;0.7264831572567789
ERO;95;8965;-1.0;2.23606797749979
ERO;95;22542;0.3333333333333333;0.5773502691896258
ERO;95;90404;492.625;264.8841933176935
ERO;95;90496;12.208333333333334;9.235937214591925
ERO;95;90529;0.4166666666666667;13.614553265019774
ERO;95;90574;0.8333333333333334;1.3291601358251257
ERO;95;90575;0.8571428571428571;86.30345134631473
ERO;95;90576;9.125;28.890065239892017
ERO;95;90577;1.3846153846153846;1.9806758753205744
ERO;95;91021;6.958333333333333;7.380816301423733
ERO;95;91022;14.041666666666666;17.672083528319007
ERO;95;508965;2.0;0.0
ERO;95;590404;6.416666666666667;25.402698704060473
ERO;95;591021;1.0;2.0
ERO;95;591022;4.0;8.602325267042627
ERO;97;8227;0.0;
ERO;97;8800;0.0;1.4142135623730951
ERO;97;12599;8.0;
ERO;97;12618;0.0;0.0
ERO;97;12619;-53.357142857142854;138.11678845363895
ERO;97;90972;-38.0;
ERO;97;91048;-55.666666666666664;39.80368492154129
ERO;97;91056;-47.0;57.16642371182581
ERO;97;91057;4.0;9.643650760992955
ERO;97;91061;195.04166666666666;132.5517057986993
ERO;97;91062;146.54166666666666;101.17396948548216
ERO;97;91116;251.57142857142858;173.91422352084126
ERO;97;91117;49.625;40.64809782933092
ERO;97;91118;-9.0;
ERO;97;508833;-1.0;
ERO;97;591030;-412.0;
ERO;97;591056;0.0;26.870057685088806
ERO;97;591057;-5.333333333333333;7.505553499465135
ERO;97;591061;-104.0;
ERO;97;591062;-2.5;20.374003043093914
ERO;97;591116;55.791666666666664;99.61490161210021
ERO;97;591117;38.5;101.02647091771027
ERO;101;118147;0.0;0.0
ERO;101;118238;-1.0;
ERO;102;4626;-75.0;
ERO;102;90623;755.5416666666666;356.8441358896635
ERO;102;90633;31.583333333333332;46.24595556150939
ERO;102;91002;10.0;
ERO;102;91003;49.25;68.56748500564971
ERO;102;590623;14.458333333333334;91.54422982631266
ERO;104;8508;-13433.29;
ERO;108;7875;18.285714285714285;31.78948613254748
ERO;108;35113;-4.357142857142857;55.54569448502895
ERO;108;507875;115.91666666666667;77.84036991436896
ERO;108;535113;126.70833333333333;198.36691501108365
ERO;110;90257;2829.6045833333333;2877.680209617793
ERO;110;90835;213.59916666666666;675.489121123203
ERO;110;90836;-485.86125000000004;950.2711010238454
ERO;110;91041;-7.142857142857143;18.89822365046136
ERO;110;91190;0.0;
ERO;110;92022;-200.0;
ERO;110;590257;1064.895;1618.611086555921
ERO;110;590835;-182.5415789473684;792.4327276057583
ERO;115;7188;8.0;
ERO;115;9162;30.0;
ERO;115;9176;6.0;
ERO;116;846;34.416666666666664;76.15711258379909
ERO;116;3703;-1.1666666666666667;2.7247463045653304
ERO;116;3709;-32.333333333333336;159.53818769602887
ERO;116;4623;0.0;0.0
ERO;116;7248;1.0;
ERO;116;7794;310.1666666666667;300.7367282360851
ERO;116;8025;2.3636363636363638;2.062654952856986
ERO;116;22460;-21.714285714285715;1633.29949430447
ERO;116;38013;34.5;36.824659612215775
ERO;116;90963;216.42857142857142;562.6755745523367
ERO;116;92002;102.625;90.0348146948882
ERO;116;92004;576.875;1286.4594199918295
ERO;116;92298;-1.3333333333333333;2.6457513110645907
ERO;116;92308;73.33333333333333;127.11543310445563
ERO;116;92327;47.86666666666667;85.25999452654608
ERO;116;92329;13.0;
ERO;116;92332;43.857142857142854;36.05287122837131
ERO;116;92334;64.22222222222223;57.486471838550365
ERO;116;92335;-10.0;0.0
ERO;116;92337;-10.0;14.142135623730951
ERO;116;92349;-2.3333333333333335;17.281975195754296
ERO;116;508025;2.6666666666666665;1.5275252316519465
ERO;117;37944;15.363636363636363;14.217847451255981
ERO;117;37945;35.666666666666664;28.67809849577432
ERO;117;37946;20.80952380952381;18.76331273421367
ERO;117;37947;10.95;7.755982410880955
ERO;117;38538;1.0;
ERO;117;38539;12.8;9.257429448826494
ERO;117;38540;15.571428571428571;10.596495377515827
ERO;117;38541;13.25;12.020815280171309
ERO;117;38542;2.0;1.0
ERO;117;38563;10.045454545454545;8.731318957404474
ERO;117;38564;23.91304347826087;17.458816588756576
ERO;117;38565;24.714285714285715;16.202292606735806
ERO;117;38566;13.4375;9.244593014297601
ERO;117;38567;5.0;3.585685828003181
ERO;117;320527;197.79166666666666;220.32880156053463
ERO;117;710301;3.923076923076923;3.946761086881631
ERO;117;710302;64.30434782608695;108.79022131131283
ERO;117;710303;179.79166666666666;163.3787222500469
ERO;117;710304;148.33333333333334;136.3415361977179
ERO;117;710305;42.0;68.50134876488707
ERO;117;710306;7.6;5.621387729022079
ERO;117;710307;3.6666666666666665;2.581988897471611
ERO;117;710401;8.5625;13.990324037228968
ERO;117;710402;45.666666666666664;68.01449120954118
ERO;117;710403;165.70833333333334;128.43116212896737
ERO;117;710404;163.54166666666666;137.07946891165523
ERO;117;710405;53.0;71.58758697355046
ERO;117;710406;6.357142857142857;5.759368860416015
ERO;117;710407;2.2857142857142856;1.7043362064926932
ERO;117;720902;4.5;4.503966505838413
ERO;117;720903;4.090909090909091;4.82606559123569
ERO;117;720905;1.0;
ERO;117;721036;5.666666666666667;4.20084025208403
ERO;117;721038;12.666666666666666;16.11934655416693
ERO;117;721040;24.058823529411764;29.701579478697962
ERO;117;721042;22.88235294117647;24.364118989153848
ERO;117;721044;11.894736842105264;14.794498740493243
ERO;117;721046;8.0;10.662659503721747
ERO;117;721048;8.470588235294118;9.93175240742302
ERO;117;721050;4.9375;5.421792446537707
ERO;117;721052;4.0;0.0
ERO;117;721054;2.4;0.8944271909999159
ERO;117;721056;2.6;1.3416407864998738
ERO;117;729002;2.7142857142857144;2.984084768360628
ERO;117;729003;2.0;2.8284271247461903
ERO;117;729601;52.61538461538461;45.11566332132419
ERO;117;732800;5.4;2.8809720581775866
ERO;117;739907;1.6;0.5477225575051662
ERO;117;739908;17.470588235294116;12.298971740855125
ERO;117;739909;38.526315789473685;29.926518194204785
ERO;117;739910;18.647058823529413;16.67685962820409
ERO;117;739911;12.11111111111111;9.247504521181975
ERO;117;739912;2.3;1.1595018087284057
ERO;122;3715;-6.166666666666667;13.285900478144171
ERO;122;7042;-3.5833333333333335;39.74111297643865
ERO;122;8152;-0.2857142857142857;0.7559289460184545
ERO;122;8315;-11.9;23.144233743106632
ERO;122;8603;-1.0;
ERO;122;50945;-5.666666666666667;11.26808310981495
ERO;122;50956;26.625;107.77706963510576
ERO;122;90838;0.0;
ERO;122;90839;-40.0;61.96773353931867
ERO;122;90841;0.0;0.0
ERO;122;90843;917.4583333333334;325.87940943354124
ERO;122;90844;0.0;0.0
ERO;122;90846;-2.0;
ERO;122;90847;-1.0;
ERO;122;90851;3.0;8.48528137423857
ERO;122;90853;-24.0;41.569219381653056
ERO;122;90854;66.5;40.85924939190104
ERO;122;90858;62.666666666666664;31.461041010260217
ERO;122;90861;-4.0;
ERO;122;90862;223.54166666666666;235.41766384295667
ERO;122;90863;-0.3333333333333333;0.7071067811865476
ERO;122;92142;40.916666666666664;53.57069012603544
ERO;122;92151;9.333333333333334;14.433756729740644
ERO;122;92160;46.53333333333333;46.56771822789239
ERO;122;92409;-4.0;
ERO;122;507042;41.666666666666664;42.39325896645716
ERO;122;508152;74.16666666666667;113.9250961651202
ERO;122;508603;-4.0;4.242640687119285
ERO;122;508701;-1.0;1.4142135623730951
ERO;122;508810;-0.1;1.1972189997378648
ERO;122;590843;226.46666666666667;196.55056298449978
ERO;122;592416;108.375;78.55093888681408
ERO;131;1989;0.0;
ERO;131;3284;6.636363636363637;11.629898772325813
ERO;131;3458;4.0;0.0
ERO;131;3856;6.7368421052631575;10.597914392638026
ERO;131;6329;11.166666666666666;8.53690739546751
ERO;131;37784;5.0;4.8304589153964805
ERO;131;37805;14.0;14.142135623730951
ERO;131;37810;2.8;3.1144823004794877
ERO;131;37829;10.333333333333334;4.509249752822894
ERO;131;80000;49.0;1.4142135623730951
ERO;131;80121;101.3125;193.33829375820335
ERO;131;80125;66.8;59.68835732368583
ERO;131;80126;42.94736842105263;40.11299828707582
ERO;131;80127;40.9;41.236034318491264
ERO;131;80128;8.0;
ERO;131;80129;32.76923076923077;26.470593262945727
ERO;131;80131;31.75;46.40671646791371
ERO;131;80133;20.875;25.402123083373507
ERO;131;80136;27.333333333333332;5.507570547286102
ERO;131;80137;21.555555555555557;51.2032985048598
ERO;131;80138;63.8;108.93208893618079
ERO;131;80139;15.0;
ERO;131;80141;18.666666666666668;15.31883372410141
ERO;131;80142;14.11111111111111;15.003703246569199
ERO;131;80143;37.57142857142857;47.98992568271977
ERO;131;80144;37.0;55.779700608734
ERO;131;80145;18.571428571428573;18.981193700231664
ERO;131;80146;39.6;61.05953379011886
ERO;131;80147;38.75;40.88370424420068
ERO;131;80148;51.3;74.33863957144584
ERO;131;80149;5.0;
ERO;131;80150;14.882352941176471;11.390140215012591
ERO;131;80151;15.222222222222221;15.727665978274812
ERO;131;80184;31.666666666666668;47.93050524804984
ERO;131;80209;8.0;2.8284271247461903
ERO;131;90635;63.34782608695652;52.003154358568544
ERO;131;291418;2.5;0.7071067811865476
ERO;131;291450;12.0;6.838803314120883
ERO;131;491602;20.333333333333332;18.91428031937774
ERO;131;491608;59.705882352941174;141.6910215512447
ERO;131;680190;2.0;
ERO;147;292;13.7;24.57234217570641
ERO;147;3631;1211.5833333333333;348.79717747495135
ERO;147;37864;1.0;1.0690449676496976
ERO;147;37865;127.25;113.99208591904052
ERO;147;37866;41.708333333333336;21.66640189358844
ERO;147;37892;2.0;2.8284271247461903
ERO;147;42773;71.08333333333333;18.784629856363416
ERO;147;42774;45.916666666666664;16.08649627230369
ERO;147;42775;10.125;4.739404658998757
ERO;147;42780;658.625;202.37864049952205
ERO;147;42816;239.125;64.19488839192864
ERO;147;42829;931.4583333333334;308.52495905893716
ERO;147;42834;809.7083333333334;275.47247620211994
ERO;147;42839;4008.9583333333335;1113.4813982619387
ERO;147;42840;4.5;4.084631014708157
ERO;147;542780;12.0;
ERO;147;542829;0.0;
ERO;147;542834;214.08333333333334;190.37169972968937
ERO;147;542839;0.0;0.0
ERO;149;37957;68.45833333333333;32.28269043077537
ERO;163;8719;1.625;51.244352817185366
ERO;163;22456;1.0;
ERO;163;32847;-0.5;0.7071067811865476
ERO;163;90545;17.875;24.781326244468488
ERO;163;90546;0.6;4.09878030638384
ERO;163;90551;63.375;42.92036356667604
ERO;163;90553;7.75;15.045582913845221
ERO;163;90554;1.0;1.4142135623730951
ERO;163;90556;4.125;5.409977554746151
ERO;163;590551;-0.15;1.268027892769755
ERO;163;590553;1.2;2.6832815729997477
ERO;174;599;1.2;2.6832815729997477
ERO;188;90917;0.0;
ESE;2;38051;13.363636363636363;12.841693459551623
ESE;4;10130;-26.0;
ESE;4;90462;1338.0;591.7699317926799
ESE;4;90581;124.95454545454545;149.0999911445583
ESE;4;90638;224.04347826086956;234.82459183996534
ESE;4;90837;57.71739130434783;80.46778379729997
ESE;10;91;865.3054166666667;306.27885525078597
ESE;10;90010;13.333333333333334;23.007462557468898
ESE;10;91715;2695.5495833333334;5008.838634715792
ESE;11;7;-7.92;
ESE;11;30260;-1.21;
ESE;11;90258;940.1216666666668;1805.875935029547
ESE;11;90259;558.895;1104.6193876350037
ESE;11;90260;650.0791666666668;2845.3235808250834
ESE;11;90261;31.673478260869565;83.39615353069598
ESE;11;90262;3769.3954166666667;2484.6126739121805
ESE;11;90263;2379.9841666666666;3734.7300453666653
ESE;11;90264;3349.5090476190476;6631.873897832275
ESE;11;90265;2961.0299999999997;6549.739817011273
ESE;11;90266;13337.58875;20202.80686386646
ESE;11;90267;5965.842608695652;10075.841460021733
ESE;11;90268;2142.8175;4256.096455585288
ESE;11;90272;175.24166666666667;159.66880645142678
ESE;11;90273;16.11111111111111;19.630616676791156
ESE;11;90274;21320.702083333334;4015.4088653249596
ESE;11;90282;124.29166666666667;88.83814259489077
ESE;11;90283;66.69047619047619;45.153204811639945
ESE;11;90284;6919.1329166666665;2201.6390713214973
ESE;11;90285;6822.629166666667;1813.8319562831775
ESE;11;90286;4024.4666666666667;891.4551029523082
ESE;11;90287;2461.3375;631.88894908527
ESE;11;90288;5425.721666666667;2265.987692832128
ESE;11;90289;2484.304166666667;1102.2589756807793
ESE;11;90290;1118.4125;757.8093654294651
ESE;11;90293;5.0;1.4142135623730951
ESE;11;90296;38854.195;10796.733770373816
ESE;11;90297;0.0;33.94112549695428
ESE;11;90391;133.91583333333332;71.13073523398684
ESE;11;90392;35.64458333333334;22.335408422145722
ESE;11;90560;59.88708333333333;30.626766707396246
ESE;11;90562;1040.462608695652;1777.2514955433478
ESE;11;90563;867.9491666666667;1641.6121776365126
ESE;11;90564;309.13375;421.4159709300198
ESE;11;90624;854.4616666666667;3408.006745183341
ESE;11;90625;21.0;51.264022471905186
ESE;11;90626;0.0;1067.0
ESE;11;90702;0.55;
ESE;11;90703;390.0516666666667;980.1410048633271
ESE;11;90704;-9.094947017729283e-14;2404.0893633245
ESE;11;90705;1111.3075;2219.5239863594625
ESE;11;90778;66.44444444444444;100.36447467992734
ESE;11;90779;50.4;49.2758996438856
ESE;11;90781;23.0;24.041630560342615
ESE;11;90782;70.05666666666667;62.009270369556084
ESE;11;690327;48.45846153846154;56.915998314204806
ESE;12;40;-60.0;
ESE;12;54;-34.0;
ESE;12;2804;-18.2;11.631375193367674
ESE;12;2805;-2.0;0.0
ESE;12;90945;78.02652173913044;101.28481060889165
ESE;12;90947;50.0;70.71067811865476
ESE;12;90948;185.0;21.213203435596427
ESE;12;90949;1572.0;
ESE;12;90967;300.0;
ESE;12;91095;696.1733333333333;201.98156658611134
ESE;12;91099;136.18454545454546;242.87989482805753
ESE;12;91221;500.0;
ESE;12;91223;10.0;
ESE;12;92072;600.0;
ESE;12;92074;600.0;
ESE;12;92075;604.0;
ESE;12;92108;500.0;
ESE;12;92109;500.0;
ESE;12;92110;327.0625;219.9165450653458
ESE;12;92111;300.0;
ESE;12;92113;155.66666666666666;185.8791722239656
ESE;12;92115;500.0;
ESE;12;92117;638.7291666666666;399.48779649333653
ESE;12;92118;300.0;
ESE;12;92120;500.0;
ESE;12;92170;2012.673846153846;1067.191802141946
ESE;15;32665;-9.0;
ESE;15;32666;-1.8;2.280350850198276
ESE;15;32667;-3.0;
ESE;15;32799;-16.0;
ESE;15;32807;-6.0;8.48528137423857
ESE;15;32810;-6.0;
ESE;15;32811;-10.0;
ESE;15;32817;3.0;4.242640687119285
ESE;15;32860;-2.0;
ESE;15;32864;-4.0;
ESE;15;32865;-1.0;
ESE;15;32873;-2.0;4.242640687119285
ESE;15;32874;-4.0;2.8284271247461903
ESE;15;32891;-9.0;
ESE;15;32893;-7.0;9.539392014169456
ESE;15;32894;-2.5;2.1213203435596424
ESE;15;32896;-1.0;
ESE;15;32897;-9.333333333333334;9.451631252505218
ESE;15;32901;-2.0;
ESE;15;32903;-8.0;
ESE;15;32904;0.8;3.7013511046643495
ESE;15;32907;-1.0;2.0
ESE;15;32909;-4.5;2.1213203435596424
ESE;15;32911;-2.0;
ESE;15;32912;-1.0;0.0
ESE;15;32913;-2.0;
ESE;15;32914;-1.6666666666666667;3.785938897200183
ESE;15;32919;0.0;
ESE;15;32920;-4.0;
ESE;15;32924;-7.0;
ESE;15;32927;-14.5;16.263455967290593
ESE;15;33022;3.5;2.0816659994661326
ESE;15;90333;6.681818181818182;4.87350820775776
ESE;15;90334;54.791666666666664;35.45968827772776
ESE;15;90335;61.833333333333336;103.14728459266671
ESE;15;90336;61.083333333333336;31.95365756660821
ESE;15;90337;203.25;165.70488434458466
ESE;15;90338;88.20833333333333;67.56444856686782
ESE;15;90340;466.6666666666667;123.82163422217168
ESE;15;90341;376.1666666666667;127.08322047987386
ESE;15;90342;213.16666666666666;71.9345515739476
ESE;15;90343;13.277777777777779;12.906020280362346
ESE;15;90344;16.7;15.950911539701059
ESE;15;90345;5.333333333333333;6.670832032063167
ESE;15;90346;3.5238095238095237;5.573320801990924
ESE;15;90352;8793.458333333334;1345.5043010987972
ESE;15;90353;4826.833333333333;1582.2420709279895
ESE;15;90354;2301.0833333333335;812.868828215265
ESE;15;90355;205.83333333333334;97.36558925521118
ESE;15;90356;27.863636363636363;25.185588196701957
ESE;15;90357;308.7083333333333;111.09630728675738
ESE;15;90428;94.625;42.39340853194659
ESE;15;90429;112.16666666666667;52.72213186514556
ESE;15;90430;63.541666666666664;38.60950453683277
ESE;15;90432;19.25;12.462988684762646
ESE;15;90433;16.565217391304348;12.15739986763214
ESE;15;90434;29.833333333333332;10.395093602969276
ESE;15;90435;19.458333333333332;9.74893156539047
ESE;15;90436;12.083333333333334;6.684938727999042
ESE;15;90438;5.619047619047619;3.8919942250238564
ESE;15;90459;492.5;231.29766253823703
ESE;15;90460;689.5833333333334;264.65595659708634
ESE;15;90469;2.263157894736842;2.329570901431275
ESE;15;90471;5831.416666666667;972.1992512124101
ESE;15;90472;3188.2916666666665;565.3426417105223
ESE;15;90473;2188.5;322.9310062267306
ESE;15;90474;3668.9166666666665;609.311722652961
ESE;15;90475;600.5;448.32267106549983
ESE;15;90476;290.0833333333333;113.81255247752452
ESE;15;90477;1579.0;285.7047731335694
ESE;15;90479;4.666666666666667;3.9389277113386476
ESE;15;90480;1.5;0.7071067811865476
ESE;15;90481;3.6;4.351245032554858
ESE;15;90485;1.6666666666666667;2.0816659994661326
ESE;15;90486;13.2;16.70927885936434
ESE;15;90487;1307.375;820.0917664717667
ESE;15;90488;1822.9166666666667;605.068154024398
ESE;15;90489;1444.9583333333333;537.8307054767542
ESE;15;90490;3.0;
ESE;15;90492;2153.0416666666665;360.1738081835619
ESE;15;90493;733.8333333333334;215.81587697299568
ESE;15;90587;315.4583333333333;253.0567867472449
ESE;15;90588;154.45833333333334;153.5552525305147
ESE;15;90787;58.083333333333336;28.504639846060556
ESE;15;90788;220.25;193.09836421075548
ESE;15;90789;86.0;88.72804892854721
ESE;15;90790;110.95833333333333;52.04135409683231
ESE;15;90791;1000.125;454.0186083621798
ESE;15;90792;1.6666666666666667;1.1547005383792517
ESE;15;90793;59.333333333333336;73.91573737631288
ESE;15;90794;3.0;
ESE;15;90796;85.79166666666667;72.08930401677621
ESE;15;90797;1491.8333333333333;497.9433062426726
ESE;15;90798;85.95833333333333;97.86436006542164
ESE;15;90799;9.6;13.568871939637638
ESE;15;90818;2.933333333333333;4.399134113934349
ESE;15;90821;166.58333333333334;154.93390362588048
ESE;15;90825;48.611111111111114;50.78575401091842
ESE;15;90827;4.0;2.8284271247461903
ESE;15;90887;7.75;6.711145482271302
ESE;15;90888;78.08333333333333;70.48152188720269
ESE;15;90941;20.0;
ESE;15;91106;5.0;2.8284271247461903
ESE;15;91108;5.3;4.785394445602159
ESE;15;91109;6.0;
ESE;15;91250;1.0;
ESE;15;91251;5.4;2.073644135332772
ESE;15;91646;1.0;
ESE;15;91658;0.0;33.94112549695428
ESE;15;91845;1496.9583333333333;537.1151992997783
ESE;15;91846;25.333333333333332;27.355417024416028
ESE;15;91847;44.25;21.108930729000445
ESE;15;92012;31.166666666666668;20.118034052005356
ESE;15;92013;17.055555555555557;29.596248216568462
ESE;15;92014;2.5;0.7071067811865476
ESE;15;92015;13.214285714285714;25.804527245691332
ESE;15;92175;75.47619047619048;79.79951067996535
ESE;15;92453;3.0;
ESE;16;91574;76.5;54.44722215136416
ESE;16;91576;60.666666666666664;82.61557560976824
ESE;16;91580;8.0;
ESE;17;38597;3.142857142857143;1.864454471471609
ESE;17;38598;3.533333333333333;5.180549704239429
ESE;17;38599;2.5454545454545454;1.863525495593573
ESE;17;721102;1.4285714285714286;1.0894095588038442
ESE;17;721103;2.2857142857142856;1.4373357526806554
ESE;17;721104;1.6666666666666667;0.8876253645985945
ESE;17;721105;1.8888888888888888;1.0540925533894596
ESE;17;721106;1.5;0.7071067811865476
ESE;17;742908;4.923076923076923;3.1214723679042464
ESE;17;742909;5.6875;5.606172193811627
ESE;17;742910;5.333333333333333;4.117326918327102
ESE;17;742911;2.5454545454545454;1.5724907862137931
ESE;17;742912;2.7;2.79085809185793
ESE;17;753402;2.0;
ESE;17;753403;1.0;
ESE;17;753404;1.0;1.7320508075688772
ESE;17;753405;1.75;0.5
ESE;17;753406;1.6666666666666667;0.5773502691896257
ESE;17;753407;1.25;0.5
ESE;17;753416;3.8666666666666667;2.3864697976798483
ESE;17;753417;3.0952380952380953;1.5134319246256802
ESE;17;753418;4.285714285714286;2.8132340311971404
ESE;17;753419;4.421052631578948;2.5887746881420393
ESE;17;753420;2.375;1.668332500832293
ESE;17;753421;2.727272727272727;2.3702704103502237
ESE;17;753422;1.2;1.3038404810405297
ESE;17;753423;1.8;0.4472135954999579
ESE;17;753438;1.25;0.5
ESE;17;753442;1.5625;0.8139410298049853
ESE;17;753446;1.0;0.0
ESE;17;764034;1.3333333333333333;0.5773502691896258
ESE;17;764036;2.142857142857143;0.6900655593423541
ESE;17;764038;2.1538461538461537;1.9513309067639728
ESE;17;764040;1.5;0.7595545253127499
ESE;17;764042;2.6153846153846154;1.2608503439122303
ESE;17;764044;1.5;0.9258200997725514
ESE;17;764046;2.8;1.7888543819998317
ESE;17;764050;0.8;1.0954451150103321
ESE;17;764056;2.0;0.0
ESE;17;764138;1.875;2.295181287579947
ESE;17;764140;2.9375;1.691892431568863
ESE;17;764142;2.230769230769231;1.2351684199496948
ESE;17;764144;1.4;0.5477225575051661
ESE;17;764146;1.8333333333333333;0.752772652709081
ESE;17;764150;1.6;0.5477225575051662
ESE;17;764152;1.0;
ESE;17;764801;0.4;2.3021728866442674
ESE;17;764802;0.42857142857142855;1.5118578920369088
ESE;17;765001;2.8666666666666667;2.7481595573002946
ESE;17;765002;5.9523809523809526;4.924187145876875
ESE;17;765003;4.85;4.120232492162752
ESE;17;765004;3.473684210526316;2.195156816788358
ESE;17;765005;2.0;1.4142135623730951
ESE;17;765006;1.0;
ESE;17;765008;1.0;
ESE;17;765101;4.2105263157894735;3.1724324240840995
ESE;17;765102;5.260869565217392;3.1939913944261002
ESE;17;765103;5.333333333333333;3.087609647175843
ESE;17;765104;2.789473684210526;2.740213847462377
ESE;17;765105;3.0;2.211083193570267
ESE;17;765106;0.5;3.5355339059327378
ESE;17;765107;1.0;
ESE;17;765108;1.0;
ESE;17;778501;1.0;
ESE;17;778502;1.6666666666666667;0.7071067811865476
ESE;17;778503;1.8;0.8366600265340756
ESE;17;778504;1.3333333333333333;1.8618986725025255
ESE;17;778505;0.0;
ESE;17;778510;1.6;0.8944271909999159
ESE;17;778511;1.5;2.0816659994661326
ESE;17;778512;2.0;0.0
ESE;17;778513;1.0;1.4142135623730951
ESE;17;778742;2.0;
ESE;17;778842;0.3333333333333333;2.0816659994661326
ESE;17;778846;2.0;
ESE;19;12283;172.08333333333334;123.28613472119545
ESE;19;12284;180.41666666666666;119.83608974677495
ESE;19;62106;216.79166666666666;131.51656505572964
ESE;19;62111;26.208333333333332;17.418079479484046
ESE;19;62112;26.333333333333332;19.273019362889638
ESE;19;62611;18.041666666666668;12.404344143210007
ESE;25;36289;3.3333333333333335;2.0816659994661326
ESE;25;892793;202.77777777777777;66.00715449437617
ESE;26;38560;314.0;
ESE;26;50796;-1.0;0.0
ESE;26;90414;52.588235294117645;65.8331782078093
ESE;26;90415;32.59090909090909;55.047736072914454
ESE;26;91235;227.25;67.12755541245468
ESE;26;91236;16.272727272727273;17.763477293061893
ESE;26;92007;15.5;20.506096654409877
ESE;26;92009;16.0;19.79898987322333
ESE;26;92010;21.285714285714285;37.88013677251921
ESE;30;10206;-8.0;
ESE;30;10220;-9.0;
ESE;30;10226;-4.0;
ESE;30;12279;-3.0;
ESE;30;42230;2045.7083333333333;566.4503108924426
ESE;30;62110;238.08333333333334;154.02481919332428
ESE;30;90213;3.5;0.7071067811865476
ESE;30;90214;0.5;0.7071067811865476
ESE;30;90215;4.0;
ESE;30;90216;9.0;12.516655570345725
ESE;30;90217;7.5;11.0
ESE;30;90218;13.173913043478262;34.15559607272289
ESE;30;90219;19.17391304347826;58.55739389220323
ESE;30;90220;3.25;0.957427107756338
ESE;30;90221;23.583333333333332;35.95881299325741
ESE;30;90222;7.85;10.539524607275625
ESE;30;90223;25.333333333333332;35.82768745545541
ESE;30;90224;6.2105263157894735;5.223652908415943
ESE;30;90225;15.173913043478262;16.519003309998194
ESE;30;90226;2.6923076923076925;3.794395326983721
ESE;30;90227;8.904761904761905;10.793075381487714
ESE;30;90228;9.428571428571429;10.819294933457671
ESE;30;90229;55.958333333333336;29.94847628651678
ESE;30;90231;1.5;2.6726124191242437
ESE;30;90232;1.5;0.7071067811865476
ESE;30;90233;1.1818181818181819;2.786330268226716
ESE;30;90234;2.0714285714285716;2.730575755412026
ESE;30;90235;4.315789473684211;5.099592920343386
ESE;30;90236;2.75;3.5355339059327378
ESE;30;90237;4.0;0.0
ESE;30;90247;38.833333333333336;14.205530664120765
ESE;30;90249;123.16666666666667;88.2716492310584
ESE;30;90251;857.5416666666666;379.3228496615545
ESE;30;90252;235.16666666666666;40.40519409859242
ESE;30;90280;244.83333333333334;339.58256557217385
ESE;30;90362;1.0;0.0
ESE;30;90363;6.125;4.642582409453969
ESE;30;90364;2.6666666666666665;2.516611478423583
ESE;30;90365;2.5;0.7071067811865476
ESE;30;90369;11.5;12.020815280171307
ESE;30;90372;326.4583333333333;332.81160347229047
ESE;30;90373;329.9583333333333;475.14057225814463
ESE;30;90374;138.5;111.47781998149267
ESE;30;90375;293.0833333333333;75.0321187264475
ESE;30;90376;886.1666666666666;500.6991343994972
ESE;30;90377;3548.7916666666665;1705.533143194887
ESE;30;90378;1003.2083333333334;697.0983948492847
ESE;30;90379;769.5;523.5449401415566
ESE;30;90380;342.25;278.0613398076981
ESE;30;90382;104.16666666666667;94.5371639214909
ESE;30;90383;34.86363636363637;28.612843360889624
ESE;30;90384;25.75;44.1646143184194
ESE;30;90385;23.545454545454547;37.21119088759089
ESE;30;90387;1900.0833333333333;1145.1490852881261
ESE;30;90388;1864.875;1494.3566686908682
ESE;30;90389;12657.791666666666;7685.467302016341
ESE;30;90393;2101.2083333333335;887.1680875570931
ESE;30;90399;52.875;66.81793074890315
ESE;30;90408;0.0;0.0
ESE;30;90409;553.0;442.8683188331346
ESE;30;90410;4.0;
ESE;30;90411;86.54166666666667;96.91994866525344
ESE;30;90416;7.166666666666667;5.07908470585748
ESE;30;90423;189.83333333333334;57.13573972237681
ESE;30;90424;1.0;
ESE;30;90426;2.0;0.0
ESE;30;90427;3.066666666666667;2.7637104114026196
ESE;30;90440;1343.0;697.0703289326415
ESE;30;90442;15.041666666666666;10.502501427368818
ESE;30;90444;4.533333333333333;7.576907272068453
ESE;30;90446;8.5;9.273618495495704
ESE;30;90448;1355.75;996.7256501862137
ESE;30;90521;118.95833333333333;31.64130372549898
ESE;30;90522;491.0;187.16279823586274
ESE;30;90523;76.08333333333333;49.15451827316251
ESE;30;90524;217.75;43.04522394352045
ESE;30;90525;15.541666666666666;6.587070119075944
ESE;30;90532;1.75;1.6690459207925603
ESE;30;90534;2.1666666666666665;2.167249338901663
ESE;30;90535;3.5714285714285716;23.14344502486714
ESE;30;90536;41.458333333333336;58.05168549151521
ESE;30;90542;60.625;73.54431524154553
ESE;30;90544;41.375;52.38470777522436
ESE;30;90620;837.25;790.668140685871
ESE;30;90621;6.5;3.5355339059327378
ESE;30;90660;63.083333333333336;72.55457715862363
ESE;30;90891;1.0;
ESE;30;91119;16.836842105263155;28.58022258148137
ESE;30;92017;4.2105263157894735;2.5944159558649775
ESE;31;38069;11.933333333333334;12.679942917101494
ESE;32;802934;60.0;
ESE;33;38568;11203.75;5831.975437191072
ESE;33;38588;213.70833333333334;80.17289966428625
ESE;33;38645;70.0;25.571365564672238
ESE;35;80003;7.666666666666667;7.648529270389178
ESE;35;80009;5.571428571428571;4.577377082170635
ESE;35;80120;5.428571428571429;3.975197831831493
ESE;35;80122;45.15384615384615;38.91410659783534
ESE;35;80195;9.5;7.7781745930520225
ESE;37;35894;9.25;11.545365067656133
ESE;37;37872;18.0;13.255726525328054
ESE;39;30301;1.0;0.0
ESE;39;32214;0.3333333333333333;8.020806277010642
ESE;39;37746;2.1052631578947367;1.7286711930171255
ESE;39;38642;1.3;1.0593499054713802
ESE;39;892939;1.0;
ESE;39;892940;1.0;0.5773502691896257
ESE;39;892943;5.0;
ESE;39;892944;5.0;
ESE;39;892945;0.0;25.45584412271571
ESE;39;892946;0.0;25.45584412271571
ESE;39;892947;0.0;5.656854249492381
ESE;39;892952;0.0;4.242640687119285
ESE;41;30274;-4.0;
ESE;41;90253;1176.0;334.90712534775315
ESE;41;90254;774.4166666666666;586.4340221361996
ESE;41;90295;2033.125;840.2443388164204
ESE;47;90636;20.0;
ESE;47;90637;31.0;1.4142135623730951
ESE;47;91050;8784.958333333334;1432.2387303788084
ESE;47;91053;12.25;18.02544497832624
ESE;47;91054;10.0;
ESE;47;91055;17.0;
ESE;52;37750;43.0;27.12931993250107
ESE;54;37745;3.1666666666666665;3.4302575219167823
ESE;54;90183;0.0;
ESE;54;90184;4.291666666666667;5.736831170956486
ESE;54;90185;1.588235294117647;2.0328189641914673
ESE;54;90186;1.7333333333333334;4.463609472591607
ESE;54;90187;3.0;2.6770630673681683
ESE;54;90188;1.2;1.3732131246511905
ESE;54;90189;1.25;0.8864052604279183
ESE;54;90190;1.25;1.4222261679238197
ESE;54;90191;2.25;1.2583057392117916
ESE;54;90192;2.0;
ESE;54;90193;21.333333333333332;23.687580063724585
ESE;54;90194;55.541666666666664;49.058066009370066
ESE;54;90195;12.041666666666666;13.336707000725042
ESE;54;90196;50.291666666666664;28.996970106587316
ESE;54;90197;6.318181818181818;5.195110921739544
ESE;54;90198;369.7083333333333;269.1782146309097
ESE;54;90199;217.29166666666666;77.88033137123104
ESE;54;90200;17.291666666666668;10.584973626167741
ESE;54;90201;4.611111111111111;4.4210577505826505
ESE;54;90202;2.05;4.695742752749559
ESE;54;90203;37.0;21.6734660457155
ESE;54;90204;3.238095238095238;2.6058542151233612
ESE;54;90205;2.0;0.9428090415820635
ESE;54;90206;5.714285714285714;9.602826964716469
ESE;54;90400;191.54166666666666;101.51375112105093
ESE;54;90405;607.75;281.72994315401627
ESE;54;90663;1.0;
ESE;54;90665;20.166666666666668;29.926964236383835
ESE;54;90667;12.583333333333334;11.783985694177488
ESE;54;90668;7.478260869565218;9.149612834418889
ESE;54;90669;0.75;1.2583057392117916
ESE;54;90670;1.2857142857142858;2.2677868380553634
ESE;54;90671;1.5789473684210527;1.6095475373078614
ESE;54;90674;1.0769230769230769;1.3821202589704016
ESE;54;90675;1.75;2.74469184669852
ESE;54;90676;1.1818181818181819;1.6624188291872668
ESE;54;90677;1.0;
ESE;54;90678;0.8;2.6832815729997477
ESE;54;90679;1.4;0.5477225575051662
ESE;54;90682;0.6666666666666666;2.5166114784235836
ESE;54;91046;0.8;1.6431676725154984
ESE;54;91047;2.3333333333333335;2.516611478423583
ESE;54;91073;62.25;53.06947865974747
ESE;54;91074;20.666666666666668;30.0415171658022
ESE;56;30300;-13.0;
ESE;56;30303;-6.0;
ESE;56;30305;-32.0;
ESE;56;30310;-1.5384615384615385;2.633609203336257
ESE;56;90013;6.6;13.164345787011218
ESE;56;90302;244.79166666666666;325.0384564761619
ESE;56;90306;10.578947368421053;16.560715864403942
ESE;56;90307;12.722222222222221;20.427218161807186
ESE;56;90310;-228.0;1051.3762409337583
ESE;56;90311;2987.7083333333335;459.1605269323067
ESE;56;90312;418.4166666666667;79.46391943991702
ESE;56;90313;623.375;155.4560786566558
ESE;56;90314;1273.75;411.29152360740954
ESE;56;90315;464.2916666666667;270.436117855178
ESE;56;90316;83.95833333333333;86.14016846505703
ESE;56;90317;50.40909090909091;74.70682960486538
ESE;56;90324;3446.7083333333335;581.7790914358163
ESE;56;90565;4.7272727272727275;4.244782894116237
ESE;56;90566;4.25;1.707825127659933
ESE;56;90584;2866.1666666666665;1012.5366194845011
ESE;56;90683;3.0;3.1622776601683795
ESE;56;90687;113.5;41.99659850171542
ESE;56;90688;171.04166666666666;111.63507286132628
ESE;56;90689;51.78947368421053;69.03749299182648
ESE;56;90690;59.166666666666664;30.392600167269926
ESE;56;90693;67.27272727272727;40.40567016915054
ESE;56;90694;332.0833333333333;292.66656743975676
ESE;56;90695;354.375;320.9022715051155
ESE;56;90696;4.0;2.8284271247461903
ESE;56;90698;194.375;235.8334384990511
ESE;56;90699;42.57142857142857;25.343356413184782
ESE;56;90701;97.16666666666667;105.38959467929776
ESE;56;90706;10.857142857142858;18.880577069469844
ESE;56;90707;30.08695652173913;48.792615912542885
ESE;56;90708;93.70833333333333;113.41822534575168
ESE;56;90709;2.5;0.7071067811865476
ESE;56;90711;14.375;47.21663599077887
ESE;56;90712;19.6875;76.67047997762894
ESE;56;90713;17.347826086956523;44.37506332456652
ESE;56;90714;5.8;5.674504383644443
ESE;56;90715;32.541666666666664;56.72280360908972
ESE;56;90717;4.5;2.1213203435596424
ESE;56;90721;40.125;62.72736903527006
ESE;56;90722;1.5;0.7071067811865476
ESE;56;90727;13.9375;40.44991759365318
ESE;56;90729;3.5;3.5355339059327378
ESE;56;90730;2.875;1.8850918886280925
ESE;56;90731;8.421052631578947;21.634118602783392
ESE;56;90735;13.5;37.95956495309939
ESE;56;90737;20.956521739130434;35.27486648498612
ESE;56;90740;2.8;5.585696017507576
ESE;56;90741;19.52173913043478;31.910200086574466
ESE;56;90742;69.79166666666667;127.01693798951335
ESE;56;90745;0.0;267.28636328851496
ESE;56;90746;33.4;169.75505573433867
ESE;56;90765;3.0;
ESE;56;91248;168.83333333333334;58.84812188401055
ESE;58;90106;3.6;1.3416407864998738
ESE;58;90275;362.25;360.4179035749907
ESE;58;90277;1264.7916666666667;814.3269282140268
ESE;58;90278;87.25;206.58154511622936
ESE;58;90649;3.0;
ESE;60;36675;5.15;7.1618506870192356
ESE;63;32605;-3.0;
ESE;63;90298;242.75;64.31731797350032
ESE;63;90299;22.25;14.068929689521363
ESE;63;90511;24.541666666666668;11.754662966213681
ESE;63;90512;8.333333333333334;4.725815626252608
ESE;63;90547;427.4583333333333;100.33031496735806
ESE;63;90549;19.357142857142858;32.96526643618691
ESE;63;90561;44.375;34.99293406936047
ESE;69;6341;7.5;4.949747468305833
ESE;69;35832;1.5;0.5773502691896257
ESE;69;35834;3.4;2.4083189157584592
ESE;69;35841;7.0;1.7320508075688772
ESE;69;35842;13.666666666666666;11.378341999899046
ESE;69;35843;13.25;6.701989754294367
ESE;69;35893;38.625;22.940021037858514
ESE;69;37747;74.125;46.81537512213361
ESE;69;37759;73.9047619047619;47.34332557172634
ESE;69;37760;11.0;9.223715253460673
ESE;69;37802;7.0;1.4142135623730951
ESE;69;37806;8.666666666666666;12.785408349625234
ESE;69;37807;5.285714285714286;6.395683067879607
ESE;69;37808;2.75;2.362907813126304
ESE;69;37860;26.545454545454547;24.38591247570464
ESE;69;37889;144.66666666666666;110.10219231978621
ESE;69;37890;38.7;34.7776395191841
ESE;69;37902;11.125;12.904133704618326
ESE;69;37905;47.56521739130435;27.653416831389805
ESE;69;37906;100.0;39.078516281744996
ESE;69;37936;30.0;
ESE;69;37950;2.0;0.0
ESE;69;37951;4.0;1.4142135623730951
ESE;69;37952;3.6666666666666665;1.1547005383792515
ESE;69;38042;6.2;4.723799923185328
ESE;69;38044;8.578947368421053;8.24160036693039
ESE;69;38045;9.105263157894736;10.867355483496357
ESE;69;38050;1.0909090909090908;4.784444491360422
ESE;69;38683;2.5;0.7071067811865476
ESE;69;38760;190.0;77.78174593052023
ESE;69;80014;7.0;4.2895221179054435
ESE;69;80015;5.666666666666667;3.6696957185394363
ESE;69;80016;25.0;19.28494466958853
ESE;69;80017;16.636363636363637;14.191028200425837
ESE;69;80018;4.555555555555555;4.475057965082652
ESE;69;80019;4.714285714285714;5.056820005836531
ESE;69;80023;10.0;5.656854249492381
ESE;69;80024;4.25;1.5000000000000002
ESE;69;80025;18.11764705882353;13.8016409936517
ESE;69;80026;11.0;12.618328820498467
ESE;69;80027;9.571428571428571;19.606569878935545
ESE;69;80028;3.5714285714285716;5.8268671644701975
ESE;69;80055;18.863636363636363;11.630401272795096
ESE;69;80059;7.478260869565218;6.87465414149813
ESE;69;80215;35.0;
ESE;69;491476;0.0;5.656854249492381
ESE;69;491603;6.666666666666667;9.881652636251156
ESE;69;491604;6.090909090909091;6.425800268519796
ESE;69;491697;0.0;7.0710678118654755
ESE;69;491700;0.0;9.899494936611665
ESE;69;491704;0.0;0.0
ESE;69;491710;53.45454545454545;32.59524837227378
ESE;69;491711;18.1875;16.88872898316113
ESE;69;491712;6.6;3.2093613071762426
ESE;69;491777;0.5;30.405591591021544
ESE;69;491778;0.0;25.45584412271571
ESE;70;12280;-3.0;
ESE;70;37927;3717.375;1330.217171301772
ESE;70;37928;6451.041666666667;1356.7558967647042
ESE;70;37929;3410.5833333333335;1547.9479520703662
ESE;70;37930;218.45833333333334;343.5216567018569
ESE;70;37931;138.75;104.56961484019192
ESE;71;90207;624.6666666666666;161.534399800292
ESE;71;90208;2.0;
ESE;71;90210;589.0833333333334;179.3616498844593
ESE;75;32929;-2.0;
ESE;75;32931;-0.6666666666666666;0.5773502691896258
ESE;75;32932;-1.0;
ESE;75;32933;-2.0;
ESE;75;32934;-6.0;
ESE;75;32938;-2.0;
ESE;75;90044;23.666666666666668;28.81077239611264
ESE;75;90045;67.20833333333333;43.61489490954913
ESE;75;90046;12.333333333333334;6.571788629977492
ESE;75;90048;6.3478260869565215;5.183967379002424
ESE;75;90049;1.6363636363636365;1.8399134178763372
ESE;75;90050;2.65;3.328900561351814
ESE;75;90051;1.0;0.5345224838248488
ESE;75;90052;0.8;1.0327955589886444
ESE;75;90053;18.666666666666668;12.334704193300782
ESE;75;90054;12.25;7.188456930626924
ESE;75;90055;17.291666666666668;9.038464503427013
ESE;75;90056;0.6666666666666666;0.5163977794943223
ESE;75;90057;1.0;0.0
ESE;75;90058;1.0;0.0
ESE;75;90061;0.6666666666666666;0.5163977794943222
ESE;75;90062;1.4;1.51657508881031
ESE;75;90063;1.0;0.0
ESE;75;90095;8.5;13.435028842544403
ESE;75;90096;2.5;2.258317958127243
ESE;75;90602;2.0;2.8284271247461903
ESE;75;90603;1.8;0.8366600265340756
ESE;75;90604;1.4444444444444444;1.740051084818425
ESE;75;90611;3.227272727272727;3.36553707851211
ESE;75;90612;3.652173913043478;3.0838095633363785
ESE;75;90613;5.791666666666667;5.258361181855101
ESE;75;90614;4.681818181818182;3.455656007411392
ESE;75;90615;1.2727272727272727;1.856310169634225
ESE;75;90616;1.3076923076923077;1.1821319289469756
ESE;75;90617;1.0;0.0
ESE;75;91013;1.5454545454545454;1.7529196424044293
ESE;75;91127;12.857142857142858;10.960969717267588
ESE;75;91128;13.75;5.560275772537426
ESE;75;91129;12.333333333333334;8.914407813571616
ESE;75;91130;5.0;4.06201920231798
ESE;75;91131;1.1666666666666667;2.228601953392904
ESE;75;91133;0.6666666666666666;0.5773502691896258
ESE;75;91177;0.0;1.4142135623730951
ESE;75;91178;3.7142857142857144;7.158079018709924
ESE;75;91179;7.5;2.6457513110645907
ESE;75;91180;9.166666666666666;5.8109092805400655
ESE;75;91181;3.75;7.274384280931732
ESE;75;91183;0.6;0.5477225575051661
ESE;75;91184;0.8;0.4472135954999579
ESE;75;91611;64.66666666666667;29.937713116847565
ESE;75;91612;9.333333333333334;3.7859388972001824
ESE;75;91614;1.0;
ESE;77;90497;196.16666666666666;60.61185611288665
ESE;77;90498;595.0416666666666;175.6163009089063
ESE;77;90499;479.5833333333333;122.45741643763236
ESE;77;90500;397.125;95.2385163681165
ESE;77;90501;205.5;58.95613697450438
ESE;77;90509;42.666666666666664;46.67153183749137
ESE;77;90510;19.52173913043478;29.477062831998396
ESE;77;90639;1026.5833333333333;220.49882513078833
ESE;77;90640;80.58333333333333;67.82901563725395
ESE;77;90641;709.3333333333334;188.26292129952697
ESE;77;90642;112.41666666666667;55.0398406426746
ESE;77;90643;463.4583333333333;118.43617953644237
ESE;77;90644;96.83333333333333;57.13041272361871
ESE;77;90645;131.875;45.710157276702404
ESE;83;32477;-1.0;
ESE;83;90394;163.08333333333334;86.6832899330845
ESE;83;90395;3039.4583333333335;1114.984810938332
ESE;83;90406;-5.333333333333333;12.34233905438241
ESE;83;90412;2.6;1.3498971154211057
ESE;83;90449;231.0;210.87663816017917
ESE;83;90450;79.63636363636364;85.56509382560907
ESE;83;90451;36.89473684210526;60.1811106732947
ESE;83;90458;0.0;3.0
ESE;83;90516;0.2857142857142857;1.7043362064926935
ESE;83;90537;24.5;40.64849320700584
ESE;83;90538;332.2916666666667;417.50058361497
ESE;83;90540;5.0;5.972157622389639
ESE;83;90567;33.61904761904762;51.44946665464685
ESE;83;90568;814.125;1393.4091540721893
ESE;83;90586;278.2083333333333;104.0710372635031
ESE;83;90802;194.16666666666666;99.12998347214837
ESE;83;90968;491.3333333333333;187.28765753958976
ESE;83;90969;14.521739130434783;12.025992929020612
ESE;83;91071;4.0;3.4641016151377544
ESE;83;91077;16.285714285714285;20.950053983337654
ESE;83;91717;2.5;2.1213203435596424
ESE;87;80066;1.0;1.0
ESE;87;80067;0.8333333333333334;0.408248290463863
ESE;87;80068;2.5;3.696845502136472
ESE;87;80069;2.2857142857142856;1.4960264830861913
ESE;87;80070;1.3333333333333333;0.5773502691896258
ESE;87;80071;1.6666666666666667;1.5
ESE;87;80072;1.3333333333333333;0.8660254037844386
ESE;87;80078;1.0;1.4142135623730951
ESE;87;80079;2.0;2.581988897471611
ESE;87;80080;2.5714285714285716;3.71513092665626
ESE;87;80081;3.5294117647058822;3.5552364031598436
ESE;87;80082;6.2;5.053399064517184
ESE;87;80083;7.636363636363637;5.305392176567737
ESE;87;80084;10.458333333333334;7.7064578603677045
ESE;87;80085;11.291666666666666;6.4503398405022825
ESE;87;80086;6.636363636363637;5.10411089730112
ESE;87;80087;2.823529411764706;2.0986690460160413
ESE;87;80088;1.6;0.5477225575051661
ESE;87;80089;0.0;5.163977794943222
ESE;87;80091;0.3333333333333333;1.1547005383792517
ESE;87;80092;1.3076923076923077;1.4366984945013914
ESE;87;80093;3.0;4.857983120596447
ESE;87;80094;9.458333333333334;5.999849031917145
ESE;87;80095;15.826086956521738;7.438549308183463
ESE;87;80096;19.041666666666668;7.3335391934215
ESE;87;80097;21.375;10.188708583951925
ESE;87;80098;12.458333333333334;6.453709190755389
ESE;87;80099;4.0;2.9848100289785457
ESE;87;80100;1.8;0.8366600265340756
ESE;88;37602;14.3125;10.241866691835689
ESE;88;80013;73.3913043478261;64.25852552593156
ESE;88;80234;66.66666666666667;64.29878174066235
ESE;88;491583;7.846153846153846;8.345119869781717
ESE;88;491607;49.45;25.18870883216484
ESE;89;80042;4.0625;9.835098711587326
ESE;89;80053;3.2857142857142856;1.6035674514745464
ESE;95;90529;0.0;
ESE;95;90582;15.25;10.542873133688154
ESE;95;91020;1.105263157894737;2.1575381248622048
ESE;95;91021;3.347826086956522;2.186917624340746
ESE;95;91022;4.0;3.550872519842681
ESE;97;90972;9.777777777777779;19.96925741809308
ESE;97;91048;60.0;25.65151067676132
ESE;97;91057;40.6;18.622001701439643
ESE;101;132213;-72.0;
ESE;102;4384;297.0416666666667;205.2092207366967
ESE;102;4385;103.75;69.86399831722748
ESE;102;90623;9.842105263157896;9.951343616119477
ESE;102;91003;90.70833333333333;40.01682164406306
ESE;108;10262;9.333333333333334;5.89522036809531
ESE;110;71;-14.187368421052632;33.23334233401838
ESE;110;90836;1450.76375;566.6236273317091
ESE;116;10258;10.416666666666666;6.788203749514856
ESE;116;10260;18.291666666666668;17.775114912284746
ESE;116;10261;19.791666666666668;13.403371304221956
ESE;116;40569;10.0;14.463747785411636
ESE;116;92325;15.166666666666666;14.07716827585245
ESE;117;37944;10.695652173913043;12.621895775374906
ESE;117;37945;10.0;11.820079767678632
ESE;117;37946;8.45;5.4721784366105295
ESE;117;38538;2.6666666666666665;2.0816659994661326
ESE;117;38539;1.8666666666666667;3.833436851604327
ESE;117;38540;2.7142857142857144;4.158930547232461
ESE;117;38541;2.230769230769231;1.7867030229749132
ESE;117;38563;7.5;5.465040408511785
ESE;117;38564;8.578947368421053;10.31350672916984
ESE;117;38565;10.555555555555555;11.783449121654252
ESE;117;38694;2.0;
ESE;117;38695;3.25;1.2583057392117916
ESE;117;38700;3.5;0.7071067811865476
ESE;117;38701;2.75;0.9574271077563381
ESE;117;320527;102.0;54.621008279365775
ESE;117;710301;6.875;4.580626906564522
ESE;117;710302;36.130434782608695;25.68392554927212
ESE;117;710303;102.625;54.66086152457437
ESE;117;710304;80.6086956521739;69.56797795905996
ESE;117;710305;15.227272727272727;10.150917472875324
ESE;117;710306;3.1666666666666665;7.678975626127919
ESE;117;710307;3.3333333333333335;1.5275252316519465
ESE;117;710401;6.857142857142857;3.4364987719368982
ESE;117;710402;37.75;30.108860461014952
ESE;117;710403;88.0;31.59113799786263
ESE;117;710404;78.0;40.22761327204508
ESE;117;710405;19.7;15.738320648725686
ESE;117;710406;1.2;8.230026326405849
ESE;117;710407;1.0;2.160246899469287
ESE;117;720902;0.0;0.0
ESE;117;720903;1.0;
ESE;117;720905;1.0;
ESE;117;721036;5.833333333333333;3.6390141855211615
ESE;117;721038;9.368421052631579;7.072721669404608
ESE;117;721040;11.647058823529411;8.470103131534087
ESE;117;721042;15.777777777777779;10.919790751903603
ESE;117;721044;6.785714285714286;4.24587712109907
ESE;117;721046;5.75;4.669047011971501
ESE;117;721048;4.4375;2.606881917796304
ESE;117;721050;3.0;1.3333333333333333
ESE;117;721052;3.3333333333333335;1.1547005383792515
ESE;117;721056;1.5;0.7071067811865476
ESE;117;721060;1.5;0.7071067811865476
ESE;117;729002;1.0;
ESE;117;729003;0.0;1.4142135623730951
ESE;117;729601;21.416666666666668;15.105186747162929
ESE;117;732800;56.2;41.52950758195912
ESE;117;739907;6.4375;5.214962447931273
ESE;117;739908;16.047619047619047;13.294646255076477
ESE;117;739909;20.045454545454547;15.890929646236717
ESE;117;739910;13.818181818181818;8.894280471641599
ESE;117;739911;9.0;5.802298395176403
ESE;117;739912;2.6666666666666665;1.1547005383792515
ESE;122;50604;-0.25;0.5
ESE;122;50611;-0.18181818181818182;0.9816498172140428
ESE;122;50945;0.0;0.0
ESE;122;50950;0.0;0.0
ESE;122;50955;0.0;0.0
ESE;122;90841;5.333333333333333;2.081665999466133
ESE;122;90842;9.916666666666666;6.385558888526561
ESE;122;90862;1398.7916666666667;422.6209092922575
ESE;122;92151;183.41666666666666;50.64876209197293
ESE;122;92159;86.875;22.88594119427528
ESE;122;92404;5.619047619047619;4.24824893898875
ESE;131;80000;8.333333333333334;5.507570547286102
ESE;131;80121;19.0;21.35775845340157
ESE;131;80124;7.625;13.330282389035448
ESE;131;80126;1.6666666666666667;20.207259421636902
ESE;131;80127;5.875;11.407234546549834
ESE;131;80129;11.7;10.853570840972107
ESE;131;291410;8.375;7.249384210301687
ESE;131;291422;15.454545454545455;22.25472370695101
ESE;131;291450;15.105263157894736;12.422626027813143
ESE;131;491608;26.26086956521739;15.064157917219957
ESE;147;292;31.791666666666668;15.065016101714845
ESE;147;451;1.4285714285714286;0.9376144618769908
ESE;147;3631;87.5;61.248602468528425
ESE;147;37864;7.666666666666667;20.776117510823077
ESE;147;37865;53.833333333333336;29.855691565270767
ESE;147;37866;62.0;26.151731175550516
ESE;147;42773;45.458333333333336;9.890615519891508
ESE;147;42774;28.5;8.25674954467424
ESE;147;42775;9.416666666666666;14.358505028959899
ESE;147;42780;677.125;190.12977547385663
ESE;147;42816;245.79166666666666;75.12307534489894
ESE;147;42829;2852.5416666666665;653.1451652458725
ESE;147;42839;1596.125;275.8913321833672
ESE;147;42840;1.3636363636363635;1.5015143870590968
ESE;149;37957;37.708333333333336;29.872888925472594
ESE;163;90545;-1.0;
ESE;163;90551;84.91666666666667;55.565016102694976
ESE;163;90552;1.125;13.891801281948387
ESE;163;90554;58.25;31.880551519968904
ESE;163;90555;0.0;10.708252269472673
ESE;174;37876;14.571428571428571;9.025361092895002
ESE;174;37877;4.0;2.345207879911715
ESE;174;37966;9.0;5.809475019311125
ESE;174;37973;14.857142857142858;11.56842994656455
ESE;174;38054;5.2;4.08656334834051
ESE;174;38055;4.0;2.390457218668787
ESE;174;38057;6.461538461538462;2.536907060949895
ESE;174;38059;2.6470588235294117;1.3666188418222287
ESE;174;38061;3.8823529411764706;1.9647631199834394
ESE;174;91308;10.666666666666666;7.2892615080907435
ESE;174;91513;3.0;2.1213203435596424
ESE;188;37989;287.25;112.07538224047164
ESE;188;37991;529.8333333333334;206.17946312495033
ESE;188;37992;245.875;103.65591595776614
ESE;188;37993;191.25;84.95945324478126
ESE;188;37994;178.625;82.95195702280353
ESE;188;37995;190.5;74.76339490279521
ESE;188;37996;316.1666666666667;143.87847126222053
ESE;188;37997;258.5833333333333;110.025655769626
ESE;188;37998;360.5;135.34207867795425
ESE;188;37999;161.08333333333334;78.76266863822285
ESE;188;38000;162.0;92.65222491990518
ESE;188;90977;-3.0;
ESE;188;90978;-1.5;0.7071067811865476
ESE;188;90979;1.1666666666666667;3.5449494589721118
ESE;188;90980;0.8;2.3874672772626644
ESE;188;90981;1.3333333333333333;5.354126134736337
ESE;188;90982;-1.0;4.242640687119285
ESE;188;90983;-1.0;
ESE;188;90984;2.0;1.4142135623730951
ESE;188;90985;0.0;1.7320508075688772
ESE;188;90986;1.5;2.516611478423583
ESS;2;4700;12.9;10.418466511173534
ESS;4;3097;0.0;
ESS;4;22249;-2.3333333333333335;4.926120853842978
ESS;4;90462;748.5416666666666;290.212063268684
ESS;4;90463;155.75;93.92978413594959
ESS;4;90581;150.29166666666666;1152.9537672832998
ESS;4;90638;302.9166666666667;249.36701024213573
ESS;4;91870;10.761904761904763;20.83243807600244
ESS;10;2987;-20.0;
ESS;10;22255;-13.712666666666667;113.16306114040334
ESS;10;90010;9.125;12.27718072957577
ESS;10;90255;378.2857142857143;515.7989215503726
ESS;10;90256;14327.553333333335;5002.977898918471
ESS;10;90300;33.18958333333334;33.024542847004305
ESS;11;7;-0.5;
ESS;11;2933;1.5;1.4142135623730951
ESS;11;2935;0.0;11.564943579628912
ESS;11;90002;0.0;0.0
ESS;11;90258;104.51086956521739;168.13788137643144
ESS;11;90259;-0.6666666666666666;1.1547005383792517
ESS;11;90260;54.936;201.33170720409217
ESS;11;90261;6.399999999999995;474.8898066920367
ESS;11;90262;5897.7283333333335;2356.995940760679
ESS;11;90263;1595.8658333333333;2935.9304027601625
ESS;11;90264;3294.398333333333;4136.603386269072
ESS;11;90265;3232.4308695652176;7291.464158242538
ESS;11;90266;32863.715416666666;9521.480475968641
ESS;11;90267;133.588;557.4105934313357
ESS;11;90268;11716.185833333335;7685.536215066822
ESS;11;90270;3.0;
ESS;11;90272;330.23125;515.7392346686747
ESS;11;90273;37.81928571428572;45.22787065589021
ESS;11;90274;23951.361666666668;11297.280842344193
ESS;11;90282;167.94625;212.1266512336132
ESS;11;90284;691.9350000000001;874.1235783144266
ESS;11;90285;171.23833333333334;271.08147037322584
ESS;11;90286;11321.612916666667;4626.760788199619
ESS;11;90287;9.375;64.45582651264796
ESS;11;90288;5883.03625;2800.3606242050987
ESS;11;90289;5981.41875;3537.3398749801327
ESS;11;90290;2449.98625;1775.2432520344985
ESS;11;90291;1810.87625;2497.7815276096376
ESS;11;90292;2219.0821052631577;3372.566259051899
ESS;11;90293;1057.5082608695652;1764.1401235978242
ESS;11;90296;881.25;1197.8061543226988
ESS;11;90297;28.0;
ESS;11;90391;55.73541666666667;59.27205155443004
ESS;11;90392;13.24333333333333;125.20278888638039
ESS;11;90560;246.94875000000002;213.42995900931385
ESS;11;90563;249.0;578.0871906555273
ESS;12;29;0.0;86.03743371347149
ESS;12;54;0.0;139.86572131869912
ESS;12;447;0.5;0.7071067811865476
ESS;12;3075;6.546666666666667;15.266904760048154
ESS;12;4652;9.0;
ESS;12;90294;110.9095652173913;623.591398713775
ESS;12;90945;3.0500000000000003;43.857351808930595
ESS;12;91214;93.88958333333333;524.7007462103821
ESS;12;91215;166.66666666666666;665.8328118479393
ESS;12;91216;10.25;245.8053091371299
ESS;12;91217;47.5;127.96483892069728
ESS;12;91218;405.0;
ESS;12;91220;405.0;
ESS;12;91223;100.0;253.03853461478946
ESS;12;91225;275.0;388.90872965260115
ESS;12;91337;170.0;
ESS;12;91374;65.0;
ESS;12;91462;0.0;36.062445840513924
ESS;12;91882;11.4;25.4911749434976
ESS;12;92066;82.54583333333333;226.29211590555795
ESS;12;92076;240.0;
ESS;12;92083;0.0;300.09611793557076
ESS;12;92090;1.5499999999999987;142.57182181272708
ESS;12;92097;43.72222222222222;99.03759106745503
ESS;12;92221;-37.5;9.333809511662428
ESS;15;157;-0.3333333333333333;4.041451884327381
ESS;15;159;4.0;2.8284271247461903
ESS;15;174;-7.0;14.0
ESS;15;178;17.647058823529413;67.16578479448316
ESS;15;185;1.5;0.7071067811865476
ESS;15;2898;0.0;2.0
ESS;15;2900;-4.0;25.942243542145693
ESS;15;2902;0.0;20.0
ESS;15;2905;4.0;2.0
ESS;15;2907;4.0;
ESS;15;2914;-1.0;24.041630560342615
ESS;15;2915;-3.8;12.853015210447703
ESS;15;2917;0.0;1.4142135623730951
ESS;15;2939;-0.125;1.5526475085202969
ESS;15;3057;0.3333333333333333;3.0550504633038935
ESS;15;3059;-0.6;1.3416407864998738
ESS;15;3352;0.0;
ESS;15;3424;0.0;42.42640687119285
ESS;15;3838;-4.285714285714286;11.338934190276817
ESS;15;4145;2.4545454545454546;11.835232455373543
ESS;15;4629;0.3333333333333333;11.015141094572204
ESS;15;37900;0.0;
ESS;15;37901;0.0;
ESS;15;38073;26.916666666666668;29.561897724967675
ESS;15;90113;0.0;0.0
ESS;15;90114;76.75;93.19929557487103
ESS;15;90333;14.695652173913043;21.62581534481563
ESS;15;90334;358.8333333333333;91.53078202425135
ESS;15;90335;113.70833333333333;65.5183208142489
ESS;15;90336;450.875;129.55754554905576
ESS;15;90337;298.5;168.67308230909927
ESS;15;90338;391.1666666666667;249.77566746577023
ESS;15;90339;22.73913043478261;22.332645064414617
ESS;15;90342;1.0;
ESS;15;90345;620.5416666666666;171.33490701640116
ESS;15;90346;55.208333333333336;47.82666089905947
ESS;15;90347;12.041666666666666;12.379784245737664
ESS;15;90348;70.83333333333333;61.46803104524912
ESS;15;90349;2.1818181818181817;14.19731088494002
ESS;15;90352;39.91304347826087;50.214008407178625
ESS;15;90353;9688.458333333334;3337.357493836503
ESS;15;90354;19.666666666666668;16.620327737973373
ESS;15;90355;28.08695652173913;41.073009323175484
ESS;15;90356;2091.375;686.084214155262
ESS;15;90357;294.5416666666667;120.47802583934104
ESS;15;90428;36.69565217391305;50.827189200813926
ESS;15;90429;93.25;83.86078007497072
ESS;15;90430;45.958333333333336;93.95256859143095
ESS;15;90431;47.333333333333336;48.703777789967106
ESS;15;90432;33.0;63.06057693707189
ESS;15;90433;9.285714285714286;20.433166316415225
ESS;15;90434;68.5;104.88088481701514
ESS;15;90435;76.0;95.60562108269939
ESS;15;90436;12.25;66.12192295791293
ESS;15;90437;13.043478260869565;36.05611568459461
ESS;15;90438;16.545454545454547;46.10931862508124
ESS;15;90439;6.521739130434782;17.495115072025083
ESS;15;90460;777.3333333333334;169.93826671104307
ESS;15;90461;6.0;
ESS;15;90464;26.125;81.96242606044727
ESS;15;90465;26.72222222222222;72.5394866550833
ESS;15;90466;150.375;96.76992548442347
ESS;15;90469;15.333333333333334;33.7728598227343
ESS;15;90471;3605.4583333333335;1265.1913750811416
ESS;15;90472;1973.6666666666667;815.5743064095154
ESS;15;90473;4096.708333333333;1806.4276656517095
ESS;15;90474;1432.0;480.42417851763855
ESS;15;90475;24.642857142857142;29.486912723749533
ESS;15;90476;271.5833333333333;136.9277552029812
ESS;15;90477;2898.9166666666665;1137.630868407509
ESS;15;90478;31.375;20.372215734009973
ESS;15;90479;2.5;2.1213203435596424
ESS;15;90486;181.08333333333334;175.04953750213153
ESS;15;90487;2401.2916666666665;1060.08283019963
ESS;15;90488;1862.0833333333333;892.9687621327677
ESS;15;90489;4.0;8.573214099741124
ESS;15;90490;397.3333333333333;403.33260270624925
ESS;15;90491;0.6666666666666666;0.5773502691896258
ESS;15;90495;0.0;5.656854249492381
ESS;15;90587;363.0833333333333;182.88031645020612
ESS;15;90588;345.4166666666667;349.4848278931951
ESS;15;90787;166.16666666666666;237.5448088927309
ESS;15;90788;23.59090909090909;37.47209640062868
ESS;15;90789;36.958333333333336;137.99321948265577
ESS;15;90790;611.2083333333334;276.07339590684256
ESS;15;90791;1385.9166666666667;834.8116640852317
ESS;15;90792;7.444444444444445;16.74149867179691
ESS;15;90793;75.0;156.46030195214541
ESS;15;90794;81.20833333333333;122.96729122065318
ESS;15;90795;12.3;98.22375101347889
ESS;15;90796;119.45833333333333;219.03781273058107
ESS;15;90797;1489.9583333333333;423.862824320062
ESS;15;90798;71.28571428571429;87.17347237384942
ESS;15;90799;59.083333333333336;57.73621926046729
ESS;15;90800;21.318181818181817;26.705423675344555
ESS;15;90806;-22.0;
ESS;15;90819;92.0;185.34832073693036
ESS;15;90821;56.791666666666664;48.54579117266203
ESS;15;90822;15.9;51.32753441841605
ESS;15;90824;9.8;60.293667294248024
ESS;15;90826;989.75;421.3654047828631
ESS;15;90828;17.142857142857142;51.7013401318435
ESS;15;90831;4.0;14.811313243598624
ESS;15;90832;-1.1875;15.642756577193591
ESS;15;90887;39.083333333333336;33.580424767060826
ESS;15;90888;113.29166666666667;76.94802264129856
ESS;15;90935;5.166666666666667;6.177917664283546
ESS;15;91209;12.4;164.52301426311828
ESS;15;91251;-7.0;
ESS;15;91845;0.0;
ESS;15;92173;78.0;
ESS;15;92175;543.1904761904761;432.56232141133364
ESS;15;92184;700.0;
ESS;15;92186;500.0;
ESS;15;92187;500.0;
ESS;15;92188;500.0;
ESS;15;92189;500.0;
ESS;15;92190;500.0;
ESS;15;92191;500.0;
ESS;15;92192;200.0;
ESS;15;92194;3.2222222222222223;24.050872010063262
ESS;15;92197;37.5;23.33452377915607
ESS;16;91746;0.0;0.0
ESS;16;91776;0.0;0.0
ESS;16;693608;0.0;27.712812921102035
ESS;16;693638;0.0;17.320508075688775
ESS;17;719701;11.5;12.020815280171307
ESS;17;721102;4.0;2.5819888974716108
ESS;17;721103;3.1538461538461537;2.409915415049314
ESS;17;721104;4.636363636363637;3.529099807960304
ESS;17;721105;4.0;2.951996902824546
ESS;17;721106;3.2857142857142856;1.889822365046136
ESS;17;721107;2.0;1.4142135623730951
ESS;17;721108;2.0;1.0
ESS;17;753402;2.0;
ESS;17;753404;2.0;
ESS;17;753406;2.0;
ESS;17;753415;2.0;
ESS;17;753416;1.6;1.1401754250991378
ESS;17;753417;1.6666666666666667;1.1547005383792517
ESS;17;753418;2.1666666666666665;0.4082482904638631
ESS;17;753419;3.0;2.0976176963403033
ESS;17;753420;2.3333333333333335;0.5773502691896257
ESS;17;753421;3.0;
ESS;17;753438;1.0;1.4142135623730951
ESS;17;753440;4.0;6.928203230275509
ESS;17;753442;1.6;0.5477225575051661
ESS;17;753444;2.25;1.5
ESS;17;753446;3.5;3.5355339059327378
ESS;17;753448;1.3333333333333333;0.5773502691896257
ESS;17;753452;3.0;
ESS;17;753508;8.0;
ESS;17;753509;3.5;0.7071067811865476
ESS;17;763834;2.0;
ESS;17;763838;10.0;
ESS;17;763840;2.0;
ESS;17;763846;5.0;
ESS;17;763848;2.0;
ESS;17;763940;3.0;
ESS;17;763944;1.0;
ESS;17;764034;4.0;
ESS;17;764036;4.0;5.41602560309064
ESS;17;764038;7.0;7.54983443527075
ESS;17;764040;5.0;5.0990195135927845
ESS;17;764042;8.333333333333334;8.504900548115383
ESS;17;764044;4.25;3.862210075418823
ESS;17;764046;4.666666666666667;3.785938897200183
ESS;17;764048;3.0;
ESS;17;764050;2.5;2.1213203435596424
ESS;17;764136;2.2;2.3874672772626644
ESS;17;764138;6.0;7.211102550927978
ESS;17;764140;3.75;3.5
ESS;17;764142;2.0;1.0
ESS;17;764144;4.0;4.242640687119285
ESS;17;764148;4.666666666666667;0.5773502691896257
ESS;17;764802;2.0;3.0
ESS;17;764803;2.5;0.7071067811865476
ESS;17;764804;3.0;
ESS;17;764807;2.0;
ESS;17;764901;5.0;
ESS;17;764902;1.8571428571428572;1.3451854182690985
ESS;17;764903;6.25;2.9860788111948193
ESS;17;764904;3.0;
ESS;17;764905;3.0;
ESS;17;764907;1.0;
ESS;17;765001;0.3333333333333333;2.0816659994661326
ESS;17;765002;3.4;4.168666186896928
ESS;17;765003;3.6666666666666665;2.839120649181021
ESS;17;765004;3.2222222222222223;1.5634719199411433
ESS;17;765005;3.5;1.9148542155126762
ESS;17;765006;3.5;2.1213203435596424
ESS;17;765101;5.0;0.0
ESS;17;765102;4.222222222222222;2.9486343354923554
ESS;17;765103;2.7;2.057506581601462
ESS;17;765104;4.25;1.2583057392117918
ESS;17;765105;2.3333333333333335;1.5275252316519465
ESS;17;765106;3.0;2.8284271247461903
ESS;17;778403;3.0;
ESS;17;778501;0.0;7.0710678118654755
ESS;17;778502;3.6666666666666665;1.5275252316519468
ESS;17;778503;3.3333333333333335;0.5773502691896258
ESS;17;778505;0.6666666666666666;3.2145502536643185
ESS;17;778509;2.0;
ESS;17;778510;4.0;
ESS;17;778840;0.0;
ESS;17;778841;0.0;
ESS;19;4651;2.111111111111111;3.855011168740126
ESS;21;91853;0.0;16.97056274847714
ESS;25;892793;180.55555555555554;121.07447203179446
ESS;26;375;-0.2222222222222222;0.44095855184409843
ESS;26;3077;15.61111111111111;38.02806840911203
ESS;26;50796;0.0;0.0
ESS;26;90414;58.166666666666664;42.54068811064928
ESS;26;90415;95.70833333333333;49.42141690881962
ESS;26;91235;92.625;61.04226084194172
ESS;26;91236;27.208333333333332;26.98949742056144
ESS;29;90171;0.0;
ESS;29;91087;6.0;
ESS;29;692110;3.0;
ESS;30;213;-3.0;5.612486080160912
ESS;30;248;-2.0;
ESS;30;312;-2.0;
ESS;30;2937;-2.25;6.652067347825035
ESS;30;2941;-1.0;
ESS;30;2954;0.0;0.0
ESS;30;2955;-3.0;7.937253933193772
ESS;30;2958;0.0;
ESS;30;2960;-5.75;12.5
ESS;30;2961;1.75;2.9860788111948198
ESS;30;2963;3.3333333333333335;8.381527307120106
ESS;30;2964;-2.25;5.909032633745278
ESS;30;2966;-0.3333333333333333;0.5773502691896258
ESS;30;2967;-4.0;
ESS;30;3011;-4.0;24.221202832779934
ESS;30;3013;-5.25;14.518461154189664
ESS;30;3015;-1.6666666666666667;5.686240703077327
ESS;30;3016;0.0;
ESS;30;3037;2.0;
ESS;30;3039;2.4;2.0736441353327724
ESS;30;3055;0.0;0.0
ESS;30;3056;-10.0;24.758836806279895
ESS;30;3081;34.0;48.08326112068523
ESS;30;3082;25.0;
ESS;30;3084;-2.0;23.209193580705612
ESS;30;3086;-6.0;
ESS;30;3087;-1.5;3.415650255319866
ESS;30;3089;0.0;
ESS;30;3096;1.875;1.5526475085202969
ESS;30;3694;-2.0;
ESS;30;3785;0.0;
ESS;30;3950;2.0;
ESS;30;4096;-3.0;11.338934190276817
ESS;30;4524;21.25;15.011900041538475
ESS;30;4632;-0.7333333333333333;1.3345232785352157
ESS;30;4765;0.0;0.0
ESS;30;22225;6.571428571428571;14.763210387730068
ESS;30;22229;2.0;
ESS;30;22230;27.5;10.677078252031311
ESS;30;90214;1.25;9.574271077563381
ESS;30;90215;18.125;25.993832880629338
ESS;30;90216;6.304347826086956;10.468284493514407
ESS;30;90217;39.791666666666664;66.92499316507195
ESS;30;90218;6.869565217391305;11.108163860324805
ESS;30;90219;34.541666666666664;30.377307272064936
ESS;30;90220;20.791666666666668;15.614873530141667
ESS;30;90221;6.217391304347826;14.896480736735132
ESS;30;90222;10.583333333333334;11.853880915279316
ESS;30;90223;2.4285714285714284;3.557687852685063
ESS;30;90224;4.857142857142857;14.708112435950829
ESS;30;90225;5.333333333333333;6.767355572841977
ESS;30;90226;3.8095238095238093;9.677908077777179
ESS;30;90227;3.4583333333333335;5.69499526026956
ESS;30;90228;1.7826086956521738;4.199096458429322
ESS;30;90229;2.2083333333333335;2.484371439474251
ESS;30;90230;2.95;7.119099588246284
ESS;30;90231;5.083333333333333;7.706105240068715
ESS;30;90232;6.375;9.563574463647948
ESS;30;90233;1.7222222222222223;1.9645551975404016
ESS;30;90234;2.1578947368421053;3.113825048513249
ESS;30;90235;2.5384615384615383;2.8756270219259603
ESS;30;90236;1.4545454545454546;3.0120968232656917
ESS;30;90237;1.8823529411764706;2.8697202159177575
ESS;30;90244;2.0;1.0
ESS;30;90247;-0.2;1.7888543819998317
ESS;30;90249;56.958333333333336;39.97877607220967
ESS;30;90250;5.285714285714286;5.649078501144051
ESS;30;90251;1837.5833333333333;493.01414713511247
ESS;30;90252;64.20833333333333;41.265818223115225
ESS;30;90280;773.1666666666666;289.80828245533314
ESS;30;90281;88.45833333333333;74.8418501657454
ESS;30;90358;38.88235294117647;65.30302668420238
ESS;30;90359;212.58333333333334;92.89447808115945
ESS;30;90360;2281.2083333333335;524.5019981034321
ESS;30;90361;108.45833333333333;140.16418297270454
ESS;30;90362;693.3333333333334;219.1514597689018
ESS;30;90363;1386.5833333333333;379.8371409211959
ESS;30;90364;1525.5;484.968488442918
ESS;30;90365;669.875;236.65372106867915
ESS;30;90366;84.25;36.873756427078035
ESS;30;90367;43.291666666666664;40.63782684906383
ESS;30;90368;22.5;14.989851639489732
ESS;30;90369;14.333333333333334;20.7063667307523
ESS;30;90370;6.277777777777778;7.583306399435039
ESS;30;90371;7.733333333333333;10.264130793807187
ESS;30;90372;654.4583333333334;396.80309202497375
ESS;30;90373;199.625;167.03626591382718
ESS;30;90374;71.95833333333333;61.865547880001465
ESS;30;90375;59.791666666666664;74.80931072409699
ESS;30;90376;9.208333333333334;8.324814486334459
ESS;30;90377;12.217391304347826;99.92313251228262
ESS;30;90378;12.25;32.92316483281484
ESS;30;90379;427.0;152.2632160323751
ESS;30;90380;704.125;141.53423690892356
ESS;30;90381;39.15;84.7772778644447
ESS;30;90382;92.375;54.68710403583359
ESS;30;90383;21.695652173913043;22.622263335461646
ESS;30;90384;10.263157894736842;27.53551667142952
ESS;30;90385;6.55;6.62908265464425
ESS;30;90386;3.588235294117647;16.39382057182451
ESS;30;90387;66.70833333333333;66.62450206464825
ESS;30;90388;1742.2083333333333;411.32172736897456
ESS;30;90389;10695.333333333334;3106.958636836753
ESS;30;90390;895.4583333333334;593.3735519059214
ESS;30;90393;823.4166666666666;184.34040267388755
ESS;30;90399;31.083333333333332;18.95972084427283
ESS;30;90409;877.9166666666666;319.6855678926413
ESS;30;90411;62.416666666666664;143.44091850462084
ESS;30;90416;1.6521739130434783;3.241894727304528
ESS;30;90417;7.1;7.615081988016316
ESS;30;90418;5.0;6.471657665635325
ESS;30;90419;3.9047619047619047;5.864339365220621
ESS;30;90421;1.4444444444444444;2.9202359113225387
ESS;30;90422;5.0;6.928203230275509
ESS;30;90423;69.04761904761905;38.381605217182084
ESS;30;90424;1.5;0.7071067811865476
ESS;30;90425;1.0;
ESS;30;90427;1.5;2.0670576365276494
ESS;30;90440;2399.125;458.06059144482464
ESS;30;90441;16.375;28.868235138296903
ESS;30;90442;147.25;64.40311226614143
ESS;30;90443;27.708333333333332;38.008556435608554
ESS;30;90444;2037.0;413.0863684825329
ESS;30;90445;24.916666666666668;15.542135342818655
ESS;30;90446;2805.5416666666665;690.5265148809444
ESS;30;90447;82.29166666666667;27.73081658382597
ESS;30;90448;2390.375;490.5682430477502
ESS;30;90513;3.4444444444444446;3.4681086744474685
ESS;30;90514;13.791666666666666;6.807790720399212
ESS;30;90515;79.83333333333333;27.52337609894648
ESS;30;90517;1.0;2.0
ESS;30;90518;9.75;8.891862425347366
ESS;30;90519;2.5238095238095237;11.093327037544
ESS;30;90521;2.2857142857142856;3.3022358947782497
ESS;30;90522;448.2083333333333;106.16434313658795
ESS;30;90523;0.25;45.90132697626309
ESS;30;90524;3.9;9.210406014251946
ESS;30;90525;53.375;28.262453968964305
ESS;30;90528;32.0;64.13007614736371
ESS;30;90530;2.611111111111111;2.8725657498007084
ESS;30;90532;2.0;1.2649110640673518
ESS;30;90535;7.333333333333333;8.115828156551041
ESS;30;90536;9.333333333333334;9.805351984311011
ESS;30;90542;218.33333333333334;99.96593622728246
ESS;30;90543;22.833333333333332;19.58852074372989
ESS;30;90544;37.125;20.560224368594724
ESS;30;90621;67.29166666666667;41.809588214507286
ESS;30;90622;7.583333333333333;9.631996798112038
ESS;30;90654;33.166666666666664;17.084614656790315
ESS;30;90656;13.291666666666666;6.695093379656391
ESS;30;90700;4.666666666666667;6.592925501373928
ESS;30;90801;4.466666666666667;7.689200837786039
ESS;30;90833;34.333333333333336;23.130380298508346
ESS;30;90870;0.0;4.242640687119285
ESS;30;90871;2.75;3.370036032024414
ESS;30;90873;1.0;1.7320508075688772
ESS;30;90875;1.3571428571428572;2.2397507710643874
ESS;30;90876;2.1333333333333333;2.5875158154566122
ESS;30;90877;0.75;2.0056737702645644
ESS;30;90878;1.8888888888888888;4.6512349895597165
ESS;30;90879;2.5;2.6798914496333954
ESS;30;90881;1.1666666666666667;2.2896340848319503
ESS;30;90883;1.3333333333333333;2.742956347412318
ESS;30;90884;1.8823529411764706;2.497057091387191
ESS;30;90885;0.6363636363636364;1.0269106361049412
ESS;30;90886;2.611111111111111;3.36310236483219
ESS;30;90890;7.0;
ESS;30;90893;134.41666666666666;94.48437490637949
ESS;30;90901;19.75;15.17234326002414
ESS;30;90902;4.0;3.018461712712472
ESS;30;90904;1.7272727272727273;3.466724941235145
ESS;30;90905;39.375;23.188718521441988
ESS;30;91301;8.333333333333334;61.50989080356643
ESS;30;92017;4.761904761904762;7.203504438152044
ESS;30;92131;1.0;
ESS;30;92132;5.111111111111111;8.55050355892044
ESS;30;92133;4.0;5.656854249492381
ESS;30;92135;3.0;1.4142135623730951
ESS;30;92136;4.0;
ESS;30;92137;2.6666666666666665;5.686240703077327
ESS;30;691584;51.72727272727273;63.984515172174135
ESS;33;38537;7695.294117647059;3520.342876849957
ESS;33;38568;2495.7894736842104;2390.635238196171
ESS;33;38588;1.0;
ESS;33;38645;64.75;41.76681298191983
ESS;33;38648;138.54545454545453;67.23892271053074
ESS;33;38649;5.0;0.0
ESS;33;80235;4650.0;3394.1125496954282
ESS;33;80236;76.0;
ESS;35;80008;5.0;
ESS;35;80010;5.0;
ESS;35;80112;52.0;
ESS;35;80120;20.0;18.847566666038595
ESS;35;80123;6.5;9.192388155425117
ESS;35;80130;4.333333333333333;2.8722813232690143
ESS;39;470;6.846153846153846;6.668909879010135
ESS;39;472;2.4285714285714284;2.439750182371333
ESS;39;474;2.411764705882353;1.0641207361838554
ESS;39;475;2.2142857142857144;1.5281246137553166
ESS;39;476;1.8571428571428572;1.027105182026191
ESS;39;477;2.357142857142857;1.499083969380217
ESS;39;4659;1.4285714285714286;0.5345224838248488
ESS;39;37746;2.8181818181818183;1.9908883353006925
ESS;41;208;-1.5714285714285714;4.928053803045811
ESS;41;2943;-39.0;55.154328932550705
ESS;41;2944;0.0;6.0
ESS;41;3104;0.0;0.0
ESS;41;90253;1579.0833333333333;475.8718238702762
ESS;41;90254;2.3333333333333335;9.872520785831076
ESS;41;90295;902.3333333333334;206.79367298930063
ESS;41;90580;209.41666666666666;162.0541822077249
ESS;41;90894;31.333333333333332;45.62163229580167
ESS;41;91234;0.3333333333333333;1.1547005383792517
ESS;41;91304;112.70833333333333;147.754343470819
ESS;47;91050;796.0;
ESS;52;37750;16.22222222222222;4.969350505291858
ESS;54;2994;0.0;1.1547005383792515
ESS;54;3005;1.9473684210526316;2.320768172886017
ESS;54;3018;-0.3333333333333333;12.013880860626733
ESS;54;3179;-1.0;
ESS;54;22759;1.0;
ESS;54;22797;1.0;
ESS;54;37673;-1.0;
ESS;54;37675;1.0;
ESS;54;90183;1.7;1.766981104093143
ESS;54;90184;0.7272727272727273;0.6466697906828632
ESS;54;90185;-1.0;
ESS;54;90186;2.3529411764705883;7.936790727921679
ESS;54;90187;0.5;1.0801234497346435
ESS;54;90188;1.0;0.0
ESS;54;90189;0.7;1.0593499054713802
ESS;54;90190;0.5;0.7071067811865476
ESS;54;90191;1.2;1.3038404810405297
ESS;54;90192;2.857142857142857;3.132015933791495
ESS;54;90193;27.875;12.2910801874332
ESS;54;90194;47.041666666666664;27.965007896774615
ESS;54;90195;19.625;11.705860665198585
ESS;54;90196;6.916666666666667;6.513642316851921
ESS;54;90197;3.357142857142857;5.429366627703638
ESS;54;90198;282.0833333333333;90.70924245448569
ESS;54;90199;103.5;33.11114353336285
ESS;54;90200;62.916666666666664;29.34934510293227
ESS;54;90201;9.791666666666666;7.247063373272783
ESS;54;90202;49.625;38.147098014875546
ESS;54;90203;149.79166666666666;53.604817407350275
ESS;54;90204;18.166666666666668;14.036185121094091
ESS;54;90205;4.041666666666667;3.917398944804272
ESS;54;90206;36.375;22.648183534034345
ESS;54;90401;4.714285714285714;4.869731585445518
ESS;54;90570;6.045454545454546;16.929763232747323
ESS;54;90571;8.5;17.0
ESS;54;90585;764.5416666666666;275.62340078079546
ESS;54;90662;5.523809523809524;14.278021738388857
ESS;54;90663;2.2857142857142856;1.6374732612530445
ESS;54;91408;0.0;1.0
ESS;54;91452;0.0;
ESS;55;224;-3.4;4.827007354458868
ESS;56;113;175.125;279.63770233145846
ESS;56;115;-3.0;11.109841197270617
ESS;56;118;0.75;1.2583057392117916
ESS;56;120;14.0;
ESS;56;121;2.727272727272727;10.907323089085468
ESS;56;195;2.0;
ESS;56;212;2.0;2.2360679774997894
ESS;56;2814;-2.4166666666666665;4.756972553924174
ESS;56;2815;-1.6;2.9514591494904874
ESS;56;2816;-0.75;5.123475382979799
ESS;56;2881;13.0;
ESS;56;2952;0.0;
ESS;56;3029;35.666666666666664;83.97290798443458
ESS;56;3249;749.2083333333334;348.5678748906691
ESS;56;3877;2.0;
ESS;56;3977;3.6666666666666665;6.429100507328636
ESS;56;4013;0.0;33.94112549695428
ESS;56;4107;10.5;48.79036790187178
ESS;56;4285;10.5;14.880476182856901
ESS;56;4628;1.0769230769230769;16.281183098194155
ESS;56;4853;-4.0;
ESS;56;22218;19.266666666666666;58.99330066888548
ESS;56;37628;6.125;17.195329244480515
ESS;56;90013;4.928571428571429;11.919371987291468
ESS;56;90301;5.1;35.812229607686874
ESS;56;90302;732.7083333333334;284.77305673216296
ESS;56;90303;1649.125;712.8668582622533
ESS;56;90304;159.20833333333334;247.4313219015956
ESS;56;90305;29.75;39.195441172356404
ESS;56;90306;1284.0833333333333;305.54241385880727
ESS;56;90307;152.70833333333334;80.09476950119324
ESS;56;90308;123.66666666666667;89.1016355028086
ESS;56;90309;23.347826086956523;29.552124513156528
ESS;56;90310;56.416666666666664;50.92527916438961
ESS;56;90314;-2.75;55.912408000559694
ESS;56;90315;3.25;8.5
ESS;56;90316;-7.0;
ESS;56;90318;516.6666666666666;201.12437568020843
ESS;56;90319;27.25;36.72488790050077
ESS;56;90320;115.70833333333333;139.51047308875874
ESS;56;90321;28.82608695652174;61.932993244101425
ESS;56;90322;31.333333333333332;43.70222028651421
ESS;56;90324;91.5;142.7021373350799
ESS;56;90326;1.0;
ESS;56;90328;0.0;
ESS;56;90329;11.285714285714286;32.53501917207784
ESS;56;90330;12.416666666666666;15.599873736862763
ESS;56;90331;17.842105263157894;31.35329711156519
ESS;56;90332;-37.0;
ESS;56;90526;5.0;
ESS;56;90527;6.041666666666667;8.400202723571702
ESS;56;90584;348.4166666666667;188.07073522819908
ESS;56;90683;481.25;156.4050621887312
ESS;56;90685;332.2916666666667;297.91368448897595
ESS;56;90686;7.277777777777778;8.223392426884173
ESS;56;90688;247.875;115.65891100841375
ESS;56;90689;2.1333333333333333;6.631813656983463
ESS;56;90690;218.625;145.96271486388153
ESS;56;90693;194.33333333333334;111.52643151978025
ESS;56;90694;30.0;
ESS;56;90695;102.20833333333333;89.18519040965151
ESS;56;90696;19.0;26.585131761366743
ESS;56;90698;75.0;66.46803743153546
ESS;56;90723;0.0;46.91126375047539
ESS;56;90724;0.0;21.432063207571346
ESS;56;90747;3.0;0.0
ESS;56;90748;18.833333333333332;23.597469773476664
ESS;56;90952;7.388888888888889;6.687467549246294
ESS;56;90954;215.36363636363637;150.7086579035842
ESS;56;91247;2.5833333333333335;1.9752253419585197
ESS;56;91248;2.2857142857142856;2.0586634591635513
ESS;56;91278;1.25;2.866057521105554
ESS;56;91874;1.0;
ESS;56;92248;9.0;
ESS;56;92268;-18.0;
ESS;58;2945;0.0;1.4142135623730951
ESS;58;2946;0.0;6.0
ESS;58;32276;-6.0;
ESS;58;90275;839.3333333333334;276.66581106904545
ESS;58;90276;109.5;94.18252399509666
ESS;58;90277;2200.7916666666665;434.59966377532226
ESS;58;90279;228.83333333333334;173.3407467756893
ESS;58;91302;70.0;73.463596427074
ESS;63;3168;0.0;1.4142135623730951
ESS;63;3231;-1.0;1.7320508075688772
ESS;63;3409;3.2857142857142856;2.690370836538197
ESS;63;4549;83.9375;139.32287141743814
ESS;63;32605;-3.0;
ESS;63;90298;126.20833333333333;188.42620033056576
ESS;63;90299;5.0625;8.473242197254445
ESS;63;90511;26.25;39.2940420309547
ESS;63;90512;2.3333333333333335;0.5773502691896258
ESS;63;90547;501.875;105.04297774679202
ESS;63;90548;5.782608695652174;4.461517492952477
ESS;63;90549;3.7083333333333335;5.376916577747694
ESS;63;90550;0.5333333333333333;2.1668498091095505
ESS;66;1048;-19.0;
ESS;69;3762;1.0;
ESS;69;6099;8.0;
ESS;69;6340;10.0;
ESS;69;6341;4.0;2.5495097567963922
ESS;69;6342;3.0;1.4142135623730951
ESS;69;6443;2.0;
ESS;69;35832;2.0;
ESS;69;35893;21.571428571428573;13.98774974244045
ESS;69;35896;3.85;67.29454110964645
ESS;69;37601;9.0;7.718252948137199
ESS;69;37747;66.58333333333333;40.3602437475583
ESS;69;37752;3.0;1.4142135623730951
ESS;69;37759;58.11764705882353;45.11496751763927
ESS;69;37760;76.70588235294117;58.989156530970114
ESS;69;37761;24.3125;27.918258661074596
ESS;69;37769;1.2;5.403702434442518
ESS;69;37801;4.666666666666667;2.309401076758503
ESS;69;37802;2.0;
ESS;69;37803;4.0;
ESS;69;37849;3.0;2.6457513110645907
ESS;69;37860;13.80952380952381;13.170493717469546
ESS;69;37889;15.5;13.457340004622013
ESS;69;37890;14.526315789473685;11.047213932594708
ESS;69;37902;7.818181818181818;10.332649048701711
ESS;69;37903;11.857142857142858;13.70489605302338
ESS;69;37905;50.458333333333336;37.580035364153325
ESS;69;37906;77.45833333333333;57.531827990113946
ESS;69;37908;2.5;7.12039324756716
ESS;69;38042;7.619047619047619;5.554063291646851
ESS;69;38044;13.608695652173912;11.880997549313712
ESS;69;38045;12.19047619047619;11.23663226958615
ESS;69;38048;5.285714285714286;6.443158054423755
ESS;69;38050;5.0;3.958114029012639
ESS;69;80014;4.0;4.242640687119285
ESS;69;80016;11.347826086956522;6.8663123333626865
ESS;69;80017;11.0;10.03327796219494
ESS;69;80018;8.476190476190476;4.812681660145906
ESS;69;80020;8.0;
ESS;69;80023;2.4;1.1401754250991378
ESS;69;80025;7.666666666666667;4.886957431897322
ESS;69;80026;3.0;
ESS;69;80027;8.277777777777779;8.013265146034643
ESS;69;80028;2.0;
ESS;69;80029;3.0;1.4142135623730951
ESS;69;80031;5.0;
ESS;69;80032;2.5;0.7071067811865476
ESS;69;80034;4.166666666666667;2.316606713852541
ESS;69;80036;4.428571428571429;3.8668308667927223
ESS;69;80037;3.3333333333333335;1.5275252316519468
ESS;69;80038;5.0;
ESS;69;80040;4.5;0.7071067811865476
ESS;69;80055;25.875;19.751307056364208
ESS;69;80062;7.0;0.0
ESS;69;80188;6.5;4.949747468305833
ESS;69;411551;5.5;6.363961030678928
ESS;69;491580;9.866666666666667;7.17999867356401
ESS;69;491603;2.8947368421052633;1.6962290477574486
ESS;69;491604;8.782608695652174;61.179286840726746
ESS;69;491675;5.8;4.324349662087931
ESS;69;491695;0.0;
ESS;69;491704;112.25;92.73117829819391
ESS;69;491711;29.428571428571427;31.32342801893086
ESS;69;491712;22.444444444444443;27.127633452478417
ESS;69;492012;0.0;0.0
ESS;70;377;297.0;
ESS;70;4303;2724.5;2566.090508925981
ESS;70;37926;1518.7777777777778;2540.15500401933
ESS;70;37927;7573.391304347826;10035.637103203448
ESS;70;37928;8429.25;12092.257016821532
ESS;70;37929;2078.4375;2350.1998771381127
ESS;70;38070;36.111111111111114;48.753062581863624
ESS;71;2956;-2.25;5.377421934967226
ESS;71;90207;558.4166666666666;157.4097164744912
ESS;71;90208;3.0;
ESS;71;90209;234.20833333333334;44.27284884585062
ESS;71;90210;436.6666666666667;95.11076685115356
ESS;71;90212;18.666666666666668;8.800526993442997
ESS;71;90583;-4.0;
ESS;75;317;-1.0;
ESS;75;322;0.0;
ESS;75;324;0.3333333333333333;1.1547005383792517
ESS;75;331;1.0;
ESS;75;336;0.8333333333333334;0.752772652709081
ESS;75;3042;1.1666666666666667;0.408248290463863
ESS;75;3050;3.0;
ESS;75;3052;-1.0;
ESS;75;4633;0.8;1.0954451150103321
ESS;75;4634;0.6666666666666666;0.7071067811865476
ESS;75;4635;1.5833333333333333;1.3113721705515067
ESS;75;4790;0.0;1.4142135623730951
ESS;75;5097;1.0;
ESS;75;5378;0.5;0.7071067811865476
ESS;75;32970;-4.0;
ESS;75;90028;1.4;1.5165750888103102
ESS;75;90029;0.25;0.9574271077563381
ESS;75;90030;1.2666666666666666;0.7988086367179803
ESS;75;90032;2.0;
ESS;75;90033;1.0;0.7071067811865476
ESS;75;90034;2.6470588235294117;2.6912166502947192
ESS;75;90035;2.2;2.756809750418044
ESS;75;90048;7.217391304347826;6.473417825223469
ESS;75;90049;2.15;2.007223796297028
ESS;75;90050;8.625;5.663095635243417
ESS;75;90052;0.0;
ESS;75;90053;9.0;3.5929223355217283
ESS;75;90054;8.833333333333334;4.659414655032993
ESS;75;90055;12.75;5.1604684654214
ESS;75;90064;3.6;5.146735750831676
ESS;75;90065;1.875;1.0878112581387147
ESS;75;90066;2.3333333333333335;1.632993161855452
ESS;75;90078;2.5;2.1213203435596424
ESS;75;90079;1.0;
ESS;75;90080;1.0;0.0
ESS;75;90081;1.6666666666666667;0.5773502691896258
ESS;75;90082;1.0;0.0
ESS;75;90083;1.0;0.5345224838248488
ESS;75;90090;1.9166666666666667;1.729862492345632
ESS;75;90091;1.0;1.0954451150103321
ESS;75;90092;0.0;1.4142135623730951
ESS;75;90094;7.190476190476191;16.363431937155017
ESS;75;90095;9.347826086956522;7.565524049938487
ESS;75;90096;4.1;6.3237230872493555
ESS;75;91481;4.909090909090909;4.739992876316638
ESS;75;91482;9.208333333333334;7.873892836824558
ESS;75;91483;2.142857142857143;2.9544155815611703
ESS;75;91484;19.125;6.726408047196611
ESS;75;91485;16.458333333333332;6.467169037710306
ESS;75;91486;29.958333333333332;21.279668121526676
ESS;75;91487;13.083333333333334;8.34535364956045
ESS;75;91488;2.727272727272727;2.6935870610416983
ESS;75;91489;1.0;
ESS;75;91490;1.5;1.0190493307301363
ESS;75;91491;17.375;6.552878557649633
ESS;75;91635;1.5;0.7071067811865476
ESS;75;91725;17.666666666666668;10.614455552060438
ESS;75;91726;3.5;2.4289915602982237
ESS;75;91727;6.0;6.733003292241386
ESS;75;91728;15.0;
ESS;75;91729;4.285714285714286;4.644505202002531
ESS;75;91730;32.0;23.627314701421323
ESS;75;91731;7.666666666666667;6.282250127674532
ESS;75;91732;3.0;
ESS;75;91734;1.5;0.7071067811865476
ESS;77;3068;-3.0;
ESS;77;3069;7.0;
ESS;77;90497;30.6;87.21385866281312
ESS;77;90498;837.4583333333334;364.6154590400885
ESS;77;90499;683.625;278.69569075154044
ESS;77;90500;703.1666666666666;268.37476500735613
ESS;77;90501;560.5;243.0534026129631
ESS;77;90502;2.0;7.118052168020874
ESS;77;90503;-3.8;16.410797839053583
ESS;77;90504;9.041666666666666;45.70555971001556
ESS;77;90505;23.666666666666668;56.514304973755685
ESS;77;90506;1.6363636363636365;9.250716597959187
ESS;77;90507;11.4;99.10946329329866
ESS;77;90508;12.578947368421053;46.58840555507069
ESS;77;90509;15.1;53.311300273413934
ESS;77;90510;65.56521739130434;102.81219687414017
ESS;77;90639;1524.25;768.678156770213
ESS;77;90640;13.227272727272727;25.68477744127428
ESS;77;90641;860.375;506.03254857508057
ESS;77;90642;29.291666666666668;37.94329770301614
ESS;77;90643;643.0833333333334;348.0610786812476
ESS;77;90644;-1.2777777777777777;28.285946532542095
ESS;77;90645;312.7083333333333;194.23327059439922
ESS;77;91259;6.0;
ESS;77;92040;200.0;
ESS;77;92049;100.0;
ESS;77;92050;200.0;
ESS;77;92051;200.0;
ESS;77;92052;200.0;
ESS;77;92053;100.0;
ESS;77;92054;100.0;
ESS;83;2942;6.0;8.73212459828649
ESS;83;3788;4.9;15.066150433633966
ESS;83;4479;0.0;1.7888543819998317
ESS;83;90395;1068.1666666666667;513.1639848647982
ESS;83;90406;59.73913043478261;80.515508043936
ESS;83;90407;22.25;76.99247306776753
ESS;83;90412;20.041666666666668;21.008236824939726
ESS;83;90413;1.7857142857142858;3.166618468883254
ESS;83;90449;643.4583333333334;215.68112113602515
ESS;83;90450;16.789473684210527;20.914054145925736
ESS;83;90451;257.6666666666667;150.44128326408588
ESS;83;90452;6.0;
ESS;83;90455;38.588235294117645;43.51588621344137
ESS;83;90456;40.4;54.663949440385785
ESS;83;90457;27.666666666666668;24.151094433148167
ESS;83;90458;131.95833333333334;80.98227351209896
ESS;83;90537;306.125;418.3260962766809
ESS;83;90538;821.25;353.8797695607193
ESS;83;90539;86.75;108.60068460029234
ESS;83;90540;24.083333333333332;20.472498343040527
ESS;83;90541;1.4;3.330876287421264
ESS;83;90567;1119.7916666666667;377.1867233551074
ESS;83;90568;91.45833333333333;113.03326911815047
ESS;83;90586;696.1666666666666;238.25665129027976
ESS;83;90802;448.2083333333333;270.7464687901189
ESS;83;90803;169.5;195.6956376843788
ESS;83;90969;15.5625;24.423946582537944
ESS;83;90970;-34.5;65.42425645991962
ESS;83;90971;3.0;
ESS;83;91058;10.0625;8.2257218528224
ESS;83;91069;2.533333333333333;13.67409786351379
ESS;83;91071;46.5;33.88471503559501
ESS;83;91077;47.68181818181818;47.02622000507131
ESS;85;3799;7.5;7.968688725254614
ESS;85;4631;8.25;8.098353742170895
ESS;87;80067;1.0;0.0
ESS;87;80068;2.4;1.6733200530681511
ESS;87;80069;2.5714285714285716;2.14919697074224
ESS;87;80070;3.0;2.138089935299395
ESS;87;80071;2.4;1.646545204697129
ESS;87;80072;1.4444444444444444;0.5270462766947299
ESS;87;80073;1.0;0.0
ESS;87;80078;2.3333333333333335;1.5275252316519465
ESS;87;80079;1.875;2.4748737341529163
ESS;87;80080;1.6666666666666667;1.3284223283101428
ESS;87;80081;3.619047619047619;2.9744947550162273
ESS;87;80082;6.739130434782608;4.01381015205738
ESS;87;80083;11.75;11.957351749846838
ESS;87;80084;11.75;6.271051503258584
ESS;87;80085;11.75;4.69273258671691
ESS;87;80086;6.476190476190476;4.226334672254998
ESS;87;80087;3.7222222222222223;3.675123936374448
ESS;87;80088;1.1666666666666667;0.5773502691896257
ESS;87;80089;4.0;
ESS;87;80091;2.6666666666666665;1.1547005383792515
ESS;87;80092;1.6666666666666667;1.0
ESS;87;80093;4.380952380952381;3.63972788098493
ESS;87;80094;12.73913043478261;6.614154184256859
ESS;87;80095;24.82608695652174;13.012763573133752
ESS;87;80096;26.043478260869566;15.313328302998503
ESS;87;80097;24.869565217391305;13.971738838312426
ESS;87;80098;15.130434782608695;9.33860193851349
ESS;87;80099;7.142857142857143;4.672105673951674
ESS;87;80100;3.2857142857142856;3.1483468538405854
ESS;88;3499;36.11764705882353;36.42952503283082
ESS;88;6913;95.71428571428571;147.77315304853164
ESS;88;6914;76.22222222222223;705.7968842592501
ESS;88;6915;119.33333333333333;668.4195582733595
ESS;88;6916;75.0;473.25493689354965
ESS;88;6917;66.55555555555556;253.7289480626271
ESS;88;6918;74.44444444444444;255.37520774739696
ESS;88;6919;91.5;289.38702966991536
ESS;88;6920;62.55555555555556;208.33830582301132
ESS;88;6921;92.11111111111111;1083.7589209288249
ESS;88;6922;37.35294117647059;146.732299263178
ESS;88;6923;29.0;82.79492738084863
ESS;88;6924;44.76470588235294;177.5410267416255
ESS;88;6925;84.05555555555556;120.83409736066771
ESS;88;6926;40.0;73.48469228349533
ESS;88;6928;30.875;72.75335043831315
ESS;88;6932;35.0;94.33981132056603
ESS;88;6936;19.866666666666667;75.53510694340997
ESS;88;6937;52.5;82.9933732294332
ESS;88;6939;50.0;82.94576541331088
ESS;88;6940;33.833333333333336;75.02110814075374
ESS;88;6941;50.833333333333336;94.2558574660836
ESS;88;6942;40.0;73.48469228349533
ESS;88;6943;20.0;106.58330075579383
ESS;88;6948;25.142857142857142;28.186454024516642
ESS;88;37602;14.952380952380953;10.542657115149815
ESS;88;37729;111.66666666666667;81.43943118895756
ESS;88;38488;24.5;41.04716269387436
ESS;88;38489;3.0;0.0
ESS;88;38490;25.541666666666668;53.238576375526364
ESS;88;38491;3.0;0.0
ESS;88;38492;3.0;0.0
ESS;88;38493;25.166666666666668;42.29879910585053
ESS;88;38651;71.55555555555556;61.51648378912581
ESS;88;38653;6.111111111111111;3.100179206289712
ESS;88;38654;2.8333333333333335;3.125166662222459
ESS;88;38655;6.222222222222222;3.7006005518624194
ESS;88;38656;7.75;3.654742515847438
ESS;88;38657;1.1428571428571428;0.3779644730092272
ESS;88;38658;1.8571428571428572;1.864454471471609
ESS;88;38659;9.88888888888889;5.206833117271103
ESS;88;38660;1.6666666666666667;1.632993161855452
ESS;88;38661;5.625;2.9730936268953445
ESS;88;38662;1.0;0.0
ESS;88;38663;3.1666666666666665;3.868677637987775
ESS;88;80013;83.52173913043478;70.51361542620197
ESS;88;80234;4.0;
ESS;88;90976;140.41666666666666;88.76050662446605
ESS;88;491600;12.285714285714286;6.799859942535231
ESS;89;37943;2.3333333333333335;1.5275252316519468
ESS;89;80042;7.65;5.769931131578426
ESS;89;80043;3.0;2.309401076758503
ESS;89;80053;3.0;1.5811388300841898
ESS;95;464;1.4166666666666667;20.33612477869107
ESS;95;968;-2.0;
ESS;95;2600;2.0;
ESS;95;20184;0.6666666666666666;2.0816659994661326
ESS;95;22231;0.0;1.4142135623730951
ESS;95;90404;1432.375;628.8173725681236
ESS;95;90573;2.5454545454545454;6.731074157024219
ESS;95;90574;2.3529411764705883;3.7739431711173834
ESS;95;90577;-0.3333333333333333;3.0550504633038935
ESS;95;90582;2.0;
ESS;95;91022;1.0;
ESS;95;91023;0.0;1.4142135623730951
ESS;95;92029;3.1666666666666665;2.786873995477131
ESS;95;92030;2.0;
ESS;101;116501;-1.0;
ESS;110;71;47.19333333333334;112.09986306860505
ESS;110;22248;738.54;487.46484053367556
ESS;110;90257;35.0;77.01035644638972
ESS;110;90835;44.745000000000005;31.20668891973856
ESS;110;92023;27.0;45.58508528016593
ESS;110;92025;1341.818;474.2380592803576
ESS;116;92308;1.0;
ESS;116;92309;7.0;
ESS;116;92313;30.0;
ESS;116;92316;3.0;
ESS;116;92327;10.0;5.656854249492381
ESS;116;92346;15.0;7.0710678118654755
ESS;116;92349;6.0;
ESS;117;37944;11.23076923076923;7.084652969080962
ESS;117;37945;15.4375;11.552597110606774
ESS;117;37946;9.6875;7.578203393065316
ESS;117;37947;9.0;7.280109889280519
ESS;117;37948;7.0;6.041522986797286
ESS;117;38538;1.3333333333333333;0.5773502691896257
ESS;117;38539;3.25;1.4880476182856899
ESS;117;38540;4.125;4.454131308603925
ESS;117;38541;4.909090909090909;3.448319748937023
ESS;117;38542;4.666666666666667;3.968626966596886
ESS;117;38563;11.05;7.830271891495011
ESS;117;38564;36.13636363636363;26.852853806918876
ESS;117;38565;37.30434782608695;21.992632614765864
ESS;117;38566;19.136363636363637;10.356941332566954
ESS;117;320527;82.20833333333333;45.83996658192373
ESS;117;710302;27.130434782608695;19.58734365912217
ESS;117;710303;63.166666666666664;32.19730837611533
ESS;117;710304;63.041666666666664;42.066695663647884
ESS;117;710305;21.304347826086957;9.5605000944164
ESS;117;710306;4.222222222222222;2.3333333333333335
ESS;117;710307;4.444444444444445;3.811532208676424
ESS;117;710402;34.625;17.26975869018995
ESS;117;710403;81.45833333333333;41.34371217285507
ESS;117;710404;84.875;45.3194578616025
ESS;117;710405;25.708333333333332;10.481781987009098
ESS;117;710406;3.625;2.559994419636775
ESS;117;710407;3.2857142857142856;1.9760470401187074
ESS;117;720902;1.6666666666666667;0.5773502691896257
ESS;117;720903;2.4444444444444446;3.4681086744474685
ESS;117;720904;2.1666666666666665;2.5625508125043424
ESS;117;720905;1.0;
ESS;117;720906;5.0;
ESS;117;721036;5.0;2.1908902300206643
ESS;117;721038;5.0;3.895698985834929
ESS;117;721040;10.80952380952381;7.054211845550483
ESS;117;721042;14.75;9.45279128923805
ESS;117;721044;13.090909090909092;9.01801947905832
ESS;117;721046;16.714285714285715;7.836726721934721
ESS;117;721048;13.0;7.0992957397195395
ESS;117;721050;6.111111111111111;4.185252664927297
ESS;117;721052;4.0;1.4142135623730951
ESS;117;721054;5.333333333333333;4.0
ESS;117;721058;2.4;1.140175425099138
ESS;117;729002;2.0;0.0
ESS;117;729003;3.5714285714285716;3.25868802112869
ESS;117;729004;2.0;2.345207879911715
ESS;117;729601;17.105263157894736;11.836359879822782
ESS;117;732800;48.0;28.026385083873464
ESS;117;739908;14.421052631578947;11.201764689714862
ESS;117;739909;21.823529411764707;16.71165496785719
ESS;117;739910;14.5625;8.31038506929733
ESS;117;739911;11.285714285714286;10.75194845618205
ESS;117;739912;9.090909090909092;7.751832627895747
ESS;117;778969;5.875;3.5228843701879122
ESS;122;3715;0.0;0.0
ESS;122;37678;-189.1;597.9867055378405
ESS;122;50945;0.0;0.0
ESS;122;50946;0.0;0.0
ESS;122;50947;89.08333333333333;106.30878595400519
ESS;122;50949;0.0;0.0
ESS;122;50951;0.0;
ESS;122;50956;0.0;0.0
ESS;122;50958;0.0;0.0
ESS;122;90843;53.708333333333336;80.08771233258362
ESS;122;90862;18.083333333333332;41.067194848852566
ESS;122;92143;32.875;93.74726082954892
ESS;122;92144;125.33333333333333;94.13851818496298
ESS;122;92150;21.416666666666668;39.87362282388508
ESS;122;92152;277.625;446.71708900454615
ESS;122;92160;20.666666666666668;19.925222527079168
ESS;122;92424;16.333333333333332;14.734362873071989
ESS;131;4639;11.6;16.029140130815918
ESS;131;4640;23.2;14.838073360535443
ESS;131;4644;7.75;5.123475382979799
ESS;131;6909;12.0;
ESS;131;37603;5.857142857142857;5.68205194324324
ESS;131;37786;7.666666666666667;4.163331998932265
ESS;131;38602;12.0;
ESS;131;80121;26.958333333333332;14.689479129684933
ESS;131;80125;13.05;9.659873596209053
ESS;131;80126;25.26086956521739;16.399050391865398
ESS;131;80127;27.952380952380953;22.91173540017471
ESS;131;80131;6.5;3.8977310954333024
ESS;131;80133;9.666666666666666;9.707486498452988
ESS;131;80137;13.714285714285714;6.591703076637286
ESS;131;80138;5.0;4.242640687119285
ESS;131;80143;25.055555555555557;24.80624262564999
ESS;131;80144;24.72222222222222;22.851967492989605
ESS;131;80145;2.0;
ESS;131;80146;1.0;0.0
ESS;131;80147;18.2;14.595498327517682
ESS;131;80148;13.3125;10.435316637904828
ESS;131;80149;17.90909090909091;18.61426627860763
ESS;131;80184;18.2;9.497368056467012
ESS;131;491608;20.416666666666668;11.38999052053912
ESS;147;292;136.0;91.06137442979585
ESS;147;3225;1.0;0.0
ESS;147;3631;688.4166666666666;461.4705150189815
ESS;147;37864;1.5;0.7071067811865476
ESS;147;37865;169.56521739130434;136.9305816453115
ESS;147;37866;56.208333333333336;57.645829568726526
ESS;147;37867;1.0;
ESS;147;37892;128.58333333333334;95.95330235007054
ESS;147;37907;1.0;0.0
ESS;147;42773;96.20833333333333;41.46342460181195
ESS;147;42774;49.625;21.73518986024437
ESS;147;42775;4.869565217391305;2.510058815429829
ESS;147;42780;543.4583333333334;249.53033782038133
ESS;147;42816;425.4166666666667;231.56629563769062
ESS;147;42829;270.25;119.90331249730379
ESS;147;42834;303.1666666666667;154.50866492281875
ESS;147;42839;1792.375;745.2284045847957
ESS;147;42840;6.368421052631579;4.692908672973031
ESS;149;37957;73.375;78.08513330640001
ESS;163;90545;33.291666666666664;22.229004097988867
ESS;163;90546;4.105263157894737;6.649099662043686
ESS;163;90551;163.04166666666666;53.40043898750245
ESS;163;90553;5.8;8.55693009388174
ESS;163;90554;4.333333333333333;3.7416573867739413
ESS;163;90556;1.0;1.7320508075688772
ESS;163;91316;3.375;3.3779748793788102
ESS;163;91495;0.0;4.242640687119285
ESS;174;91308;7.666666666666667;7.637626158259733
ESS;188;90977;77.33333333333333;149.08756302681778
ESS;188;90978;96.79166666666667;75.00143718429766
ESS;188;90979;66.45833333333333;65.75513150196402
ESS;188;90980;69.66666666666667;65.34701128634707
ESS;188;90981;57.125;89.84107344784383
ESS;188;90982;115.70833333333333;76.74207460378402
ESS;188;90983;64.08333333333333;49.95207848455894
ESS;188;90984;126.625;92.92905779468927
ESS;188;90985;56.0;49.29150204561678
ESS;188;90986;59.041666666666664;58.125411016156264
ESS;188;90987;54.5;55.41385794342344
ESS;188;90988;40.55;65.47275447808323
ESS;188;90989;16.1;8.723229725400177
ESS;188;90990;33.625;23.996036810454672
ESS;188;90991;6.086956521739131;6.666831355014581
ESS;188;90992;15.25;9.767960046921814
ESS;188;90993;4.0;5.310367218940702
ESS;188;90994;3.7;4.600915240757167
ESS;188;90995;4.684210526315789;4.819550827145471
ESS;188;90996;10.0;7.280109889280518
ESS;188;90997;5.333333333333333;5.0431471655438855
ESS;188;90998;12.5;9.86870327590338
ESS;188;90999;3.8947368421052633;3.5729654170373704
ESS;188;91000;2.6315789473684212;2.8521049987643523
ESS;188;91001;9.166666666666666;6.0553007081949835
ESS;188;91241;0.0;0.0
ETO;2;37754;3.0;1.8257418583505538
ETO;2;38022;17.5;9.440891630699333
ETO;4;3080;0.0;0.0
ETO;4;90462;4792.583333333333;1750.3040708916008
ETO;4;90463;207.625;158.43742764341025
ETO;4;90581;15.8;22.631835983852483
ETO;4;90638;11.533333333333333;28.947900655849853
ETO;4;90837;393.7616666666667;136.6472270409137
ETO;5;99100;18.833333333333332;26.57009027025872
ETO;10;3054;-1.8333333333333333;18.71162740116423
ETO;10;4518;23.201666666666668;49.50347156176693
ETO;10;22255;0.0;
ETO;10;90009;321.68545454545455;578.1773244942311
ETO;10;90010;6.199999999999999;9.35467797414748
ETO;10;90011;53.5;0.7071067811865476
ETO;10;90255;1124.0863636363638;4830.13895317185
ETO;10;90256;9808.34;5043.801568779852
ETO;10;90300;418.26458333333335;126.73124160923714
ETO;11;4;-7.99;
ETO;11;5;17.016666666666666;100.32982396311972
ETO;11;10;2.8;
ETO;11;13;14.312000000000001;45.72330231168473
ETO;11;2935;-1.157142857142857;3.0176465127961025
ETO;11;90002;0.0;0.0
ETO;11;90258;55.34791666666666;172.20670352500588
ETO;11;90259;33.07411764705882;54.774162939613184
ETO;11;90261;11618.275416666665;22272.853205209834
ETO;11;90262;20351.0475;10443.722044508368
ETO;11;90263;3017.629166666667;6093.4401204894575
ETO;11;90264;6049.072916666667;13035.43740798553
ETO;11;90266;14200.370416666667;6133.151393146621
ETO;11;90267;500.7747058823529;851.1275043296806
ETO;11;90268;15577.897083333335;16445.217159195025
ETO;11;90269;1.5833333333333333;10.237705116900274
ETO;11;90270;500.2142857142857;2156.421258209338
ETO;11;90272;31640.492083333334;10611.34417871331
ETO;11;90273;721.06625;289.8801645029935
ETO;11;90274;4404.98125;1980.1735467384462
ETO;11;90282;1886.6354166666667;1178.989130071141
ETO;11;90283;688.4570833333333;337.8776024652195
ETO;11;90284;1952.7420833333333;923.3760528153535
ETO;11;90285;5646.488333333334;1954.979690715519
ETO;11;90286;1694.0670833333334;1109.7420687258004
ETO;11;90287;1040.5958333333333;494.0145976008742
ETO;11;90288;10271.30875;4511.919837984049
ETO;11;90289;4548.04875;2481.4159769046178
ETO;11;90290;2855.96625;1492.240781861474
ETO;11;90291;2141.655416666667;2900.0449219368984
ETO;11;90292;264.2352941176471;2162.276978069408
ETO;11;90293;1781.5614285714287;6899.97164983893
ETO;11;90296;4337.208333333333;2354.01250373774
ETO;11;90297;105.78888888888889;103.98745336585726
ETO;11;90391;103.50708333333334;95.92344689926564
ETO;11;90392;35.1925;48.887917530150354
ETO;11;90560;283.62041666666664;290.75813433578696
ETO;11;91500;633.25;1247.143502836248
ETO;11;92047;21.714347826086957;32.441854255111274
ETO;11;690359;14.907500000000006;234.35283390292796
ETO;11;690851;49.09272727272728;151.42229288258113
ETO;12;20;-335.6666666666667;505.0646823262673
ETO;12;23;-15.0;
ETO;12;29;-15.0;
ETO;12;94;0.0;
ETO;12;353;0.0;
ETO;12;355;0.0;
ETO;12;358;-18.0;
ETO;12;3075;5.585714285714285;14.32453439781851
ETO;12;3098;19.38095238095238;49.08637916008492
ETO;12;3251;0.0;0.0
ETO;12;3275;98.0;138.59292911256333
ETO;12;3590;0.0;1.632993161855452
ETO;12;3778;-301.0;
ETO;12;4011;2.8916666666666666;10.663823533467776
ETO;12;4526;21.174285714285713;20.302626149624796
ETO;12;4625;6.15555555555555;320.01490965699986
ETO;12;22259;0.0;
ETO;12;22261;21.31578947368421;53.0655282871815
ETO;12;90294;24.441176470588236;131.10156873023837
ETO;12;90945;16.666666666666668;799.5213151213252
ETO;12;90967;2.0;2.8284271247461903
ETO;12;91217;2658.895;820.0478016077717
ETO;12;91221;-62.5;
ETO;12;91223;86.58695652173913;207.42417301126477
ETO;12;91226;0.0;
ETO;12;91227;79.7;147.03639005361904
ETO;12;91325;500.0;
ETO;12;91326;0.0;282.842712474619
ETO;12;91881;-3.525;22.09605922632661
ETO;12;92066;3.6666666666666665;2.0816659994661326
ETO;12;92068;150.4105263157895;117.27492340998869
ETO;12;92070;498.0;529.6725403492237
ETO;12;92097;51.12105263157895;90.01617495975911
ETO;12;92108;-1111.9285714285713;6020.420231490179
ETO;12;92109;167.0;116.04740410711477
ETO;12;92110;-766.2352941176471;5487.299193699618
ETO;12;92112;0.0;
ETO;12;92113;100.0;0.0
ETO;12;92117;608.5;1158.8942574713192
ETO;12;92120;748.8333333333334;1121.1227259611976
ETO;15;77;-15.0;
ETO;15;168;7.428571428571429;10.9217999563128
ETO;15;174;-3.5;4.949747468305833
ETO;15;185;1346.5416666666667;898.1448018804805
ETO;15;500;0.0;
ETO;15;2430;0.0;0.0
ETO;15;2904;-0.125;0.3535533905932738
ETO;15;2914;-5.375;11.173150214433068
ETO;15;2916;-1.0;1.4142135623730951
ETO;15;2917;24.41176470588235;51.86528080461125
ETO;15;2924;31.428571428571427;115.38478388266084
ETO;15;2939;-5.0;2.8284271247461903
ETO;15;2940;-1.7857142857142858;2.6941124249447643
ETO;15;3032;10.823529411764707;38.05955086131083
ETO;15;3057;14.142857142857142;29.034954303882955
ETO;15;3058;-3.0;
ETO;15;3059;7.0;23.308490176022005
ETO;15;3146;-6.0;
ETO;15;3165;120.6470588235294;209.0367614728539
ETO;15;3185;5.0;10.03327796219494
ETO;15;3229;-10.0;
ETO;15;3352;0.0;0.0
ETO;15;3375;125.71428571428571;211.27426318819403
ETO;15;3614;0.0;
ETO;15;3640;18.0;
ETO;15;3838;3.588235294117647;9.307650237367993
ETO;15;3913;1.75;0.9574271077563382
ETO;15;4102;-2.857142857142857;7.97936900201574
ETO;15;4387;7.212727272727273;18.85987173387406
ETO;15;4475;0.0;
ETO;15;4485;-0.6;1.8973665961010278
ETO;15;4611;565.125;325.6564357270324
ETO;15;4612;6.538461538461538;13.188475933021882
ETO;15;22203;-24.0;
ETO;15;22206;8.076923076923077;16.89408939275084
ETO;15;22207;6.5;6.95221787153807
ETO;15;22221;4.5;11.083904599755027
ETO;15;32841;0.0;0.0
ETO;15;32845;0.0;0.0
ETO;15;32860;0.0;
ETO;15;32861;-1.0;1.4142135623730951
ETO;15;32919;0.0;
ETO;15;38023;5.25;7.44023809142845
ETO;15;38027;157.85714285714286;325.65858883732284
ETO;15;90113;262.3478260869565;338.1200175160578
ETO;15;90114;100.0;
ETO;15;90333;104.66666666666667;40.631607600879946
ETO;15;90334;9.210526315789474;18.65052560286594
ETO;15;90335;3.2222222222222223;3.5978388574871505
ETO;15;90336;5.923076923076923;6.664102070816174
ETO;15;90340;164.16666666666666;66.41481413232958
ETO;15;90341;674.875;214.92532828666435
ETO;15;90342;276.0416666666667;101.28327866055622
ETO;15;90343;18.857142857142858;21.464588778464204
ETO;15;90344;466.1666666666667;265.5183063641616
ETO;15;90345;751.25;217.49667663627895
ETO;15;90346;30.958333333333332;18.435502532428792
ETO;15;90347;37.166666666666664;39.963751691693844
ETO;15;90348;154.08333333333334;172.11546090940806
ETO;15;90349;7.863636363636363;10.687310920835733
ETO;15;90352;569.5416666666666;726.5469839780054
ETO;15;90353;5127.791666666667;1293.941097347865
ETO;15;90354;92.33333333333333;41.11983195138503
ETO;15;90355;2058.9583333333335;633.4307881732597
ETO;15;90356;138.66666666666666;121.97742722989032
ETO;15;90357;12.0;
ETO;15;90428;61.0;72.53664740937027
ETO;15;90429;87.875;72.13773811861283
ETO;15;90430;21.956521739130434;41.99618842106071
ETO;15;90431;14.782608695652174;44.121687639505616
ETO;15;90432;13.095238095238095;25.13942076083847
ETO;15;90433;9.166666666666666;16.57868936847755
ETO;15;90434;183.20833333333334;142.06029925066468
ETO;15;90435;82.16666666666667;83.06763439546097
ETO;15;90436;34.708333333333336;68.32625007473601
ETO;15;90437;16.5;38.427797909507035
ETO;15;90438;6.5;8.826612652036506
ETO;15;90439;25.846153846153847;49.896302725162165
ETO;15;90460;1344.0416666666667;660.0569461049927
ETO;15;90461;148.375;137.09432249684727
ETO;15;90464;-1.0;2.8284271247461903
ETO;15;90465;199.58333333333334;121.04721201346145
ETO;15;90466;1.875;9.847951200993172
ETO;15;90469;243.91666666666666;98.22818008249385
ETO;15;90471;4326.583333333333;1210.1878372588594
ETO;15;90472;3128.0416666666665;1014.9399844825551
ETO;15;90473;3709.4166666666665;1141.0145720468204
ETO;15;90474;3423.375;1388.5109575901179
ETO;15;90475;245.70833333333334;105.45985395922682
ETO;15;90476;40.75;21.061504137210594
ETO;15;90477;693.6666666666666;302.99184472690763
ETO;15;90479;1.0;
ETO;15;90482;5.333333333333333;5.8594652770823155
ETO;15;90483;1.0;
ETO;15;90486;163.79166666666666;190.81495228229036
ETO;15;90487;1932.1666666666667;1166.3113413353813
ETO;15;90488;3777.5;1198.407058666157
ETO;15;90489;4712.125;1479.612061744858
ETO;15;90490;554.3333333333334;546.6302038033984
ETO;15;90491;115.0;
ETO;15;90492;784.5416666666666;945.6206601862158
ETO;15;90493;0.0;
ETO;15;90494;1.0;
ETO;15;90587;524.0416666666666;297.28181318283725
ETO;15;90588;405.125;183.4228454075209
ETO;15;90646;17.391304347826086;10.84912702996204
ETO;15;90651;22.055;31.190480118138613
ETO;15;90652;1.8211111111111111;4.996860059829207
ETO;15;90787;1076.875;363.13134676036987
ETO;15;90788;33.375;132.38212558315053
ETO;15;90789;25.25;42.04991857511633
ETO;15;90790;173.58333333333334;174.1076420335786
ETO;15;90791;1096.2083333333333;700.6740220280236
ETO;15;90792;22.55;13.476978421308727
ETO;15;90793;28.727272727272727;30.210660083553005
ETO;15;90795;13.833333333333334;28.22441579659043
ETO;15;90796;296.7083333333333;404.0665549103284
ETO;15;90797;2444.9166666666665;612.9570462762542
ETO;15;90798;110.5;166.9071598224594
ETO;15;90799;102.375;72.5635029234514
ETO;15;90800;20.23076923076923;26.907724560535417
ETO;15;90804;470.9166666666667;152.1197802267407
ETO;15;90805;84.83333333333333;42.79746707932372
ETO;15;90806;7.333333333333333;3.214550253664318
ETO;15;90822;80.04166666666667;113.27745052348878
ETO;15;90823;2.0;
ETO;15;90824;0.0;22.627416997969522
ETO;15;90826;1140.4583333333333;371.34069428475516
ETO;15;90827;6.0;0.0
ETO;15;90830;6.421052631578948;6.500562278874072
ETO;15;90887;9.25;2.8722813232690143
ETO;15;90888;24.40909090909091;66.10717062965264
ETO;15;90911;63.45454545454545;153.0316069551409
ETO;15;90951;11.6;25.957657829627077
ETO;15;91251;1100.4166666666667;524.8755477060349
ETO;15;91398;0.0;
ETO;15;91465;13.0;23.512199586847778
ETO;15;91845;348.0833333333333;257.67284897996
ETO;15;91846;190.56521739130434;401.7947040339423
ETO;15;91847;33.588235294117645;56.46022806313464
ETO;15;92012;105.75;107.71374099900162
ETO;15;92013;15.0;7.0710678118654755
ETO;15;92014;22.5;10.606601717798213
ETO;15;92015;12.5;4.949747468305833
ETO;15;92172;390.2083333333333;454.6851733717057
ETO;15;92177;21.36842105263158;26.97573091650219
ETO;15;92195;60.523809523809526;136.54765433635944
ETO;15;92196;19.166666666666668;28.163910991780618
ETO;15;92257;384.47058823529414;184.46378968752202
ETO;15;690650;192.0;
ETO;17;3473;1.0;
ETO;17;3609;2.0;
ETO;17;721102;1.2;0.4472135954999579
ETO;17;721103;3.8333333333333335;2.255711704566354
ETO;17;721104;5.625;6.581539840088084
ETO;17;721105;4.222222222222222;4.176654695380556
ETO;17;721106;1.8;0.8366600265340756
ETO;17;721805;1.0;
ETO;17;732542;2.0;
ETO;17;732544;7.0;4.242640687119285
ETO;17;732548;4.0;
ETO;17;753402;1.3333333333333333;4.618802153517007
ETO;17;753403;2.0;0.0
ETO;17;753404;2.5;0.5773502691896257
ETO;17;753405;3.3333333333333335;1.7511900715418263
ETO;17;753406;4.0;5.656854249492381
ETO;17;753408;2.0;
ETO;17;753415;6.0;2.8284271247461903
ETO;17;753416;4.333333333333333;2.188122205883115
ETO;17;753417;5.882352941176471;5.2901128643580995
ETO;17;753418;11.047619047619047;7.172699564851372
ETO;17;753419;10.76923076923077;5.629592142625227
ETO;17;753420;6.6875;4.422951503238533
ETO;17;753421;3.7142857142857144;1.8156825980064073
ETO;17;753422;3.25;0.9574271077563381
ETO;17;753434;1.0;
ETO;17;753436;1.0;1.4142135623730951
ETO;17;753438;1.3333333333333333;0.5163977794943223
ETO;17;753440;1.1111111111111112;1.0540925533894598
ETO;17;753442;2.0;1.4907119849998598
ETO;17;753444;2.625;1.7677669529663689
ETO;17;753446;1.5;0.7559289460184544
ETO;17;753448;1.0;0.0
ETO;17;753452;1.0;0.0
ETO;17;764034;0.8;2.16794833886788
ETO;17;764036;1.7;1.636391694484477
ETO;17;764038;2.5714285714285716;2.027286390693261
ETO;17;764040;2.7777777777777777;1.922093765778466
ETO;17;764042;4.0;2.73030134866931
ETO;17;764044;2.3;2.0027758514399734
ETO;17;764046;2.2;1.3038404810405297
ETO;17;764048;0.0;2.8284271247461903
ETO;17;764050;3.0;
ETO;17;764052;1.0;
ETO;17;764134;0.75;1.2583057392117916
ETO;17;764136;1.6666666666666667;0.5773502691896257
ETO;17;764138;1.8333333333333333;0.983192080250175
ETO;17;764140;2.5;1.51657508881031
ETO;17;764142;5.2;5.06951674225463
ETO;17;764144;0.6;2.1908902300206643
ETO;17;764146;1.0;1.7320508075688772
ETO;17;764148;5.0;
ETO;17;764150;1.8;3.271085446759225
ETO;17;764152;1.5;0.7071067811865476
ETO;17;764802;3.3333333333333335;2.9439202887759492
ETO;17;764803;3.0;1.0
ETO;17;764804;3.5;2.1213203435596424
ETO;17;764805;2.0;
ETO;17;764902;2.8;4.658325879540846
ETO;17;764903;1.25;2.5
ETO;17;764904;2.0;
ETO;17;765001;3.4;1.51657508881031
ETO;17;765002;5.235294117647059;2.8620231429162546
ETO;17;765003;6.526315789473684;4.501461750891242
ETO;17;765004;3.3333333333333335;2.160246899469287
ETO;17;765005;2.5555555555555554;2.833333333333333
ETO;17;765007;4.0;
ETO;17;765101;1.6;0.894427190999916
ETO;17;765102;5.6923076923076925;5.4982514703102865
ETO;17;765103;5.411764705882353;3.6065708007990738
ETO;17;765104;3.0;1.632993161855452
ETO;17;765105;1.1666666666666667;2.2286019533929036
ETO;17;778403;0.0;
ETO;17;778404;2.0;
ETO;17;778501;3.0;
ETO;17;778502;2.2;1.6431676725154982
ETO;17;778503;2.6666666666666665;1.3662601021279464
ETO;17;778504;3.25;1.892969448600091
ETO;17;778505;3.0;0.0
ETO;17;778507;2.0;
ETO;17;778511;2.6666666666666665;0.5773502691896258
ETO;17;778513;2.75;0.5
ETO;17;778844;0.0;2.8284271247461903
ETO;19;415;91.95833333333333;193.47946282805285
ETO;19;441;11.24375;17.537918128518246
ETO;19;3155;-41.125;283.04719865539505
ETO;19;3157;-786.0714285714286;4528.3963448492395
ETO;19;3174;-70.875;421.85414145965984
ETO;19;3376;0.0;
ETO;19;3420;155.25;138.73473280673633
ETO;19;3423;0.7908333333333334;1.3045369548873142
ETO;19;3434;2.830909090909091;11.539602167398069
ETO;19;3624;1.8647826086956523;3.7017193420026486
ETO;19;3717;0.8899999999999999;2.48108847081276
ETO;19;4031;0.854761904761905;2.0245977848639938
ETO;19;4168;0.4739130434782609;0.8927014116022669
ETO;19;4321;0.4985714285714286;1.1040747041667753
ETO;19;4543;0.0;
ETO;19;22227;-78.0;453.9464556700323
ETO;20;20178;-0.6666666666666666;1.1547005383792517
ETO;25;360;35.5;18.907670401189037
ETO;25;4353;239.72222222222223;279.46625715618853
ETO;26;375;0.0;
ETO;26;3077;39.35;82.95291943087514
ETO;26;90414;148.58333333333334;47.033675878743175
ETO;26;90415;162.08333333333334;49.992100825305755
ETO;26;91235;178.33333333333334;139.4915196632792
ETO;26;91236;28.541666666666668;24.08134613936808
ETO;30;204;6.0;
ETO;30;249;-5.0;4.242640687119285
ETO;30;374;62.65;227.6863666953895
ETO;30;2955;-46.0;156.08218046536743
ETO;30;2958;1.8;3.22490309931942
ETO;30;2960;-17.0;
ETO;30;2964;-8.846153846153847;17.261933813288678
ETO;30;2966;-10.0;11.313708498984761
ETO;30;3012;0.0;0.0
ETO;30;3013;19.25;53.332990678723824
ETO;30;3014;31.85;71.85531881569564
ETO;30;3015;9.875;15.491395461136912
ETO;30;3016;-35.666666666666664;24.826061575153908
ETO;30;3021;45.56521739130435;62.742494000156576
ETO;30;3055;4.933333333333334;7.887301427581161
ETO;30;3081;24.523809523809526;35.97863122412948
ETO;30;3095;7.7272727272727275;13.216806826309549
ETO;30;3096;-9.428571428571429;12.791366135759214
ETO;30;3525;0.0;0.0
ETO;30;3638;12.0;
ETO;30;3752;-74.5;27.577164466275352
ETO;30;3881;1.75;2.5
ETO;30;4181;-2.0;0.0
ETO;30;4520;34.0;
ETO;30;4521;0.0;
ETO;30;4529;10.277777777777779;12.179083108324582
ETO;30;4532;11.809565217391304;38.55413637497997
ETO;30;4533;1.0;
ETO;30;4619;22.0;
ETO;30;7870;-661.6666666666666;3264.672706227667
ETO;30;22229;1.8666666666666667;1.9223002094465098
ETO;30;22230;140.20833333333334;61.50219449366203
ETO;30;22256;64.83333333333333;58.692023505655406
ETO;30;22270;10.0;
ETO;30;22271;3.0;4.242640687119285
ETO;30;22272;2.0;
ETO;30;22431;-15.333333333333334;17.3877351409933
ETO;30;22433;5.0;
ETO;30;38021;36.714285714285715;88.40938739873599
ETO;30;38508;518.875;278.46494003031506
ETO;30;38577;29.5;287.41683107050056
ETO;30;90214;0.0;2.8284271247461903
ETO;30;90215;2.0;0.0
ETO;30;90216;4.0;
ETO;30;90217;-49.0;100.67439263950557
ETO;30;90221;0.6;2.3021728866442674
ETO;30;90222;-1.0;
ETO;30;90223;2.0;
ETO;30;90226;2.6666666666666665;0.5773502691896258
ETO;30;90229;1.3333333333333333;0.5773502691896258
ETO;30;90230;2.0;1.4142135623730951
ETO;30;90244;48.5;29.22774143797665
ETO;30;90247;0.8181818181818182;1.7215215257545762
ETO;30;90249;68.16666666666667;190.13625930224163
ETO;30;90250;16.458333333333332;69.10104709875914
ETO;30;90251;3090.7083333333335;1804.4263807109994
ETO;30;90252;367.2083333333333;184.80588621499626
ETO;30;90280;243.45833333333334;301.07921522512925
ETO;30;90281;28.458333333333332;70.68729617533627
ETO;30;90358;287.0416666666667;179.76663112676576
ETO;30;90359;211.20833333333334;142.0762132178319
ETO;30;90360;3073.3333333333335;1436.4555310741866
ETO;30;90361;18.666666666666668;15.333018270235065
ETO;30;90362;1371.8333333333333;622.1734461558523
ETO;30;90363;4421.916666666667;1463.1551053524165
ETO;30;90364;1060.2916666666667;366.59294795829567
ETO;30;90365;305.75;227.15886989926906
ETO;30;90366;37.25;44.729379509494066
ETO;30;90367;118.125;70.77110224550326
ETO;30;90368;8.083333333333334;9.346446415941227
ETO;30;90369;18.85;25.48121082804265
ETO;30;90372;176.45833333333334;92.11239786575806
ETO;30;90373;21.666666666666668;28.408918787357372
ETO;30;90374;5.0;1.4142135623730951
ETO;30;90375;23.956521739130434;19.222331380855316
ETO;30;90376;11.347826086956522;18.743747310532832
ETO;30;90377;2.176470588235294;22.630828790937063
ETO;30;90378;-0.3333333333333333;19.033304144752865
ETO;30;90379;584.7916666666666;344.2684719765977
ETO;30;90380;481.8333333333333;276.4498015076574
ETO;30;90382;128.75;67.68549391824308
ETO;30;90383;24.0;40.89126114581498
ETO;30;90384;11.0;
ETO;30;90385;1.0;2.8284271247461903
ETO;30;90386;4.8;18.376615575235828
ETO;30;90387;1832.125;1536.1407123188546
ETO;30;90388;1492.5833333333333;887.5710830892542
ETO;30;90389;12439.083333333334;4451.481735886102
ETO;30;90393;1691.0416666666667;568.5092236004976
ETO;30;90399;127.75;79.11150633619998
ETO;30;90408;6.0;11.882760622010357
ETO;30;90409;328.8333333333333;283.1500856692308
ETO;30;90411;0.8;4.381780460041329
ETO;30;90416;54.875;28.11979420420705
ETO;30;90417;6.476190476190476;4.3545269274520235
ETO;30;90418;1.0;0.0
ETO;30;90421;0.0;5.354126134736337
ETO;30;90422;2.8421052631578947;5.520297474822015
ETO;30;90423;8.11111111111111;10.84486565666496
ETO;30;90440;3162.3333333333335;1178.462360973775
ETO;30;90441;17.291666666666668;8.55406929182102
ETO;30;90442;18.0;65.36742307908429
ETO;30;90443;2293.75;1122.1626344968315
ETO;30;90444;533.0;442.2269730038794
ETO;30;90445;6.5;34.40298268161213
ETO;30;90446;1541.6666666666667;605.936549029084
ETO;30;90447;20.333333333333332;14.901609678638506
ETO;30;90448;3273.5416666666665;1210.6773877952955
ETO;30;90513;13.434782608695652;33.847016904886665
ETO;30;90514;33.76190476190476;157.60961416166998
ETO;30;90515;22.458333333333332;16.357365490723176
ETO;30;90518;3.1875;3.5817826101910013
ETO;30;90519;45.63636363636363;41.311298413671004
ETO;30;90520;78.70833333333333;71.98700315465567
ETO;30;90521;4.0;5.157518783291051
ETO;30;90522;712.7083333333334;414.25412061834146
ETO;30;90523;206.91666666666666;124.04519396142496
ETO;30;90524;54.125;36.991553089860936
ETO;30;90525;260.8333333333333;150.05670425793585
ETO;30;90528;1.8666666666666667;0.9154754164341269
ETO;30;90536;1.6153846153846154;4.85692738155962
ETO;30;90542;145.41666666666666;124.96535751843447
ETO;30;90543;15.25;30.68812261389115
ETO;30;90544;108.08333333333333;98.73676759628258
ETO;30;90620;85.04347826086956;95.03562885038507
ETO;30;90621;906.375;556.907127726916
ETO;30;90622;1.9411764705882353;3.399826985217301
ETO;30;90648;13.588235294117647;35.250990807935835
ETO;30;90654;235.16666666666666;149.67868968202367
ETO;30;90656;2.0;
ETO;30;90660;11.0;19.884667460131183
ETO;30;90833;0.0;
ETO;30;90878;2.0;1.0954451150103321
ETO;30;90882;3.7;5.110360992501822
ETO;30;90893;91.29166666666667;46.874929951638485
ETO;30;90901;95.66666666666667;42.14433446545612
ETO;30;90905;25.708333333333332;19.592543316863903
ETO;30;91119;168.27374999999998;220.4542934352192
ETO;30;92017;56.0;16.6420107480776
ETO;30;92137;2.0;0.0
ETO;31;38031;6.111111111111111;4.166666666666667
ETO;31;38069;40.05;21.303508482975534
ETO;33;38537;5280.0;
ETO;33;38568;7992.857142857143;5099.996218485993
ETO;33;38588;45.372727272727275;38.03920511184645
ETO;33;38645;141.64705882352942;60.832702118669886
ETO;33;80235;5490.0;
ETO;33;80236;150.0;
ETO;35;3134;1.0;
ETO;35;4089;5.5;4.949747468305833
ETO;35;80002;1.6;0.5477225575051661
ETO;35;80003;9.476190476190476;6.697903012279647
ETO;35;80010;4.0;4.242640687119285
ETO;35;80111;10.0;
ETO;35;80112;2.2857142857142856;4.140393356054125
ETO;35;80122;70.23809523809524;52.970656746829896
ETO;35;80130;3.5555555555555554;2.9202359113225387
ETO;35;80216;5.0;4.1952353926806065
ETO;36;4545;6.545454545454546;6.254349136151827
ETO;37;22268;0.0;2.309401076758503
ETO;39;470;6.666666666666667;2.3380903889000244
ETO;39;37746;2.727272727272727;2.4936282437809005
ETO;39;37940;3.0;
ETO;39;38529;4.0;0.0
ETO;39;38530;8.5;1.7320508075688772
ETO;39;38634;5.5;2.1213203435596424
ETO;41;208;0.0;13.856406460551018
ETO;41;2943;-7.0;
ETO;41;2944;-27.0;
ETO;41;2947;-20.4;144.91652769784403
ETO;41;3999;-18.0;226.60415804756198
ETO;41;22214;-6.0;
ETO;41;22280;0.0;
ETO;41;30279;-104.0;
ETO;41;90111;0.0;
ETO;41;90112;-60.0;
ETO;41;90253;947.9583333333334;443.87164999205197
ETO;41;90254;11.666666666666666;25.491361748826286
ETO;41;90295;2360.2083333333335;736.1639691622742
ETO;41;90580;3518.9166666666665;2301.902746343378
ETO;47;762;110.71428571428571;219.9088555786346
ETO;47;38024;86.66666666666667;197.23049121945286
ETO;47;38025;58.76923076923077;97.5287597294202
ETO;47;91050;729.2083333333334;321.4288722680902
ETO;47;91051;28.0;26.58678511699267
ETO;47;91052;245.79166666666666;141.4425614460011
ETO;47;91053;6.0;5.656854249492381
ETO;52;37750;33.23809523809524;32.214755566207174
ETO;54;237;0.0;1.1547005383792515
ETO;54;245;0.2;6.016643582596529
ETO;54;3005;-1.0;
ETO;54;3009;0.0;1.1547005383792515
ETO;54;3179;-2.0;
ETO;54;3214;1.0;
ETO;54;3733;0.0;2.581988897471611
ETO;54;4491;0.4;2.1908902300206643
ETO;54;90193;255.04166666666666;159.97893316924893
ETO;54;90194;259.0833333333333;107.61441501416331
ETO;54;90195;132.29166666666666;88.52289272403995
ETO;54;90196;155.375;136.58690894683932
ETO;54;90197;4.761904761904762;8.76872146840554
ETO;54;90198;656.4166666666666;499.4565669994144
ETO;54;90199;652.9166666666666;343.9120105702805
ETO;54;90200;60.666666666666664;56.29400050408234
ETO;54;90201;5.708333333333333;8.348283690658226
ETO;54;90202;47.75;54.02756945180456
ETO;54;90203;60.916666666666664;27.954803066606523
ETO;54;90204;14.217391304347826;19.35777157004656
ETO;54;90205;5.6;8.531057810636442
ETO;54;90206;16.666666666666668;14.752057090650005
ETO;54;90401;1118.0833333333333;767.0219041522057
ETO;54;90570;455.875;180.08532096227876
ETO;54;90662;1.0;
ETO;54;590199;-12.0;
ETO;55;224;0.0;126.64912159190051
ETO;56;113;83.79166666666667;65.2899747059336
ETO;56;115;-5.333333333333333;9.237604307034013
ETO;56;121;7.5;10.876580344942981
ETO;56;189;2.1875;5.455501810099599
ETO;56;190;4.421052631578948;14.01315171732011
ETO;56;191;0.0;0.0
ETO;56;192;7.2105263157894735;14.965066534241304
ETO;56;193;0.0;
ETO;56;194;-1.7333333333333334;9.974729976056398
ETO;56;195;6.666666666666667;17.452456425790544
ETO;56;196;4.842105263157895;14.814644248530788
ETO;56;197;0.25;2.83244192751189
ETO;56;198;0.0;
ETO;56;212;15.954545454545455;54.028631979655685
ETO;56;406;66.95652173913044;211.57794142216878
ETO;56;2815;84.79166666666667;79.8977494196103
ETO;56;2880;2.5;3.5355339059327378
ETO;56;2927;0.0;0.0
ETO;56;2928;3.411764705882353;10.931941865065713
ETO;56;2929;-1.0;2.449489742783178
ETO;56;2948;1.0;
ETO;56;2953;1.625;8.860963077830009
ETO;56;3029;3266.375;1534.6731081611626
ETO;56;3110;28.545454545454547;75.92807601455951
ETO;56;3203;0.0;0.0
ETO;56;3249;-55.53846153846154;148.01836337912906
ETO;56;3310;4.888888888888889;5.356567040326887
ETO;56;3371;1.3333333333333333;2.3094010767585034
ETO;56;3382;1.3333333333333333;2.8047578623950176
ETO;56;3581;3.5;6.096447052723961
ETO;56;3592;422.4583333333333;231.4545648279812
ETO;56;3765;66.82608695652173;91.15503884437419
ETO;56;3802;0.0;0.0
ETO;56;3877;3.5;4.949747468305833
ETO;56;3900;0.0;0.0
ETO;56;4013;40.5;54.44722215136416
ETO;56;4041;9.0;4.242640687119285
ETO;56;4285;3.3684210526315788;6.676746765335723
ETO;56;4482;0.0;0.0
ETO;56;4483;2.0;1.4142135623730951
ETO;56;4560;-1.0;
ETO;56;4563;2.5;2.1213203435596424
ETO;56;4565;26.5;33.23401871576773
ETO;56;22182;0.0;1.4142135623730951
ETO;56;22215;2.5384615384615383;7.43432786264036
ETO;56;22218;279.6666666666667;177.3360030310103
ETO;56;22219;59.95652173913044;100.8047068980726
ETO;56;22220;4.285714285714286;15.248419121806881
ETO;56;22282;2.066666666666667;3.750555514409388
ETO;56;30255;7.7272727272727275;8.50988729761927
ETO;56;37627;3.0;1.8973665961010275
ETO;56;37628;32.291666666666664;21.820371747255038
ETO;56;37632;-0.2727272727272727;2.5334130768948473
ETO;56;90012;7.545454545454546;8.53969595046609
ETO;56;90013;365.1666666666667;211.7787333139425
ETO;56;90301;16.09090909090909;31.38615792177993
ETO;56;90302;-2.0;36.224607965059086
ETO;56;90303;2878.75;866.2762512491387
ETO;56;90304;215.875;221.92856518140758
ETO;56;90305;314.0416666666667;211.58028164200496
ETO;56;90306;2395.875;771.9335020076142
ETO;56;90307;410.5416666666667;214.3907402215721
ETO;56;90308;172.25;256.2158142626268
ETO;56;90309;233.875;352.68317010918014
ETO;56;90316;29.333333333333332;39.551653989856526
ETO;56;90317;126.66666666666667;108.83167431098968
ETO;56;90318;932.7916666666666;479.90850388532317
ETO;56;90319;107.5;162.78072741387817
ETO;56;90320;105.34782608695652;145.5658578524924
ETO;56;90321;248.04166666666666;366.6316098195034
ETO;56;90322;0.0;1.0
ETO;56;90328;529.125;208.02723745158738
ETO;56;90330;6.666666666666667;28.22022240133753
ETO;56;90331;9.277777777777779;13.736193305859805
ETO;56;90527;0.0;
ETO;56;90584;618.7368421052631;435.48974246183303
ETO;56;90683;72.30434782608695;76.53604901233778
ETO;56;90684;17.0;
ETO;56;90687;4.375;8.927285621700953
ETO;56;90688;217.72727272727272;165.3481725989682
ETO;56;90689;118.9375;61.53315501960439
ETO;56;90690;46.0;30.480992587035434
ETO;56;90693;98.57894736842105;67.0309346408836
ETO;56;90694;203.66666666666666;144.2676384888569
ETO;56;90695;17.846153846153847;59.128174550217814
ETO;56;90696;6.3076923076923075;9.104802902723149
ETO;56;90698;135.78571428571428;199.53915311630854
ETO;56;90727;5.0;4.857983120596447
ETO;56;90729;10.461538461538462;15.425170904592836
ETO;56;90747;12.947368421052632;34.06606927755816
ETO;56;90749;14.533333333333333;37.76972836746884
ETO;56;90750;8.75;15.661910948075736
ETO;56;90757;3.6875;4.65787863016345
ETO;56;90954;943.3333333333334;871.2096953852921
ETO;56;91706;49.77272727272727;50.820816711810245
ETO;56;91707;35.411764705882355;64.60462330933582
ETO;56;91708;21.53846153846154;50.135841112945975
ETO;56;91709;3.0;2.0
ETO;56;91711;15.75;21.409959449666495
ETO;56;91712;1.0;
ETO;56;91713;6.818181818181818;9.009086322354579
ETO;56;91871;31.6;35.06144981540117
ETO;56;91872;21.695652173913043;40.06294454594794
ETO;56;91873;39.095238095238095;94.34400074297504
ETO;56;91874;5.875;9.200543462209176
ETO;56;91875;13.5;9.192388155425117
ETO;56;91876;4.0;
ETO;56;91878;5.142857142857143;8.952254305081885
ETO;58;2945;9.571428571428571;15.315724879072116
ETO;58;2946;-25.0;
ETO;58;3142;11.0;
ETO;58;90109;20.0;
ETO;58;90110;-55.0;
ETO;58;90275;438.0833333333333;258.3851046767994
ETO;58;90276;87.83333333333333;96.42598723628788
ETO;58;90277;1360.9166666666667;512.621897839848
ETO;58;90279;2346.2916666666665;1094.6185152100159
ETO;58;91303;6.0;8.48528137423857
ETO;60;4622;-20.0;
ETO;60;37639;25.91304347826087;25.11955602437392
ETO;60;37640;2.3333333333333335;19.61292091114087
ETO;63;3858;3.0;
ETO;63;4128;1.5;2.1213203435596424
ETO;63;90298;51.458333333333336;60.78971535345122
ETO;63;90299;120.91666666666667;81.84126559152901
ETO;63;90511;26.304347826086957;30.51740901460061
ETO;63;90512;59.333333333333336;72.89937476123997
ETO;63;90547;236.08333333333334;81.68013790106033
ETO;63;90548;228.875;89.77523261626419
ETO;63;90549;45.875;55.31594038674173
ETO;63;90550;144.875;135.50078212512923
ETO;69;3209;4.0;
ETO;69;4030;2.0;
ETO;69;4339;4.857142857142857;6.890296835129129
ETO;69;4373;11.444444444444445;12.161763717982115
ETO;69;6979;-0.5;19.05255888325765
ETO;69;35832;6.0;
ETO;69;35834;3.0;2.6457513110645907
ETO;69;35839;3.0;2.0976176963403033
ETO;69;35840;4.3;2.9832867780352594
ETO;69;35841;11.681818181818182;7.7973521979388165
ETO;69;35842;17.73913043478261;11.115989267325888
ETO;69;35843;17.285714285714285;10.840400625174595
ETO;69;35896;4.4;2.8543595465625264
ETO;69;37601;23.583333333333332;16.72518711578352
ETO;69;37747;117.47826086956522;63.13108265219237
ETO;69;37760;19.0;21.307275752662516
ETO;69;37806;8.375;5.953990258641679
ETO;69;37807;2.9473684210526314;2.5270466778990652
ETO;69;37808;1.5;0.5270462766947299
ETO;69;37836;5.0;1.632993161855452
ETO;69;37849;7.833333333333333;6.057802381802307
ETO;69;37860;36.8235294117647;49.936503799972876
ETO;69;37889;267.8888888888889;192.79244825608487
ETO;69;37890;15.9;6.5686656499667135
ETO;69;37905;69.4090909090909;39.409521560282734
ETO;69;37906;164.125;104.37195712825648
ETO;69;37936;5.333333333333333;1.1547005383792517
ETO;69;37949;3.176470588235294;1.9759584420492964
ETO;69;37950;6.818181818181818;4.4575923849237125
ETO;69;37951;6.391304347826087;4.6878870064220015
ETO;69;37952;4.0;10.246950765959598
ETO;69;38007;28.0;17.0419650107777
ETO;69;38030;5.55;3.6774562146307486
ETO;69;38042;5.846153846153846;7.081032808921707
ETO;69;38043;6.153846153846154;7.603137004401032
ETO;69;38044;4.411764705882353;8.062713745456703
ETO;69;38045;5.714285714285714;9.335033858688309
ETO;69;38047;3.111111111111111;2.1473497877875207
ETO;69;38048;4.333333333333333;2.5
ETO;69;38049;3.5;2.073644135332772
ETO;69;38526;4.25;1.7078251276599332
ETO;69;38569;4.583333333333333;2.3915887961137825
ETO;69;80014;2.5;2.1213203435596424
ETO;69;80016;9.176470588235293;6.287241983947006
ETO;69;80017;9.1875;6.585020880756568
ETO;69;80018;11.666666666666666;10.202707390454659
ETO;69;80019;7.4;5.037636129950017
ETO;69;80025;5.181818181818182;4.935953440181174
ETO;69;80026;5.266666666666667;4.891197146283261
ETO;69;80027;7.466666666666667;7.069720813508295
ETO;69;80028;6.875;5.866064633612068
ETO;69;80034;5.666666666666667;3.7859388972001824
ETO;69;80035;4.0;5.196152422706632
ETO;69;80036;4.714285714285714;5.089672082242814
ETO;69;80037;2.0;
ETO;69;80059;21.53846153846154;15.57035315707057
ETO;69;80197;10.8;13.553597308463905
ETO;69;80198;10.8;6.760177512462229
ETO;69;80199;8.142857142857142;4.845223470201398
ETO;69;80215;43.625;43.75887665050699
ETO;69;411551;19.642857142857142;19.519643529441908
ETO;69;491580;7.666666666666667;9.136009340333812
ETO;69;491603;5.809523809523809;8.500700251267821
ETO;69;491604;13.681818181818182;23.685210100169634
ETO;69;491690;3.0;2.8284271247461903
ETO;69;491693;0.0;
ETO;69;491701;2.0;
ETO;69;491704;406.0;312.54119728445403
ETO;69;491710;28.045454545454547;23.54019313091319
ETO;69;491711;38.0;27.41897153432273
ETO;69;491712;30.0;23.233118124302166
ETO;69;492010;46.0;19.28730152198591
ETO;70;22267;7.071428571428571;10.80928579234814
ETO;70;37926;11.666666666666666;5.988878581726855
ETO;70;37927;17420.416666666668;9377.596219837942
ETO;70;37928;8344.083333333334;5983.094741720692
ETO;70;37929;3981.6666666666665;2379.7634458010775
ETO;70;37930;341.55;341.84599102365877
ETO;71;2956;-6.0;
ETO;71;3030;-2.0;1.4142135623730951
ETO;71;90208;893.4583333333334;243.16875141898203
ETO;71;90210;569.7916666666666;238.21820088289655
ETO;71;90212;875.5;611.9254714495023
ETO;72;22273;46.583333333333336;47.67591031372577
ETO;75;90056;19.291666666666668;10.824606295347438
ETO;75;90057;14.541666666666666;8.246101406470641
ETO;75;90059;1.0833333333333333;0.7929614610987591
ETO;75;90060;1.5;1.178511301977579
ETO;75;90061;3.625;2.7789973168314726
ETO;75;90062;6.173913043478261;3.4463706062655572
ETO;75;90063;19.25;10.803582336630189
ETO;75;90069;210.66666666666666;101.43735126610935
ETO;75;90070;40.375;23.53501092267507
ETO;75;90071;1.0;
ETO;75;90084;5.708333333333333;5.5362769366100695
ETO;75;90085;3.0416666666666665;3.8727494633395922
ETO;75;90087;13.666666666666666;12.859328086668437
ETO;75;90088;14.0;9.079360253272013
ETO;75;90089;16.875;7.628963688242442
ETO;75;90099;38.125;18.323927099500974
ETO;75;90100;13.708333333333334;6.061131811846671
ETO;75;90593;2.0;
ETO;75;91085;13.0;6.141195788629908
ETO;75;91086;17.125;10.960155108391486
ETO;75;91121;1.75;1.707825127659933
ETO;75;91124;1.0;0.0
ETO;75;91125;1.0;
ETO;75;91197;1.3333333333333333;0.5773502691896258
ETO;75;91198;1.4285714285714286;1.3972762620115435
ETO;75;91199;9.0;3.696845502136472
ETO;75;91201;1.4;0.8944271909999159
ETO;75;91623;18.375;12.058636501931481
ETO;75;91624;5.0;1.7320508075688772
ETO;75;91638;64.57142857142857;38.75933067386116
ETO;75;91639;10.571428571428571;5.912053869204928
ETO;75;532981;-15.0;
ETO;75;533062;-1.0;
ETO;77;3464;36.5;4.949747468305833
ETO;77;90497;1736.2083333333333;1283.9621076342478
ETO;77;90498;2379.0;1424.6728686293902
ETO;77;90499;784.375;445.33776263201275
ETO;77;90500;619.6666666666666;399.0759616769792
ETO;77;90501;705.25;548.6098835673909
ETO;77;90502;12.619047619047619;25.98552710736534
ETO;77;90504;47.0;69.50007819826692
ETO;77;90507;61.47826086956522;72.30231328200263
ETO;77;90508;99.70833333333333;127.7757815954136
ETO;77;90509;41.73684210526316;79.63586720209204
ETO;77;90510;88.875;140.64333938385948
ETO;77;90639;3304.4166666666665;1632.8229201005836
ETO;77;90640;451.4166666666667;368.797094757333
ETO;77;90641;1644.8333333333333;1103.2413771391482
ETO;77;90642;5.647058823529412;6.363383302836906
ETO;77;90643;547.0833333333334;364.95537745898724
ETO;77;90645;150.0;
ETO;77;91259;13.944444444444445;34.9965918041814
ETO;77;91260;20.347826086956523;42.84072902322166
ETO;77;91262;9.0;13.082157969649241
ETO;77;92038;30.375;28.55020368464615
ETO;77;92039;17.458333333333332;17.487832208776446
ETO;77;92040;12.833333333333334;23.321915974162206
ETO;77;92051;24.5;33.90673482756289
ETO;83;460;36.125;219.45610527587777
ETO;83;463;8.8;18.171406109599776
ETO;83;525;0.0;0.0
ETO;83;3788;6.875;11.885615555908627
ETO;83;4098;29.0;26.239283526803852
ETO;83;4528;22.857142857142858;32.728100638878686
ETO;83;22429;52.391304347826086;110.81710531339249
ETO;83;90395;1936.9166666666667;550.8661888072406
ETO;83;90398;6.333333333333333;7.566372975210778
ETO;83;90406;9.615384615384615;29.327286672819625
ETO;83;90407;0.0;15.556349186104045
ETO;83;90412;7.5;7.0
ETO;83;90413;8.0;
ETO;83;90449;252.58333333333334;124.98901400998572
ETO;83;90450;15.153846153846153;65.3730909904146
ETO;83;90451;311.8333333333333;301.39338249950475
ETO;83;90455;55.166666666666664;43.40974311259453
ETO;83;90456;9.777777777777779;32.00303805022961
ETO;83;90457;65.8;63.668673615837164
ETO;83;90458;277.2083333333333;162.3731556220629
ETO;83;90537;20.647058823529413;119.83005736065898
ETO;83;90538;449.7916666666667;307.95143309445325
ETO;83;90539;85.33333333333333;93.59657494043097
ETO;83;90540;12.478260869565217;15.123340074856577
ETO;83;90541;2.75;3.519426606190792
ETO;83;90567;988.2083333333334;708.361304221822
ETO;83;90568;118.08333333333333;182.39849271561303
ETO;83;90586;550.7916666666666;116.85181220029389
ETO;83;90802;302.3333333333333;491.87252384143693
ETO;83;90970;29.82608695652174;20.836271202603847
ETO;83;90971;6.6875;17.533658108525632
ETO;85;3799;14.0;
ETO;86;4620;2.0;
ETO;87;9476;1.0;
ETO;87;37938;2.0;
ETO;87;37939;5.0;4.242640687119285
ETO;87;80066;2.0;0.0
ETO;87;80067;1.0;
ETO;87;80068;1.0;0.0
ETO;87;80069;1.0;
ETO;87;80070;1.3333333333333333;0.5773502691896257
ETO;87;80077;1.5;0.7071067811865476
ETO;87;80078;1.2;0.4472135954999579
ETO;87;80079;2.3333333333333335;1.6449566416599486
ETO;87;80080;4.4375;3.054368456271552
ETO;87;80081;5.409090909090909;3.445619591930365
ETO;87;80082;8.347826086956522;6.892741212531115
ETO;87;80083;14.181818181818182;9.328075204080799
ETO;87;80084;12.5;12.404876153390344
ETO;87;80085;10.909090909090908;7.0231528051634555
ETO;87;80086;5.0;5.893796917545018
ETO;87;80087;2.7142857142857144;4.121772796869205
ETO;87;80091;2.4;1.1401754250991378
ETO;87;80092;6.285714285714286;5.631543812693436
ETO;87;80093;19.125;39.92309182502734
ETO;87;80094;48.82608695652174;52.6995361148404
ETO;87;80095;75.20833333333333;59.99491222390131
ETO;87;80096;69.08695652173913;50.31348368296719
ETO;87;80097;49.125;45.27626549740277
ETO;87;80098;22.045454545454547;16.811213017414392
ETO;87;80099;7.086956521739131;5.098244292073505
ETO;88;4364;2.6666666666666665;5.033222956847166
ETO;88;37602;14.333333333333334;9.95497108360252
ETO;88;37679;5.733333333333333;4.096456075799224
ETO;88;80013;68.5;47.71218273095857
ETO;88;491607;90.0;60.2761759844165
ETO;89;2457;2.0;
ETO;89;80042;6.65;4.8152717581942515
ETO;89;80053;4.944444444444445;2.8588813571708576
ETO;95;464;-3.0;
ETO;95;22232;-9.0;9.899494936611665
ETO;95;90404;610.7916666666666;290.17880232511914
ETO;95;90496;28.125;40.8957449684162
ETO;95;90573;13.0;135.97573312911388
ETO;95;90574;17.583333333333332;21.59290677950529
ETO;95;90575;2.3333333333333335;2.3094010767585034
ETO;95;90582;0.0;
ETO;95;91019;1.6666666666666667;0.5773502691896257
ETO;95;91021;4.478260869565218;5.775099882783542
ETO;95;91022;6.208333333333333;4.9429718808114576
ETO;95;91024;1.8571428571428572;1.3451854182690985
ETO;97;22245;1.0;
ETO;97;22427;2.0;
ETO;97;91056;-4.071428571428571;74.50912622028183
ETO;101;118174;0.0;2.8284271247461903
ETO;102;4384;1.0;
ETO;102;4385;1.0;0.0
ETO;102;4553;3.111111111111111;3.6209268304000717
ETO;102;90623;6.444444444444445;7.22106576965431
ETO;102;90633;12.444444444444445;15.484759532449246
ETO;102;91002;14.23076923076923;16.87776568029591
ETO;102;91003;61.52173913043478;63.2540832783418
ETO;108;22226;-26.071428571428573;151.2560052390619
ETO;110;90257;5066.167916666666;1783.880413171093
ETO;110;90835;-9.0;
ETO;114;7213;0.0;
ETO;114;9226;0.0;
ETO;116;105;4.6875;15.413062641798351
ETO;116;108;-5.0;7.0710678118654755
ETO;116;3628;-10.0;
ETO;116;3703;2.0;3.6645015252516173
ETO;116;3709;32.6;89.01335729977708
ETO;116;4469;0.6428571428571429;1.336306209562122
ETO;116;4623;15.909090909090908;23.226943602009047
ETO;116;10245;21.88888888888889;29.948757980510035
ETO;116;35797;844.4166666666666;259.7316201249929
ETO;116;38013;17.142857142857142;23.554394999861994
ETO;116;38014;26.4;32.52208041140225
ETO;116;38015;36.0;0.0
ETO;116;38016;29.36;41.52131019127407
ETO;116;90963;133.125;198.75500892160824
ETO;116;92004;30.25;27.584717991429
ETO;116;92325;40.75;74.83937344861873
ETO;116;92326;18.727272727272727;18.017163534202098
ETO;117;37944;27.0;15.421611036351608
ETO;117;37945;45.041666666666664;38.04285817300028
ETO;117;37946;26.416666666666668;19.930131583297094
ETO;117;37947;10.736842105263158;6.108665113892249
ETO;117;37948;3.111111111111111;2.5221243250702594
ETO;117;38538;3.0;2.065591117977289
ETO;117;38539;9.0;6.7638746292343415
ETO;117;38540;11.5;7.732665623642266
ETO;117;38541;7.733333333333333;6.627504019146991
ETO;117;38542;1.6666666666666667;1.632993161855452
ETO;117;38563;40.0;66.99552223843023
ETO;117;38564;104.9090909090909;170.25944043217413
ETO;117;38565;83.0;116.96333208587885
ETO;117;38566;14.227272727272727;11.847972774886804
ETO;117;320527;184.875;156.59843757896795
ETO;117;710302;66.81818181818181;72.45598753636672
ETO;117;710303;180.5;183.85572760028057
ETO;117;710304;117.31818181818181;108.3909969744177
ETO;117;710305;27.444444444444443;27.94368753766429
ETO;117;710306;6.5;2.1213203435596424
ETO;117;710402;104.95652173913044;83.81444780035868
ETO;117;710403;238.08333333333334;185.59327121110988
ETO;117;710404;164.16666666666666;112.93078552299447
ETO;117;710405;28.217391304347824;30.746701998661035
ETO;117;710406;15.0;
ETO;117;720902;3.0;1.4142135623730951
ETO;117;720903;3.6;1.3416407864998738
ETO;117;720904;2.4;1.51657508881031
ETO;117;720905;2.5;2.1213203435596424
ETO;117;721036;6.5;4.774934554525329
ETO;117;721038;21.5;8.309240534541626
ETO;117;721040;23.818181818181817;23.394416028161533
ETO;117;721042;22.125;20.3412463813756
ETO;117;721044;14.454545454545455;9.796633400001552
ETO;117;721046;6.761904761904762;3.7537283053620425
ETO;117;721048;4.521739130434782;4.571349166447584
ETO;117;721050;3.6363636363636362;2.838053109888089
ETO;117;721052;3.076923076923077;4.009603855360661
ETO;117;729002;3.0;
ETO;117;729003;3.2;1.3038404810405297
ETO;117;729004;2.6666666666666665;0.816496580927726
ETO;117;729005;1.5;0.7071067811865476
ETO;117;729601;26.833333333333332;15.74985622202605
ETO;117;739908;20.217391304347824;13.744276566626594
ETO;117;739909;25.818181818181817;24.143689629336873
ETO;117;739910;19.217391304347824;12.221279957290331
ETO;117;739911;6.0;5.319774431308153
ETO;117;739912;2.5833333333333335;3.058767824804721
ETO;122;3140;3.3333333333333335;5.773502691896257
ETO;122;37678;0.0;0.0
ETO;122;50945;152.04166666666666;64.08586574593338
ETO;122;50950;-0.3333333333333333;0.816496580927726
ETO;122;50951;-0.5;0.7071067811865476
ETO;122;50955;0.0;1.4142135623730951
ETO;122;50956;0.0;0.0
ETO;122;50957;0.0;0.0
ETO;122;90841;1.6666666666666667;3.055050463303893
ETO;122;90845;0.0;
ETO;122;90847;-8.0;
ETO;122;90854;10.68421052631579;25.095490147255425
ETO;122;92151;18.636363636363637;37.90030211532489
ETO;122;92152;1.0;5.692099788303083
ETO;122;92159;3.6666666666666665;2.8751811537130436
ETO;122;92160;4.5;24.748737341529164
ETO;122;92161;1.6;1.3416407864998738
ETO;122;92405;-33.0;162.9645806470061
ETO;131;442;0.0;
ETO;131;3458;21.666666666666668;19.066447276949784
ETO;131;3856;8.176470588235293;14.165253678092244
ETO;131;22278;56.041666666666664;30.526509031056737
ETO;131;37603;10.222222222222221;6.949867163822
ETO;131;37791;3.761904761904762;7.408810713635231
ETO;131;37792;4.666666666666667;10.661457061146317
ETO;131;37805;15.9;11.177515023710018
ETO;131;37810;1.25;2.5
ETO;131;80000;1.6;0.8944271909999159
ETO;131;80001;1.0;0.0
ETO;131;80121;63.23809523809524;45.71422619043743
ETO;131;80124;4.5;3.9510898637098992
ETO;131;80125;3.8333333333333335;2.0816659994661326
ETO;131;80126;26.61904761904762;15.872857935722195
ETO;131;80127;23.40909090909091;17.83431441246819
ETO;131;80128;5.7;4.164666186436129
ETO;131;80129;25.692307692307693;24.66571377230823
ETO;131;80131;5.933333333333334;4.542917040635371
ETO;131;80132;299.15;505.96871912880357
ETO;131;80133;5.875;4.120939559996343
ETO;131;80136;5.444444444444445;3.5039660069381062
ETO;131;80138;5.181818181818182;3.6556307750696546
ETO;131;80141;6.4;1.9493588689617927
ETO;131;80143;9.8;8.495376894018804
ETO;131;80144;9.0;5.0990195135927845
ETO;131;80145;14.894736842105264;6.935374193558583
ETO;131;80146;9.133333333333333;4.421807430495018
ETO;131;80147;11.2;6.773899488899602
ETO;131;80148;9.428571428571429;7.913219801006896
ETO;131;80149;7.846153846153846;7.081032808921707
ETO;131;80151;15.142857142857142;14.484803202305644
ETO;131;80184;3.8333333333333335;1.3291601358251257
ETO;131;80209;9.333333333333334;9.71253485622231
ETO;131;90635;3.6666666666666665;1.8708286933869707
ETO;131;291425;19.1875;12.666063582134216
ETO;131;291450;18.941176470588236;17.728756965151614
ETO;131;491602;43.78947368421053;28.461629037800698
ETO;131;491608;18.0;10.198039027185569
ETO;131;680731;9.75;10.695156082842532
ETO;131;680733;13.615384615384615;13.580245834412457
ETO;147;292;10.857142857142858;8.168755806643471
ETO;147;451;753.0;333.8022064688583
ETO;147;3225;1.5;0.7071067811865476
ETO;147;3631;82.75;32.64599316248807
ETO;147;22244;1.0;
ETO;147;37864;129.125;109.92737226875317
ETO;147;37865;15.583333333333334;8.948726733168666
ETO;147;37866;44.125;45.45357162988453
ETO;147;42767;1.0;0.0
ETO;147;42773;12.208333333333334;5.524484368357999
ETO;147;42774;46.208333333333336;9.895010453964053
ETO;147;42775;2.1176470588235294;1.536324873731809
ETO;147;42780;59.0;40.0
ETO;147;42816;196.20833333333334;69.90426942653768
ETO;147;42825;3685.9166666666665;1135.4745767707677
ETO;147;42826;428.0;135.02044933687057
ETO;147;42834;1.0;
ETO;147;42839;293.125;87.28928043156772
ETO;147;42840;60.041666666666664;47.42635404467662
ETO;149;37957;68.66666666666667;36.72893263836594
ETO;163;90546;0.0;4.242640687119285
ETO;163;90551;15.5;10.450712478312079
ETO;163;90552;2.0;
ETO;163;90553;4.136363636363637;14.243780445699148
ETO;163;90554;150.20833333333334;87.46426806648414
ETO;163;90555;0.0;3.4641016151377544
ETO;163;90556;135.29166666666666;72.20470848591684
ETO;163;590553;-17.0;
ETO;174;346;3.4545454545454546;3.4745830358083647
ETO;174;431;2.0;
ETO;174;8391;2.25;0.9574271077563381
ETO;174;37875;10.4;9.201830481514333
ETO;174;37876;16.791666666666668;6.379172405548399
ETO;174;37877;7.3125;4.3927022814360335
ETO;174;37973;3.0;
ETO;174;38551;3.0;0.0
ETO;174;38552;6.0;5.196152422706632
ETO;174;91308;6.5;7.694153624668538
ETO;174;91310;9.823529411764707;8.776640118217555
ETO;174;91311;4.333333333333333;5.354126134736337
ETO;174;91313;4.8;6.4367366691024746
ETO;174;91511;3.0;
ETO;174;91512;9.0;9.327379053088816
ETO;174;91513;3.0;0.0
ETO;174;91514;9.0;0.0
ETO;174;91515;3.0;
ETO;174;91517;3.0;
ETO;174;91525;4.5;1.7320508075688772
ETO;174;91526;5.571428571428571;4.3915503282684
ETO;174;91527;8.571428571428571;7.828519290754433
ETO;174;91528;5.4;5.366563145999495
ETO;174;91529;7.0;3.4641016151377544
ETO;174;91531;3.0;
ETO;174;91532;3.0;0.0
ETO;174;91536;1.0;
ETO;174;91544;2.75;0.5
ETO;174;91545;3.0;0.0
ETO;174;91546;7.0;7.014271166700073
ETO;174;91547;3.0;8.48528137423857
